2025-08-10 02:06:57,884 - TCMGraphTest - INFO - 日志将保存到: tests/logs/tcm_graph_test_20250810_020657.log
2025-08-10 02:06:57,885 - TCMGraphTest - INFO - ================================================================================
2025-08-10 02:06:57,886 - TCMGraphTest - INFO - 中医智能对话系统LangGraph测试
2025-08-10 02:06:57,887 - TCMGraphTest - INFO - ================================================================================
2025-08-10 02:06:57,887 - TCMGraphTest - INFO - 开始中医智能对话系统图测试
2025-08-10 02:06:57,887 - TCMGraphTest - INFO - 执行测试 1/12
2025-08-10 02:06:57,887 - TCMGraphTest - INFO - 测试用例: 完整诊断流程 - 典型症状
2025-08-10 02:06:57,887 - TCMGraphTest - INFO - 用户输入: 医生，我最近总是感到头晕目眩，还有腰膝酸软，晚上失眠多梦，手心脚心发热，请帮我看看是什么问题？
2025-08-10 02:06:57,887 - graph - INFO - 开始处理用户输入: 医生，我最近总是感到头晕目眩，还有腰膝酸软，晚上失眠多梦，手心脚心发热，请帮我看看是什么问题？
2025-08-10 02:06:57,888 - graph - INFO - 开始创建中医智能对话系统图...
2025-08-10 02:06:57,888 - nodes.c_rag_retrieval_node - INFO - 初始化RAG检索节点
2025-08-10 02:06:57,888 - RAG_system.embedding_model - INFO - 检测到GPU设备: NVIDIA GeForce RTX 4070 Laptop GPU, 共 1 个GPU
2025-08-10 02:06:57,888 - RAG_system.embedding_model - INFO - 嵌入模型管理器初始化成功，使用设备: cuda
2025-08-10 02:06:57,889 - RAG_system.retriever - INFO - 检索管理器初始化成功
2025-08-10 02:06:57,889 - RAG_system.embedding_model - INFO - 检测到GPU设备: NVIDIA GeForce RTX 4070 Laptop GPU, 共 1 个GPU
2025-08-10 02:06:57,889 - RAG_system.rag_manager - INFO - RAG管理器初始化成功，使用设备: cuda
2025-08-10 02:06:57,889 - RAG_system.rag_manager - INFO - 正在启动RAG管理器
2025-08-10 02:06:57,890 - RAG_system.rag_manager - INFO - 发现本地嵌入模型信息，正在加载
2025-08-10 02:06:57,890 - RAG_system.embedding_model - INFO - 正在加载嵌入模型: sentence-transformers/paraphrase-multilingual-MiniLM-L12-v2
2025-08-10 02:06:57,891 - RAG_system.embedding_model - INFO - 从本地加载嵌入模型: RAG_system/model\sentence-transformers_paraphrase-multilingual-MiniLM-L12-v2
2025-08-10 02:06:57,893 - sentence_transformers.SentenceTransformer - INFO - Load pretrained SentenceTransformer: RAG_system/model\sentence-transformers_paraphrase-multilingual-MiniLM-L12-v2
2025-08-10 02:06:57,893 - sentence_transformers.SentenceTransformer - WARNING - No sentence-transformers model found with name RAG_system/model\sentence-transformers_paraphrase-multilingual-MiniLM-L12-v2. Creating a new one with mean pooling.
2025-08-10 02:06:58,785 - RAG_system.embedding_model - INFO - 正在保存嵌入模型信息
2025-08-10 02:06:58,788 - RAG_system.embedding_model - INFO - 嵌入模型信息已保存到: RAG_system/model\model_info.json
2025-08-10 02:06:58,789 - RAG_system.embedding_model - INFO - 嵌入模型加载成功，使用设备: cuda
2025-08-10 02:06:58,789 - RAG_system.vector_store - INFO - 向量存储管理器初始化成功
2025-08-10 02:06:58,789 - RAG_system.rag_manager - INFO - 检查向量存储路径: RAG_system/RAG/vector_store\index.faiss
2025-08-10 02:06:58,789 - RAG_system.rag_manager - INFO - 发现本地向量存储，正在加载
2025-08-10 02:06:58,789 - RAG_system.vector_store - INFO - 正在从路径加载向量存储: vector_store
2025-08-10 02:07:25,090 - RAG_system.vector_store - INFO - 向量存储加载成功
2025-08-10 02:07:25,091 - RAG_system.retriever - INFO - 正在创建检索器
2025-08-10 02:07:25,091 - RAG_system.retriever - INFO - 检索器创建成功
2025-08-10 02:07:25,092 - RAG_system.rag_manager - INFO - RAG管理器启动成功
2025-08-10 02:07:25,092 - nodes.c_rag_retrieval_node - INFO - RAG检索节点初始化完成
2025-08-10 02:07:25,092 - graph - INFO - 添加所有节点...
2025-08-10 02:07:25,095 - graph - INFO - 配置节点间的路由逻辑...
2025-08-10 02:07:25,097 - TCMGraphTest - ERROR - 测试用例执行失败: StateGraph.add_edge() got an unexpected keyword argument 'condition'
Traceback (most recent call last):
  File "F:\Files\比赛\挑战杯++\专项赛3\AI chatbot\V2\tests\graph_test.py", line 231, in run_test_case
    result = run_tcm_graph(
             ^^^^^^^^^^^^^^
  File "F:\Files\比赛\挑战杯++\专项赛3\AI chatbot\V2\graph.py", line 200, in run_tcm_graph
    app = create_tcm_graph()
          ^^^^^^^^^^^^^^^^^^
  File "F:\Files\比赛\挑战杯++\专项赛3\AI chatbot\V2\graph.py", line 111, in create_tcm_graph
    graph.add_edge("input", "safety_guard", condition=lambda x: not x.get("error"))
TypeError: StateGraph.add_edge() got an unexpected keyword argument 'condition'
2025-08-10 02:07:25,222 - TCMGraphTest - INFO - ------------------------------------------------------------
2025-08-10 02:07:25,222 - TCMGraphTest - INFO - 执行测试 2/12
2025-08-10 02:07:25,223 - TCMGraphTest - INFO - 测试用例: 需要追问的诊断流程 - 症状不足
2025-08-10 02:07:25,223 - TCMGraphTest - INFO - 用户输入: 我咳嗽
2025-08-10 02:07:25,223 - graph - INFO - 开始处理用户输入: 我咳嗽
2025-08-10 02:07:25,224 - graph - INFO - 开始创建中医智能对话系统图...
2025-08-10 02:07:25,224 - nodes.c_rag_retrieval_node - INFO - 初始化RAG检索节点
2025-08-10 02:07:25,224 - RAG_system.embedding_model - INFO - 检测到GPU设备: NVIDIA GeForce RTX 4070 Laptop GPU, 共 1 个GPU
2025-08-10 02:07:25,225 - RAG_system.embedding_model - INFO - 嵌入模型管理器初始化成功，使用设备: cuda
2025-08-10 02:07:25,225 - RAG_system.retriever - INFO - 检索管理器初始化成功
2025-08-10 02:07:25,225 - RAG_system.embedding_model - INFO - 检测到GPU设备: NVIDIA GeForce RTX 4070 Laptop GPU, 共 1 个GPU
2025-08-10 02:07:25,225 - RAG_system.rag_manager - INFO - RAG管理器初始化成功，使用设备: cuda
2025-08-10 02:07:25,225 - RAG_system.rag_manager - INFO - 正在启动RAG管理器
2025-08-10 02:07:25,225 - RAG_system.rag_manager - INFO - 发现本地嵌入模型信息，正在加载
2025-08-10 02:07:25,227 - RAG_system.embedding_model - INFO - 正在加载嵌入模型: sentence-transformers/paraphrase-multilingual-MiniLM-L12-v2
2025-08-10 02:07:25,228 - RAG_system.embedding_model - INFO - 从本地加载嵌入模型: RAG_system/model\sentence-transformers_paraphrase-multilingual-MiniLM-L12-v2
2025-08-10 02:07:25,232 - sentence_transformers.SentenceTransformer - INFO - Load pretrained SentenceTransformer: RAG_system/model\sentence-transformers_paraphrase-multilingual-MiniLM-L12-v2
2025-08-10 02:07:25,232 - sentence_transformers.SentenceTransformer - WARNING - No sentence-transformers model found with name RAG_system/model\sentence-transformers_paraphrase-multilingual-MiniLM-L12-v2. Creating a new one with mean pooling.
2025-08-10 02:07:38,563 - RAG_system.embedding_model - INFO - 正在保存嵌入模型信息
2025-08-10 02:07:38,565 - RAG_system.embedding_model - INFO - 嵌入模型信息已保存到: RAG_system/model\model_info.json
2025-08-10 02:07:38,565 - RAG_system.embedding_model - INFO - 嵌入模型加载成功，使用设备: cuda
2025-08-10 02:07:38,566 - RAG_system.vector_store - INFO - 向量存储管理器初始化成功
2025-08-10 02:07:38,566 - RAG_system.rag_manager - INFO - 检查向量存储路径: RAG_system/RAG/vector_store\index.faiss
2025-08-10 02:07:38,566 - RAG_system.rag_manager - INFO - 发现本地向量存储，正在加载
2025-08-10 02:07:38,566 - RAG_system.vector_store - INFO - 正在从路径加载向量存储: vector_store
2025-08-10 02:07:45,008 - RAG_system.vector_store - INFO - 向量存储加载成功
2025-08-10 02:07:45,009 - RAG_system.retriever - INFO - 正在创建检索器
2025-08-10 02:07:45,010 - RAG_system.retriever - INFO - 检索器创建成功
2025-08-10 02:07:45,011 - RAG_system.rag_manager - INFO - RAG管理器启动成功
2025-08-10 02:07:45,011 - nodes.c_rag_retrieval_node - INFO - RAG检索节点初始化完成
2025-08-10 02:07:45,011 - graph - INFO - 添加所有节点...
2025-08-10 02:07:45,014 - graph - INFO - 配置节点间的路由逻辑...
2025-08-10 02:07:45,014 - TCMGraphTest - ERROR - 测试用例执行失败: StateGraph.add_edge() got an unexpected keyword argument 'condition'
Traceback (most recent call last):
  File "F:\Files\比赛\挑战杯++\专项赛3\AI chatbot\V2\tests\graph_test.py", line 231, in run_test_case
    result = run_tcm_graph(
             ^^^^^^^^^^^^^^
  File "F:\Files\比赛\挑战杯++\专项赛3\AI chatbot\V2\graph.py", line 200, in run_tcm_graph
    app = create_tcm_graph()
          ^^^^^^^^^^^^^^^^^^
  File "F:\Files\比赛\挑战杯++\专项赛3\AI chatbot\V2\graph.py", line 111, in create_tcm_graph
    graph.add_edge("input", "safety_guard", condition=lambda x: not x.get("error"))
TypeError: StateGraph.add_edge() got an unexpected keyword argument 'condition'
2025-08-10 02:07:45,131 - TCMGraphTest - INFO - ------------------------------------------------------------
2025-08-10 02:07:45,131 - TCMGraphTest - INFO - 执行测试 3/12
2025-08-10 02:07:45,131 - TCMGraphTest - INFO - 测试用例: 典型脾虚证诊断
2025-08-10 02:07:45,132 - TCMGraphTest - INFO - 用户输入: 我最近总是感到疲乏无力，不想吃饭，大便也不成形，容易腹胀，请医生帮我诊断一下。
2025-08-10 02:07:45,133 - graph - INFO - 开始处理用户输入: 我最近总是感到疲乏无力，不想吃饭，大便也不成形，容易腹胀，请医生帮我诊断一下。
2025-08-10 02:07:45,133 - graph - INFO - 开始创建中医智能对话系统图...
2025-08-10 02:07:45,134 - nodes.c_rag_retrieval_node - INFO - 初始化RAG检索节点
2025-08-10 02:07:45,134 - RAG_system.embedding_model - INFO - 检测到GPU设备: NVIDIA GeForce RTX 4070 Laptop GPU, 共 1 个GPU
2025-08-10 02:07:45,134 - RAG_system.embedding_model - INFO - 嵌入模型管理器初始化成功，使用设备: cuda
2025-08-10 02:07:45,134 - RAG_system.retriever - INFO - 检索管理器初始化成功
2025-08-10 02:07:45,135 - RAG_system.embedding_model - INFO - 检测到GPU设备: NVIDIA GeForce RTX 4070 Laptop GPU, 共 1 个GPU
2025-08-10 02:07:45,135 - RAG_system.rag_manager - INFO - RAG管理器初始化成功，使用设备: cuda
2025-08-10 02:07:45,135 - RAG_system.rag_manager - INFO - 正在启动RAG管理器
2025-08-10 02:07:45,135 - RAG_system.rag_manager - INFO - 发现本地嵌入模型信息，正在加载
2025-08-10 02:07:45,137 - RAG_system.embedding_model - INFO - 正在加载嵌入模型: sentence-transformers/paraphrase-multilingual-MiniLM-L12-v2
2025-08-10 02:07:45,137 - RAG_system.embedding_model - INFO - 从本地加载嵌入模型: RAG_system/model\sentence-transformers_paraphrase-multilingual-MiniLM-L12-v2
2025-08-10 02:07:45,140 - sentence_transformers.SentenceTransformer - INFO - Load pretrained SentenceTransformer: RAG_system/model\sentence-transformers_paraphrase-multilingual-MiniLM-L12-v2
2025-08-10 02:07:45,140 - sentence_transformers.SentenceTransformer - WARNING - No sentence-transformers model found with name RAG_system/model\sentence-transformers_paraphrase-multilingual-MiniLM-L12-v2. Creating a new one with mean pooling.
2025-08-10 02:07:52,152 - RAG_system.embedding_model - INFO - 正在保存嵌入模型信息
2025-08-10 02:07:52,156 - RAG_system.embedding_model - INFO - 嵌入模型信息已保存到: RAG_system/model\model_info.json
2025-08-10 02:07:52,157 - RAG_system.embedding_model - INFO - 嵌入模型加载成功，使用设备: cuda
2025-08-10 02:07:52,157 - RAG_system.vector_store - INFO - 向量存储管理器初始化成功
2025-08-10 02:07:52,158 - RAG_system.rag_manager - INFO - 检查向量存储路径: RAG_system/RAG/vector_store\index.faiss
2025-08-10 02:07:52,158 - RAG_system.rag_manager - INFO - 发现本地向量存储，正在加载
2025-08-10 02:07:52,158 - RAG_system.vector_store - INFO - 正在从路径加载向量存储: vector_store
2025-08-10 02:07:58,866 - RAG_system.vector_store - INFO - 向量存储加载成功
2025-08-10 02:07:58,866 - RAG_system.retriever - INFO - 正在创建检索器
2025-08-10 02:07:58,866 - RAG_system.retriever - INFO - 检索器创建成功
2025-08-10 02:07:58,867 - RAG_system.rag_manager - INFO - RAG管理器启动成功
2025-08-10 02:07:58,867 - nodes.c_rag_retrieval_node - INFO - RAG检索节点初始化完成
2025-08-10 02:07:58,867 - graph - INFO - 添加所有节点...
2025-08-10 02:07:58,870 - graph - INFO - 配置节点间的路由逻辑...
2025-08-10 02:07:58,870 - TCMGraphTest - ERROR - 测试用例执行失败: StateGraph.add_edge() got an unexpected keyword argument 'condition'
Traceback (most recent call last):
  File "F:\Files\比赛\挑战杯++\专项赛3\AI chatbot\V2\tests\graph_test.py", line 231, in run_test_case
    result = run_tcm_graph(
             ^^^^^^^^^^^^^^
  File "F:\Files\比赛\挑战杯++\专项赛3\AI chatbot\V2\graph.py", line 200, in run_tcm_graph
    app = create_tcm_graph()
          ^^^^^^^^^^^^^^^^^^
  File "F:\Files\比赛\挑战杯++\专项赛3\AI chatbot\V2\graph.py", line 111, in create_tcm_graph
    graph.add_edge("input", "safety_guard", condition=lambda x: not x.get("error"))
TypeError: StateGraph.add_edge() got an unexpected keyword argument 'condition'
2025-08-10 02:07:58,998 - TCMGraphTest - INFO - ------------------------------------------------------------
2025-08-10 02:07:58,998 - TCMGraphTest - INFO - 执行测试 4/12
2025-08-10 02:07:58,998 - TCMGraphTest - INFO - 测试用例: 肝郁气滞证诊断
2025-08-10 02:07:58,999 - TCMGraphTest - INFO - 用户输入: 医生，我胸胁部位经常胀痛，心情抑郁，容易生气，还经常嗳气，这是怎么回事？
2025-08-10 02:07:58,999 - graph - INFO - 开始处理用户输入: 医生，我胸胁部位经常胀痛，心情抑郁，容易生气，还经常嗳气，这是怎么回事？
2025-08-10 02:07:58,999 - graph - INFO - 开始创建中医智能对话系统图...
2025-08-10 02:07:58,999 - nodes.c_rag_retrieval_node - INFO - 初始化RAG检索节点
2025-08-10 02:07:59,000 - RAG_system.embedding_model - INFO - 检测到GPU设备: NVIDIA GeForce RTX 4070 Laptop GPU, 共 1 个GPU
2025-08-10 02:07:59,000 - RAG_system.embedding_model - INFO - 嵌入模型管理器初始化成功，使用设备: cuda
2025-08-10 02:07:59,000 - RAG_system.retriever - INFO - 检索管理器初始化成功
2025-08-10 02:07:59,000 - RAG_system.embedding_model - INFO - 检测到GPU设备: NVIDIA GeForce RTX 4070 Laptop GPU, 共 1 个GPU
2025-08-10 02:07:59,000 - RAG_system.rag_manager - INFO - RAG管理器初始化成功，使用设备: cuda
2025-08-10 02:07:59,000 - RAG_system.rag_manager - INFO - 正在启动RAG管理器
2025-08-10 02:07:59,001 - RAG_system.rag_manager - INFO - 发现本地嵌入模型信息，正在加载
2025-08-10 02:07:59,002 - RAG_system.embedding_model - INFO - 正在加载嵌入模型: sentence-transformers/paraphrase-multilingual-MiniLM-L12-v2
2025-08-10 02:07:59,002 - RAG_system.embedding_model - INFO - 从本地加载嵌入模型: RAG_system/model\sentence-transformers_paraphrase-multilingual-MiniLM-L12-v2
2025-08-10 02:07:59,005 - sentence_transformers.SentenceTransformer - INFO - Load pretrained SentenceTransformer: RAG_system/model\sentence-transformers_paraphrase-multilingual-MiniLM-L12-v2
2025-08-10 02:07:59,005 - sentence_transformers.SentenceTransformer - WARNING - No sentence-transformers model found with name RAG_system/model\sentence-transformers_paraphrase-multilingual-MiniLM-L12-v2. Creating a new one with mean pooling.
2025-08-10 02:08:10,166 - RAG_system.embedding_model - INFO - 正在保存嵌入模型信息
2025-08-10 02:08:10,169 - RAG_system.embedding_model - INFO - 嵌入模型信息已保存到: RAG_system/model\model_info.json
2025-08-10 02:08:10,169 - RAG_system.embedding_model - INFO - 嵌入模型加载成功，使用设备: cuda
2025-08-10 02:08:10,170 - RAG_system.vector_store - INFO - 向量存储管理器初始化成功
2025-08-10 02:08:10,170 - RAG_system.rag_manager - INFO - 检查向量存储路径: RAG_system/RAG/vector_store\index.faiss
2025-08-10 02:08:10,170 - RAG_system.rag_manager - INFO - 发现本地向量存储，正在加载
2025-08-10 02:08:10,171 - RAG_system.vector_store - INFO - 正在从路径加载向量存储: vector_store
2025-08-10 02:08:18,714 - RAG_system.vector_store - INFO - 向量存储加载成功
2025-08-10 02:08:18,714 - RAG_system.retriever - INFO - 正在创建检索器
2025-08-10 02:08:18,714 - RAG_system.retriever - INFO - 检索器创建成功
2025-08-10 02:08:18,714 - RAG_system.rag_manager - INFO - RAG管理器启动成功
2025-08-10 02:08:18,716 - nodes.c_rag_retrieval_node - INFO - RAG检索节点初始化完成
2025-08-10 02:08:18,716 - graph - INFO - 添加所有节点...
2025-08-10 02:08:18,718 - graph - INFO - 配置节点间的路由逻辑...
2025-08-10 02:08:18,719 - TCMGraphTest - ERROR - 测试用例执行失败: StateGraph.add_edge() got an unexpected keyword argument 'condition'
Traceback (most recent call last):
  File "F:\Files\比赛\挑战杯++\专项赛3\AI chatbot\V2\tests\graph_test.py", line 231, in run_test_case
    result = run_tcm_graph(
             ^^^^^^^^^^^^^^
  File "F:\Files\比赛\挑战杯++\专项赛3\AI chatbot\V2\graph.py", line 200, in run_tcm_graph
    app = create_tcm_graph()
          ^^^^^^^^^^^^^^^^^^
  File "F:\Files\比赛\挑战杯++\专项赛3\AI chatbot\V2\graph.py", line 111, in create_tcm_graph
    graph.add_edge("input", "safety_guard", condition=lambda x: not x.get("error"))
TypeError: StateGraph.add_edge() got an unexpected keyword argument 'condition'
2025-08-10 02:08:18,856 - TCMGraphTest - INFO - ------------------------------------------------------------
2025-08-10 02:08:18,857 - TCMGraphTest - INFO - 执行测试 5/12
2025-08-10 02:08:18,857 - TCMGraphTest - INFO - 测试用例: 一般咨询 - 非诊断意图
2025-08-10 02:08:18,857 - TCMGraphTest - INFO - 用户输入: 请问中医的基本理论是什么？
2025-08-10 02:08:18,858 - graph - INFO - 开始处理用户输入: 请问中医的基本理论是什么？
2025-08-10 02:08:18,858 - graph - INFO - 开始创建中医智能对话系统图...
2025-08-10 02:08:18,858 - nodes.c_rag_retrieval_node - INFO - 初始化RAG检索节点
2025-08-10 02:08:18,859 - RAG_system.embedding_model - INFO - 检测到GPU设备: NVIDIA GeForce RTX 4070 Laptop GPU, 共 1 个GPU
2025-08-10 02:08:18,859 - RAG_system.embedding_model - INFO - 嵌入模型管理器初始化成功，使用设备: cuda
2025-08-10 02:08:18,860 - RAG_system.retriever - INFO - 检索管理器初始化成功
2025-08-10 02:08:18,860 - RAG_system.embedding_model - INFO - 检测到GPU设备: NVIDIA GeForce RTX 4070 Laptop GPU, 共 1 个GPU
2025-08-10 02:08:18,860 - RAG_system.rag_manager - INFO - RAG管理器初始化成功，使用设备: cuda
2025-08-10 02:08:18,860 - RAG_system.rag_manager - INFO - 正在启动RAG管理器
2025-08-10 02:08:18,860 - RAG_system.rag_manager - INFO - 发现本地嵌入模型信息，正在加载
2025-08-10 02:08:18,862 - RAG_system.embedding_model - INFO - 正在加载嵌入模型: sentence-transformers/paraphrase-multilingual-MiniLM-L12-v2
2025-08-10 02:08:18,863 - RAG_system.embedding_model - INFO - 从本地加载嵌入模型: RAG_system/model\sentence-transformers_paraphrase-multilingual-MiniLM-L12-v2
2025-08-10 02:08:18,865 - sentence_transformers.SentenceTransformer - INFO - Load pretrained SentenceTransformer: RAG_system/model\sentence-transformers_paraphrase-multilingual-MiniLM-L12-v2
2025-08-10 02:08:18,866 - sentence_transformers.SentenceTransformer - WARNING - No sentence-transformers model found with name RAG_system/model\sentence-transformers_paraphrase-multilingual-MiniLM-L12-v2. Creating a new one with mean pooling.
2025-08-10 02:08:29,354 - RAG_system.embedding_model - INFO - 正在保存嵌入模型信息
2025-08-10 02:08:29,358 - RAG_system.embedding_model - INFO - 嵌入模型信息已保存到: RAG_system/model\model_info.json
2025-08-10 02:08:29,358 - RAG_system.embedding_model - INFO - 嵌入模型加载成功，使用设备: cuda
2025-08-10 02:08:29,358 - RAG_system.vector_store - INFO - 向量存储管理器初始化成功
2025-08-10 02:08:29,359 - RAG_system.rag_manager - INFO - 检查向量存储路径: RAG_system/RAG/vector_store\index.faiss
2025-08-10 02:08:29,359 - RAG_system.rag_manager - INFO - 发现本地向量存储，正在加载
2025-08-10 02:08:29,360 - RAG_system.vector_store - INFO - 正在从路径加载向量存储: vector_store
2025-08-10 02:12:31,718 - TCMGraphTest - INFO - 日志将保存到: tests/logs/tcm_graph_test_20250810_021231.log
2025-08-10 02:12:31,719 - TCMGraphTest - INFO - ================================================================================
2025-08-10 02:12:31,719 - TCMGraphTest - INFO - 中医智能对话系统LangGraph测试
2025-08-10 02:12:31,719 - TCMGraphTest - INFO - ================================================================================
2025-08-10 02:12:31,721 - TCMGraphTest - INFO - 开始中医智能对话系统图测试
2025-08-10 02:12:31,721 - TCMGraphTest - INFO - 执行测试 1/12
2025-08-10 02:12:31,722 - TCMGraphTest - INFO - 测试用例: 完整诊断流程 - 典型症状
2025-08-10 02:12:31,722 - TCMGraphTest - INFO - 用户输入: 医生，我最近总是感到头晕目眩，还有腰膝酸软，晚上失眠多梦，手心脚心发热，请帮我看看是什么问题？
2025-08-10 02:12:31,722 - graph - INFO - 开始处理用户输入: 医生，我最近总是感到头晕目眩，还有腰膝酸软，晚上失眠多梦，手心脚心发热，请帮我看看是什么问题？
2025-08-10 02:12:31,723 - graph - INFO - 开始创建中医智能对话系统图...
2025-08-10 02:12:31,723 - nodes.c_rag_retrieval_node - INFO - 初始化RAG检索节点
2025-08-10 02:12:31,723 - RAG_system.embedding_model - INFO - 检测到GPU设备: NVIDIA GeForce RTX 4070 Laptop GPU, 共 1 个GPU
2025-08-10 02:12:31,724 - RAG_system.embedding_model - INFO - 嵌入模型管理器初始化成功，使用设备: cuda
2025-08-10 02:12:31,724 - RAG_system.retriever - INFO - 检索管理器初始化成功
2025-08-10 02:12:31,725 - RAG_system.embedding_model - INFO - 检测到GPU设备: NVIDIA GeForce RTX 4070 Laptop GPU, 共 1 个GPU
2025-08-10 02:12:31,725 - RAG_system.rag_manager - INFO - RAG管理器初始化成功，使用设备: cuda
2025-08-10 02:12:31,725 - RAG_system.rag_manager - INFO - 正在启动RAG管理器
2025-08-10 02:12:31,725 - RAG_system.rag_manager - INFO - 发现本地嵌入模型信息，正在加载
2025-08-10 02:12:31,726 - RAG_system.embedding_model - INFO - 正在加载嵌入模型: sentence-transformers/paraphrase-multilingual-MiniLM-L12-v2
2025-08-10 02:12:31,727 - RAG_system.embedding_model - INFO - 从本地加载嵌入模型: RAG_system/model\sentence-transformers_paraphrase-multilingual-MiniLM-L12-v2
2025-08-10 02:12:31,729 - sentence_transformers.SentenceTransformer - INFO - Load pretrained SentenceTransformer: RAG_system/model\sentence-transformers_paraphrase-multilingual-MiniLM-L12-v2
2025-08-10 02:12:31,730 - sentence_transformers.SentenceTransformer - WARNING - No sentence-transformers model found with name RAG_system/model\sentence-transformers_paraphrase-multilingual-MiniLM-L12-v2. Creating a new one with mean pooling.
2025-08-10 02:12:32,661 - RAG_system.embedding_model - INFO - 正在保存嵌入模型信息
2025-08-10 02:12:32,664 - RAG_system.embedding_model - INFO - 嵌入模型信息已保存到: RAG_system/model\model_info.json
2025-08-10 02:12:32,664 - RAG_system.embedding_model - INFO - 嵌入模型加载成功，使用设备: cuda
2025-08-10 02:12:32,665 - RAG_system.vector_store - INFO - 向量存储管理器初始化成功
2025-08-10 02:12:32,665 - RAG_system.rag_manager - INFO - 检查向量存储路径: RAG_system/RAG/vector_store\index.faiss
2025-08-10 02:12:32,665 - RAG_system.rag_manager - INFO - 发现本地向量存储，正在加载
2025-08-10 02:12:32,665 - RAG_system.vector_store - INFO - 正在从路径加载向量存储: vector_store
2025-08-10 02:12:59,085 - RAG_system.vector_store - INFO - 向量存储加载成功
2025-08-10 02:12:59,086 - RAG_system.retriever - INFO - 正在创建检索器
2025-08-10 02:12:59,086 - RAG_system.retriever - INFO - 检索器创建成功
2025-08-10 02:12:59,086 - RAG_system.rag_manager - INFO - RAG管理器启动成功
2025-08-10 02:12:59,087 - nodes.c_rag_retrieval_node - INFO - RAG检索节点初始化完成
2025-08-10 02:12:59,087 - graph - INFO - 添加所有节点...
2025-08-10 02:12:59,090 - graph - INFO - 配置节点间的路由逻辑...
2025-08-10 02:12:59,091 - graph - INFO - 编译图...
2025-08-10 02:12:59,091 - TCMGraphTest - ERROR - 测试用例执行失败: Graph must have an entrypoint: add at least one edge from START to another node
Traceback (most recent call last):
  File "F:\Files\比赛\挑战杯++\专项赛3\AI chatbot\V2\tests\graph_test.py", line 231, in run_test_case
    result = run_tcm_graph(
             ^^^^^^^^^^^^^^
  File "F:\Files\比赛\挑战杯++\专项赛3\AI chatbot\V2\graph.py", line 189, in run_tcm_graph
    app = create_tcm_graph()
          ^^^^^^^^^^^^^^^^^^
  File "F:\Files\比赛\挑战杯++\专项赛3\AI chatbot\V2\graph.py", line 161, in create_tcm_graph
    app = graph.compile()
          ^^^^^^^^^^^^^^^
  File "D:\anaconda\Lib\site-packages\langgraph\graph\state.py", line 829, in compile
    self.validate(
  File "D:\anaconda\Lib\site-packages\langgraph\graph\state.py", line 759, in validate
    raise ValueError(
ValueError: Graph must have an entrypoint: add at least one edge from START to another node
2025-08-10 02:12:59,217 - TCMGraphTest - INFO - ------------------------------------------------------------
2025-08-10 02:12:59,218 - TCMGraphTest - INFO - 执行测试 2/12
2025-08-10 02:12:59,218 - TCMGraphTest - INFO - 测试用例: 需要追问的诊断流程 - 症状不足
2025-08-10 02:12:59,219 - TCMGraphTest - INFO - 用户输入: 我咳嗽
2025-08-10 02:12:59,219 - graph - INFO - 开始处理用户输入: 我咳嗽
2025-08-10 02:12:59,219 - graph - INFO - 开始创建中医智能对话系统图...
2025-08-10 02:12:59,219 - nodes.c_rag_retrieval_node - INFO - 初始化RAG检索节点
2025-08-10 02:12:59,220 - RAG_system.embedding_model - INFO - 检测到GPU设备: NVIDIA GeForce RTX 4070 Laptop GPU, 共 1 个GPU
2025-08-10 02:12:59,220 - RAG_system.embedding_model - INFO - 嵌入模型管理器初始化成功，使用设备: cuda
2025-08-10 02:12:59,220 - RAG_system.retriever - INFO - 检索管理器初始化成功
2025-08-10 02:12:59,220 - RAG_system.embedding_model - INFO - 检测到GPU设备: NVIDIA GeForce RTX 4070 Laptop GPU, 共 1 个GPU
2025-08-10 02:12:59,221 - RAG_system.rag_manager - INFO - RAG管理器初始化成功，使用设备: cuda
2025-08-10 02:12:59,221 - RAG_system.rag_manager - INFO - 正在启动RAG管理器
2025-08-10 02:12:59,221 - RAG_system.rag_manager - INFO - 发现本地嵌入模型信息，正在加载
2025-08-10 02:12:59,223 - RAG_system.embedding_model - INFO - 正在加载嵌入模型: sentence-transformers/paraphrase-multilingual-MiniLM-L12-v2
2025-08-10 02:12:59,223 - RAG_system.embedding_model - INFO - 从本地加载嵌入模型: RAG_system/model\sentence-transformers_paraphrase-multilingual-MiniLM-L12-v2
2025-08-10 02:12:59,225 - sentence_transformers.SentenceTransformer - INFO - Load pretrained SentenceTransformer: RAG_system/model\sentence-transformers_paraphrase-multilingual-MiniLM-L12-v2
2025-08-10 02:12:59,225 - sentence_transformers.SentenceTransformer - WARNING - No sentence-transformers model found with name RAG_system/model\sentence-transformers_paraphrase-multilingual-MiniLM-L12-v2. Creating a new one with mean pooling.
2025-08-10 02:13:12,273 - RAG_system.embedding_model - INFO - 正在保存嵌入模型信息
2025-08-10 02:13:12,275 - RAG_system.embedding_model - INFO - 嵌入模型信息已保存到: RAG_system/model\model_info.json
2025-08-10 02:13:12,277 - RAG_system.embedding_model - INFO - 嵌入模型加载成功，使用设备: cuda
2025-08-10 02:13:12,277 - RAG_system.vector_store - INFO - 向量存储管理器初始化成功
2025-08-10 02:13:12,277 - RAG_system.rag_manager - INFO - 检查向量存储路径: RAG_system/RAG/vector_store\index.faiss
2025-08-10 02:13:12,277 - RAG_system.rag_manager - INFO - 发现本地向量存储，正在加载
2025-08-10 02:13:12,277 - RAG_system.vector_store - INFO - 正在从路径加载向量存储: vector_store
2025-08-10 02:13:29,207 - RAG_system.vector_store - INFO - 向量存储加载成功
2025-08-10 02:13:29,208 - RAG_system.retriever - INFO - 正在创建检索器
2025-08-10 02:13:29,208 - RAG_system.retriever - INFO - 检索器创建成功
2025-08-10 02:13:29,209 - RAG_system.rag_manager - INFO - RAG管理器启动成功
2025-08-10 02:13:29,209 - nodes.c_rag_retrieval_node - INFO - RAG检索节点初始化完成
2025-08-10 02:13:29,210 - graph - INFO - 添加所有节点...
2025-08-10 02:13:29,213 - graph - INFO - 配置节点间的路由逻辑...
2025-08-10 02:13:29,214 - graph - INFO - 编译图...
2025-08-10 02:13:29,214 - TCMGraphTest - ERROR - 测试用例执行失败: Graph must have an entrypoint: add at least one edge from START to another node
Traceback (most recent call last):
  File "F:\Files\比赛\挑战杯++\专项赛3\AI chatbot\V2\tests\graph_test.py", line 231, in run_test_case
    result = run_tcm_graph(
             ^^^^^^^^^^^^^^
  File "F:\Files\比赛\挑战杯++\专项赛3\AI chatbot\V2\graph.py", line 189, in run_tcm_graph
    app = create_tcm_graph()
          ^^^^^^^^^^^^^^^^^^
  File "F:\Files\比赛\挑战杯++\专项赛3\AI chatbot\V2\graph.py", line 161, in create_tcm_graph
    app = graph.compile()
          ^^^^^^^^^^^^^^^
  File "D:\anaconda\Lib\site-packages\langgraph\graph\state.py", line 829, in compile
    self.validate(
  File "D:\anaconda\Lib\site-packages\langgraph\graph\state.py", line 759, in validate
    raise ValueError(
ValueError: Graph must have an entrypoint: add at least one edge from START to another node
2025-08-10 02:13:29,336 - TCMGraphTest - INFO - ------------------------------------------------------------
2025-08-10 02:13:29,337 - TCMGraphTest - INFO - 执行测试 3/12
2025-08-10 02:13:29,337 - TCMGraphTest - INFO - 测试用例: 典型脾虚证诊断
2025-08-10 02:13:29,338 - TCMGraphTest - INFO - 用户输入: 我最近总是感到疲乏无力，不想吃饭，大便也不成形，容易腹胀，请医生帮我诊断一下。
2025-08-10 02:13:29,340 - graph - INFO - 开始处理用户输入: 我最近总是感到疲乏无力，不想吃饭，大便也不成形，容易腹胀，请医生帮我诊断一下。
2025-08-10 02:13:29,340 - graph - INFO - 开始创建中医智能对话系统图...
2025-08-10 02:13:29,340 - nodes.c_rag_retrieval_node - INFO - 初始化RAG检索节点
2025-08-10 02:13:29,340 - RAG_system.embedding_model - INFO - 检测到GPU设备: NVIDIA GeForce RTX 4070 Laptop GPU, 共 1 个GPU
2025-08-10 02:13:29,341 - RAG_system.embedding_model - INFO - 嵌入模型管理器初始化成功，使用设备: cuda
2025-08-10 02:13:29,341 - RAG_system.retriever - INFO - 检索管理器初始化成功
2025-08-10 02:13:29,341 - RAG_system.embedding_model - INFO - 检测到GPU设备: NVIDIA GeForce RTX 4070 Laptop GPU, 共 1 个GPU
2025-08-10 02:13:29,341 - RAG_system.rag_manager - INFO - RAG管理器初始化成功，使用设备: cuda
2025-08-10 02:13:29,342 - RAG_system.rag_manager - INFO - 正在启动RAG管理器
2025-08-10 02:13:29,342 - RAG_system.rag_manager - INFO - 发现本地嵌入模型信息，正在加载
2025-08-10 02:13:29,343 - RAG_system.embedding_model - INFO - 正在加载嵌入模型: sentence-transformers/paraphrase-multilingual-MiniLM-L12-v2
2025-08-10 02:13:29,343 - RAG_system.embedding_model - INFO - 从本地加载嵌入模型: RAG_system/model\sentence-transformers_paraphrase-multilingual-MiniLM-L12-v2
2025-08-10 02:13:29,347 - sentence_transformers.SentenceTransformer - INFO - Load pretrained SentenceTransformer: RAG_system/model\sentence-transformers_paraphrase-multilingual-MiniLM-L12-v2
2025-08-10 02:13:29,347 - sentence_transformers.SentenceTransformer - WARNING - No sentence-transformers model found with name RAG_system/model\sentence-transformers_paraphrase-multilingual-MiniLM-L12-v2. Creating a new one with mean pooling.
2025-08-10 02:13:39,240 - RAG_system.embedding_model - INFO - 正在保存嵌入模型信息
2025-08-10 02:13:39,243 - RAG_system.embedding_model - INFO - 嵌入模型信息已保存到: RAG_system/model\model_info.json
2025-08-10 02:13:39,244 - RAG_system.embedding_model - INFO - 嵌入模型加载成功，使用设备: cuda
2025-08-10 02:13:39,244 - RAG_system.vector_store - INFO - 向量存储管理器初始化成功
2025-08-10 02:13:39,244 - RAG_system.rag_manager - INFO - 检查向量存储路径: RAG_system/RAG/vector_store\index.faiss
2025-08-10 02:13:39,245 - RAG_system.rag_manager - INFO - 发现本地向量存储，正在加载
2025-08-10 02:13:39,245 - RAG_system.vector_store - INFO - 正在从路径加载向量存储: vector_store
2025-08-10 02:13:47,415 - RAG_system.vector_store - INFO - 向量存储加载成功
2025-08-10 02:13:47,415 - RAG_system.retriever - INFO - 正在创建检索器
2025-08-10 02:13:47,415 - RAG_system.retriever - INFO - 检索器创建成功
2025-08-10 02:13:47,417 - RAG_system.rag_manager - INFO - RAG管理器启动成功
2025-08-10 02:13:47,417 - nodes.c_rag_retrieval_node - INFO - RAG检索节点初始化完成
2025-08-10 02:13:47,418 - graph - INFO - 添加所有节点...
2025-08-10 02:13:47,421 - graph - INFO - 配置节点间的路由逻辑...
2025-08-10 02:13:47,421 - graph - INFO - 编译图...
2025-08-10 02:13:47,421 - TCMGraphTest - ERROR - 测试用例执行失败: Graph must have an entrypoint: add at least one edge from START to another node
Traceback (most recent call last):
  File "F:\Files\比赛\挑战杯++\专项赛3\AI chatbot\V2\tests\graph_test.py", line 231, in run_test_case
    result = run_tcm_graph(
             ^^^^^^^^^^^^^^
  File "F:\Files\比赛\挑战杯++\专项赛3\AI chatbot\V2\graph.py", line 189, in run_tcm_graph
    app = create_tcm_graph()
          ^^^^^^^^^^^^^^^^^^
  File "F:\Files\比赛\挑战杯++\专项赛3\AI chatbot\V2\graph.py", line 161, in create_tcm_graph
    app = graph.compile()
          ^^^^^^^^^^^^^^^
  File "D:\anaconda\Lib\site-packages\langgraph\graph\state.py", line 829, in compile
    self.validate(
  File "D:\anaconda\Lib\site-packages\langgraph\graph\state.py", line 759, in validate
    raise ValueError(
ValueError: Graph must have an entrypoint: add at least one edge from START to another node
2025-08-10 02:13:47,545 - TCMGraphTest - INFO - ------------------------------------------------------------
2025-08-10 02:13:47,545 - TCMGraphTest - INFO - 执行测试 4/12
2025-08-10 02:13:47,546 - TCMGraphTest - INFO - 测试用例: 肝郁气滞证诊断
2025-08-10 02:13:47,546 - TCMGraphTest - INFO - 用户输入: 医生，我胸胁部位经常胀痛，心情抑郁，容易生气，还经常嗳气，这是怎么回事？
2025-08-10 02:13:47,546 - graph - INFO - 开始处理用户输入: 医生，我胸胁部位经常胀痛，心情抑郁，容易生气，还经常嗳气，这是怎么回事？
2025-08-10 02:13:47,547 - graph - INFO - 开始创建中医智能对话系统图...
2025-08-10 02:13:47,547 - nodes.c_rag_retrieval_node - INFO - 初始化RAG检索节点
2025-08-10 02:13:47,547 - RAG_system.embedding_model - INFO - 检测到GPU设备: NVIDIA GeForce RTX 4070 Laptop GPU, 共 1 个GPU
2025-08-10 02:13:47,547 - RAG_system.embedding_model - INFO - 嵌入模型管理器初始化成功，使用设备: cuda
2025-08-10 02:13:47,547 - RAG_system.retriever - INFO - 检索管理器初始化成功
2025-08-10 02:13:47,548 - RAG_system.embedding_model - INFO - 检测到GPU设备: NVIDIA GeForce RTX 4070 Laptop GPU, 共 1 个GPU
2025-08-10 02:13:47,548 - RAG_system.rag_manager - INFO - RAG管理器初始化成功，使用设备: cuda
2025-08-10 02:13:47,548 - RAG_system.rag_manager - INFO - 正在启动RAG管理器
2025-08-10 02:13:47,549 - RAG_system.rag_manager - INFO - 发现本地嵌入模型信息，正在加载
2025-08-10 02:13:47,550 - RAG_system.embedding_model - INFO - 正在加载嵌入模型: sentence-transformers/paraphrase-multilingual-MiniLM-L12-v2
2025-08-10 02:13:47,550 - RAG_system.embedding_model - INFO - 从本地加载嵌入模型: RAG_system/model\sentence-transformers_paraphrase-multilingual-MiniLM-L12-v2
2025-08-10 02:13:47,552 - sentence_transformers.SentenceTransformer - INFO - Load pretrained SentenceTransformer: RAG_system/model\sentence-transformers_paraphrase-multilingual-MiniLM-L12-v2
2025-08-10 02:13:47,553 - sentence_transformers.SentenceTransformer - WARNING - No sentence-transformers model found with name RAG_system/model\sentence-transformers_paraphrase-multilingual-MiniLM-L12-v2. Creating a new one with mean pooling.
2025-08-10 02:13:56,428 - RAG_system.embedding_model - INFO - 正在保存嵌入模型信息
2025-08-10 02:13:56,432 - RAG_system.embedding_model - INFO - 嵌入模型信息已保存到: RAG_system/model\model_info.json
2025-08-10 02:13:56,433 - RAG_system.embedding_model - INFO - 嵌入模型加载成功，使用设备: cuda
2025-08-10 02:13:56,433 - RAG_system.vector_store - INFO - 向量存储管理器初始化成功
2025-08-10 02:13:56,433 - RAG_system.rag_manager - INFO - 检查向量存储路径: RAG_system/RAG/vector_store\index.faiss
2025-08-10 02:13:56,434 - RAG_system.rag_manager - INFO - 发现本地向量存储，正在加载
2025-08-10 02:13:56,434 - RAG_system.vector_store - INFO - 正在从路径加载向量存储: vector_store
2025-08-10 02:14:04,218 - RAG_system.vector_store - INFO - 向量存储加载成功
2025-08-10 02:14:04,218 - RAG_system.retriever - INFO - 正在创建检索器
2025-08-10 02:14:04,219 - RAG_system.retriever - INFO - 检索器创建成功
2025-08-10 02:14:04,219 - RAG_system.rag_manager - INFO - RAG管理器启动成功
2025-08-10 02:14:04,221 - nodes.c_rag_retrieval_node - INFO - RAG检索节点初始化完成
2025-08-10 02:14:04,221 - graph - INFO - 添加所有节点...
2025-08-10 02:14:04,223 - graph - INFO - 配置节点间的路由逻辑...
2025-08-10 02:14:04,224 - graph - INFO - 编译图...
2025-08-10 02:14:04,224 - TCMGraphTest - ERROR - 测试用例执行失败: Graph must have an entrypoint: add at least one edge from START to another node
Traceback (most recent call last):
  File "F:\Files\比赛\挑战杯++\专项赛3\AI chatbot\V2\tests\graph_test.py", line 231, in run_test_case
    result = run_tcm_graph(
             ^^^^^^^^^^^^^^
  File "F:\Files\比赛\挑战杯++\专项赛3\AI chatbot\V2\graph.py", line 189, in run_tcm_graph
    app = create_tcm_graph()
          ^^^^^^^^^^^^^^^^^^
  File "F:\Files\比赛\挑战杯++\专项赛3\AI chatbot\V2\graph.py", line 161, in create_tcm_graph
    app = graph.compile()
          ^^^^^^^^^^^^^^^
  File "D:\anaconda\Lib\site-packages\langgraph\graph\state.py", line 829, in compile
    self.validate(
  File "D:\anaconda\Lib\site-packages\langgraph\graph\state.py", line 759, in validate
    raise ValueError(
ValueError: Graph must have an entrypoint: add at least one edge from START to another node
2025-08-10 02:14:04,363 - TCMGraphTest - INFO - ------------------------------------------------------------
2025-08-10 02:14:04,364 - TCMGraphTest - INFO - 执行测试 5/12
2025-08-10 02:14:04,364 - TCMGraphTest - INFO - 测试用例: 一般咨询 - 非诊断意图
2025-08-10 02:14:04,365 - TCMGraphTest - INFO - 用户输入: 请问中医的基本理论是什么？
2025-08-10 02:14:04,365 - graph - INFO - 开始处理用户输入: 请问中医的基本理论是什么？
2025-08-10 02:14:04,365 - graph - INFO - 开始创建中医智能对话系统图...
2025-08-10 02:14:04,366 - nodes.c_rag_retrieval_node - INFO - 初始化RAG检索节点
2025-08-10 02:14:04,366 - RAG_system.embedding_model - INFO - 检测到GPU设备: NVIDIA GeForce RTX 4070 Laptop GPU, 共 1 个GPU
2025-08-10 02:14:04,366 - RAG_system.embedding_model - INFO - 嵌入模型管理器初始化成功，使用设备: cuda
2025-08-10 02:14:04,366 - RAG_system.retriever - INFO - 检索管理器初始化成功
2025-08-10 02:14:04,366 - RAG_system.embedding_model - INFO - 检测到GPU设备: NVIDIA GeForce RTX 4070 Laptop GPU, 共 1 个GPU
2025-08-10 02:14:04,366 - RAG_system.rag_manager - INFO - RAG管理器初始化成功，使用设备: cuda
2025-08-10 02:14:04,367 - RAG_system.rag_manager - INFO - 正在启动RAG管理器
2025-08-10 02:14:04,367 - RAG_system.rag_manager - INFO - 发现本地嵌入模型信息，正在加载
2025-08-10 02:14:04,368 - RAG_system.embedding_model - INFO - 正在加载嵌入模型: sentence-transformers/paraphrase-multilingual-MiniLM-L12-v2
2025-08-10 02:14:04,368 - RAG_system.embedding_model - INFO - 从本地加载嵌入模型: RAG_system/model\sentence-transformers_paraphrase-multilingual-MiniLM-L12-v2
2025-08-10 02:14:04,370 - sentence_transformers.SentenceTransformer - INFO - Load pretrained SentenceTransformer: RAG_system/model\sentence-transformers_paraphrase-multilingual-MiniLM-L12-v2
2025-08-10 02:14:04,371 - sentence_transformers.SentenceTransformer - WARNING - No sentence-transformers model found with name RAG_system/model\sentence-transformers_paraphrase-multilingual-MiniLM-L12-v2. Creating a new one with mean pooling.
2025-08-10 02:14:12,640 - RAG_system.embedding_model - INFO - 正在保存嵌入模型信息
2025-08-10 02:14:12,643 - RAG_system.embedding_model - INFO - 嵌入模型信息已保存到: RAG_system/model\model_info.json
2025-08-10 02:14:12,644 - RAG_system.embedding_model - INFO - 嵌入模型加载成功，使用设备: cuda
2025-08-10 02:14:12,644 - RAG_system.vector_store - INFO - 向量存储管理器初始化成功
2025-08-10 02:14:12,644 - RAG_system.rag_manager - INFO - 检查向量存储路径: RAG_system/RAG/vector_store\index.faiss
2025-08-10 02:14:12,645 - RAG_system.rag_manager - INFO - 发现本地向量存储，正在加载
2025-08-10 02:14:12,645 - RAG_system.vector_store - INFO - 正在从路径加载向量存储: vector_store
2025-08-10 02:14:23,087 - RAG_system.vector_store - INFO - 向量存储加载成功
2025-08-10 02:14:23,088 - RAG_system.retriever - INFO - 正在创建检索器
2025-08-10 02:14:23,088 - RAG_system.retriever - INFO - 检索器创建成功
2025-08-10 02:14:23,089 - RAG_system.rag_manager - INFO - RAG管理器启动成功
2025-08-10 02:14:23,089 - nodes.c_rag_retrieval_node - INFO - RAG检索节点初始化完成
2025-08-10 02:14:23,090 - graph - INFO - 添加所有节点...
2025-08-10 02:14:23,092 - graph - INFO - 配置节点间的路由逻辑...
2025-08-10 02:14:23,093 - graph - INFO - 编译图...
2025-08-10 02:14:23,094 - TCMGraphTest - ERROR - 测试用例执行失败: Graph must have an entrypoint: add at least one edge from START to another node
Traceback (most recent call last):
  File "F:\Files\比赛\挑战杯++\专项赛3\AI chatbot\V2\tests\graph_test.py", line 231, in run_test_case
    result = run_tcm_graph(
             ^^^^^^^^^^^^^^
  File "F:\Files\比赛\挑战杯++\专项赛3\AI chatbot\V2\graph.py", line 189, in run_tcm_graph
    app = create_tcm_graph()
          ^^^^^^^^^^^^^^^^^^
  File "F:\Files\比赛\挑战杯++\专项赛3\AI chatbot\V2\graph.py", line 161, in create_tcm_graph
    app = graph.compile()
          ^^^^^^^^^^^^^^^
  File "D:\anaconda\Lib\site-packages\langgraph\graph\state.py", line 829, in compile
    self.validate(
  File "D:\anaconda\Lib\site-packages\langgraph\graph\state.py", line 759, in validate
    raise ValueError(
ValueError: Graph must have an entrypoint: add at least one edge from START to another node
2025-08-10 02:14:23,220 - TCMGraphTest - INFO - ------------------------------------------------------------
2025-08-10 02:14:23,221 - TCMGraphTest - INFO - 执行测试 6/12
2025-08-10 02:14:23,221 - TCMGraphTest - INFO - 测试用例: 紧急情况 - 安全检查
2025-08-10 02:14:23,222 - TCMGraphTest - INFO - 用户输入: 我胸痛得很厉害，呼吸困难，感觉快要死了！
2025-08-10 02:14:23,222 - graph - INFO - 开始处理用户输入: 我胸痛得很厉害，呼吸困难，感觉快要死了！
2025-08-10 02:14:23,223 - graph - INFO - 开始创建中医智能对话系统图...
2025-08-10 02:14:23,223 - nodes.c_rag_retrieval_node - INFO - 初始化RAG检索节点
2025-08-10 02:14:23,223 - RAG_system.embedding_model - INFO - 检测到GPU设备: NVIDIA GeForce RTX 4070 Laptop GPU, 共 1 个GPU
2025-08-10 02:14:23,223 - RAG_system.embedding_model - INFO - 嵌入模型管理器初始化成功，使用设备: cuda
2025-08-10 02:14:23,223 - RAG_system.retriever - INFO - 检索管理器初始化成功
2025-08-10 02:14:23,225 - RAG_system.embedding_model - INFO - 检测到GPU设备: NVIDIA GeForce RTX 4070 Laptop GPU, 共 1 个GPU
2025-08-10 02:14:23,225 - RAG_system.rag_manager - INFO - RAG管理器初始化成功，使用设备: cuda
2025-08-10 02:14:23,225 - RAG_system.rag_manager - INFO - 正在启动RAG管理器
2025-08-10 02:14:23,225 - RAG_system.rag_manager - INFO - 发现本地嵌入模型信息，正在加载
2025-08-10 02:14:23,226 - RAG_system.embedding_model - INFO - 正在加载嵌入模型: sentence-transformers/paraphrase-multilingual-MiniLM-L12-v2
2025-08-10 02:14:23,226 - RAG_system.embedding_model - INFO - 从本地加载嵌入模型: RAG_system/model\sentence-transformers_paraphrase-multilingual-MiniLM-L12-v2
2025-08-10 02:14:23,230 - sentence_transformers.SentenceTransformer - INFO - Load pretrained SentenceTransformer: RAG_system/model\sentence-transformers_paraphrase-multilingual-MiniLM-L12-v2
2025-08-10 02:14:23,230 - sentence_transformers.SentenceTransformer - WARNING - No sentence-transformers model found with name RAG_system/model\sentence-transformers_paraphrase-multilingual-MiniLM-L12-v2. Creating a new one with mean pooling.
2025-08-10 02:14:35,995 - RAG_system.embedding_model - INFO - 正在保存嵌入模型信息
2025-08-10 02:14:35,998 - RAG_system.embedding_model - INFO - 嵌入模型信息已保存到: RAG_system/model\model_info.json
2025-08-10 02:14:35,998 - RAG_system.embedding_model - INFO - 嵌入模型加载成功，使用设备: cuda
2025-08-10 02:14:35,998 - RAG_system.vector_store - INFO - 向量存储管理器初始化成功
2025-08-10 02:14:35,998 - RAG_system.rag_manager - INFO - 检查向量存储路径: RAG_system/RAG/vector_store\index.faiss
2025-08-10 02:14:35,999 - RAG_system.rag_manager - INFO - 发现本地向量存储，正在加载
2025-08-10 02:14:35,999 - RAG_system.vector_store - INFO - 正在从路径加载向量存储: vector_store
2025-08-10 02:15:01,328 - RAG_system.vector_store - INFO - 向量存储加载成功
2025-08-10 02:15:01,330 - RAG_system.retriever - INFO - 正在创建检索器
2025-08-10 02:15:01,330 - RAG_system.retriever - INFO - 检索器创建成功
2025-08-10 02:15:01,331 - RAG_system.rag_manager - INFO - RAG管理器启动成功
2025-08-10 02:15:01,332 - nodes.c_rag_retrieval_node - INFO - RAG检索节点初始化完成
2025-08-10 02:15:01,333 - graph - INFO - 添加所有节点...
2025-08-10 02:15:01,338 - graph - INFO - 配置节点间的路由逻辑...
2025-08-10 02:15:01,338 - graph - INFO - 编译图...
2025-08-10 02:15:01,339 - TCMGraphTest - ERROR - 测试用例执行失败: Graph must have an entrypoint: add at least one edge from START to another node
Traceback (most recent call last):
  File "F:\Files\比赛\挑战杯++\专项赛3\AI chatbot\V2\tests\graph_test.py", line 231, in run_test_case
    result = run_tcm_graph(
             ^^^^^^^^^^^^^^
  File "F:\Files\比赛\挑战杯++\专项赛3\AI chatbot\V2\graph.py", line 189, in run_tcm_graph
    app = create_tcm_graph()
          ^^^^^^^^^^^^^^^^^^
  File "F:\Files\比赛\挑战杯++\专项赛3\AI chatbot\V2\graph.py", line 161, in create_tcm_graph
    app = graph.compile()
          ^^^^^^^^^^^^^^^
  File "D:\anaconda\Lib\site-packages\langgraph\graph\state.py", line 829, in compile
    self.validate(
  File "D:\anaconda\Lib\site-packages\langgraph\graph\state.py", line 759, in validate
    raise ValueError(
ValueError: Graph must have an entrypoint: add at least one edge from START to another node
2025-08-10 02:15:01,503 - TCMGraphTest - INFO - ------------------------------------------------------------
2025-08-10 02:15:01,504 - TCMGraphTest - INFO - 执行测试 7/12
2025-08-10 02:15:01,505 - TCMGraphTest - INFO - 测试用例: 心肾不交证诊断
2025-08-10 02:15:01,506 - TCMGraphTest - INFO - 用户输入: 我最近心慌心跳，失眠严重，腰酸腿软，小便频数，记忆力也不好了。
2025-08-10 02:15:01,508 - graph - INFO - 开始处理用户输入: 我最近心慌心跳，失眠严重，腰酸腿软，小便频数，记忆力也不好了。
2025-08-10 02:15:01,509 - graph - INFO - 开始创建中医智能对话系统图...
2025-08-10 02:15:01,509 - nodes.c_rag_retrieval_node - INFO - 初始化RAG检索节点
2025-08-10 02:15:01,510 - RAG_system.embedding_model - INFO - 检测到GPU设备: NVIDIA GeForce RTX 4070 Laptop GPU, 共 1 个GPU
2025-08-10 02:15:01,511 - RAG_system.embedding_model - INFO - 嵌入模型管理器初始化成功，使用设备: cuda
2025-08-10 02:15:01,511 - RAG_system.retriever - INFO - 检索管理器初始化成功
2025-08-10 02:15:01,512 - RAG_system.embedding_model - INFO - 检测到GPU设备: NVIDIA GeForce RTX 4070 Laptop GPU, 共 1 个GPU
2025-08-10 02:15:01,512 - RAG_system.rag_manager - INFO - RAG管理器初始化成功，使用设备: cuda
2025-08-10 02:15:01,513 - RAG_system.rag_manager - INFO - 正在启动RAG管理器
2025-08-10 02:15:01,513 - RAG_system.rag_manager - INFO - 发现本地嵌入模型信息，正在加载
2025-08-10 02:15:01,515 - RAG_system.embedding_model - INFO - 正在加载嵌入模型: sentence-transformers/paraphrase-multilingual-MiniLM-L12-v2
2025-08-10 02:15:01,516 - RAG_system.embedding_model - INFO - 从本地加载嵌入模型: RAG_system/model\sentence-transformers_paraphrase-multilingual-MiniLM-L12-v2
2025-08-10 02:15:01,519 - sentence_transformers.SentenceTransformer - INFO - Load pretrained SentenceTransformer: RAG_system/model\sentence-transformers_paraphrase-multilingual-MiniLM-L12-v2
2025-08-10 02:15:01,520 - sentence_transformers.SentenceTransformer - WARNING - No sentence-transformers model found with name RAG_system/model\sentence-transformers_paraphrase-multilingual-MiniLM-L12-v2. Creating a new one with mean pooling.
2025-08-10 02:15:14,789 - RAG_system.embedding_model - INFO - 正在保存嵌入模型信息
2025-08-10 02:15:14,793 - RAG_system.embedding_model - INFO - 嵌入模型信息已保存到: RAG_system/model\model_info.json
2025-08-10 02:15:14,794 - RAG_system.embedding_model - INFO - 嵌入模型加载成功，使用设备: cuda
2025-08-10 02:15:14,795 - RAG_system.vector_store - INFO - 向量存储管理器初始化成功
2025-08-10 02:15:14,795 - RAG_system.rag_manager - INFO - 检查向量存储路径: RAG_system/RAG/vector_store\index.faiss
2025-08-10 02:15:14,796 - RAG_system.rag_manager - INFO - 发现本地向量存储，正在加载
2025-08-10 02:15:14,796 - RAG_system.vector_store - INFO - 正在从路径加载向量存储: vector_store
2025-08-10 02:15:40,990 - RAG_system.vector_store - INFO - 向量存储加载成功
2025-08-10 02:15:40,991 - RAG_system.retriever - INFO - 正在创建检索器
2025-08-10 02:15:40,992 - RAG_system.retriever - INFO - 检索器创建成功
2025-08-10 02:15:40,992 - RAG_system.rag_manager - INFO - RAG管理器启动成功
2025-08-10 02:15:40,993 - nodes.c_rag_retrieval_node - INFO - RAG检索节点初始化完成
2025-08-10 02:15:40,994 - graph - INFO - 添加所有节点...
2025-08-10 02:15:40,997 - graph - INFO - 配置节点间的路由逻辑...
2025-08-10 02:15:40,999 - graph - INFO - 编译图...
2025-08-10 02:15:40,999 - TCMGraphTest - ERROR - 测试用例执行失败: Graph must have an entrypoint: add at least one edge from START to another node
Traceback (most recent call last):
  File "F:\Files\比赛\挑战杯++\专项赛3\AI chatbot\V2\tests\graph_test.py", line 231, in run_test_case
    result = run_tcm_graph(
             ^^^^^^^^^^^^^^
  File "F:\Files\比赛\挑战杯++\专项赛3\AI chatbot\V2\graph.py", line 189, in run_tcm_graph
    app = create_tcm_graph()
          ^^^^^^^^^^^^^^^^^^
  File "F:\Files\比赛\挑战杯++\专项赛3\AI chatbot\V2\graph.py", line 161, in create_tcm_graph
    app = graph.compile()
          ^^^^^^^^^^^^^^^
  File "D:\anaconda\Lib\site-packages\langgraph\graph\state.py", line 829, in compile
    self.validate(
  File "D:\anaconda\Lib\site-packages\langgraph\graph\state.py", line 759, in validate
    raise ValueError(
ValueError: Graph must have an entrypoint: add at least one edge from START to another node
2025-08-10 02:15:41,124 - TCMGraphTest - INFO - ------------------------------------------------------------
2025-08-10 02:15:41,124 - TCMGraphTest - INFO - 执行测试 8/12
2025-08-10 02:15:41,125 - TCMGraphTest - INFO - 测试用例: 边界测试 - 空输入
2025-08-10 02:15:41,125 - TCMGraphTest - INFO - 用户输入: 
2025-08-10 02:15:41,125 - graph - INFO - 开始处理用户输入: 
2025-08-10 02:15:41,127 - graph - INFO - 开始创建中医智能对话系统图...
2025-08-10 02:15:41,127 - nodes.c_rag_retrieval_node - INFO - 初始化RAG检索节点
2025-08-10 02:15:41,128 - RAG_system.embedding_model - INFO - 检测到GPU设备: NVIDIA GeForce RTX 4070 Laptop GPU, 共 1 个GPU
2025-08-10 02:15:41,128 - RAG_system.embedding_model - INFO - 嵌入模型管理器初始化成功，使用设备: cuda
2025-08-10 02:15:41,129 - RAG_system.retriever - INFO - 检索管理器初始化成功
2025-08-10 02:15:41,129 - RAG_system.embedding_model - INFO - 检测到GPU设备: NVIDIA GeForce RTX 4070 Laptop GPU, 共 1 个GPU
2025-08-10 02:15:41,130 - RAG_system.rag_manager - INFO - RAG管理器初始化成功，使用设备: cuda
2025-08-10 02:15:41,130 - RAG_system.rag_manager - INFO - 正在启动RAG管理器
2025-08-10 02:15:41,131 - RAG_system.rag_manager - INFO - 发现本地嵌入模型信息，正在加载
2025-08-10 02:15:41,133 - RAG_system.embedding_model - INFO - 正在加载嵌入模型: sentence-transformers/paraphrase-multilingual-MiniLM-L12-v2
2025-08-10 02:15:41,133 - RAG_system.embedding_model - INFO - 从本地加载嵌入模型: RAG_system/model\sentence-transformers_paraphrase-multilingual-MiniLM-L12-v2
2025-08-10 02:15:41,138 - sentence_transformers.SentenceTransformer - INFO - Load pretrained SentenceTransformer: RAG_system/model\sentence-transformers_paraphrase-multilingual-MiniLM-L12-v2
2025-08-10 02:15:41,139 - sentence_transformers.SentenceTransformer - WARNING - No sentence-transformers model found with name RAG_system/model\sentence-transformers_paraphrase-multilingual-MiniLM-L12-v2. Creating a new one with mean pooling.
2025-08-10 02:15:48,585 - RAG_system.embedding_model - INFO - 正在保存嵌入模型信息
2025-08-10 02:15:48,590 - RAG_system.embedding_model - INFO - 嵌入模型信息已保存到: RAG_system/model\model_info.json
2025-08-10 02:15:48,590 - RAG_system.embedding_model - INFO - 嵌入模型加载成功，使用设备: cuda
2025-08-10 02:15:48,591 - RAG_system.vector_store - INFO - 向量存储管理器初始化成功
2025-08-10 02:15:48,591 - RAG_system.rag_manager - INFO - 检查向量存储路径: RAG_system/RAG/vector_store\index.faiss
2025-08-10 02:15:48,591 - RAG_system.rag_manager - INFO - 发现本地向量存储，正在加载
2025-08-10 02:15:48,591 - RAG_system.vector_store - INFO - 正在从路径加载向量存储: vector_store
2025-08-10 02:15:58,519 - RAG_system.vector_store - INFO - 向量存储加载成功
2025-08-10 02:15:58,519 - RAG_system.retriever - INFO - 正在创建检索器
2025-08-10 02:15:58,520 - RAG_system.retriever - INFO - 检索器创建成功
2025-08-10 02:15:58,520 - RAG_system.rag_manager - INFO - RAG管理器启动成功
2025-08-10 02:15:58,521 - nodes.c_rag_retrieval_node - INFO - RAG检索节点初始化完成
2025-08-10 02:15:58,522 - graph - INFO - 添加所有节点...
2025-08-10 02:15:58,527 - graph - INFO - 配置节点间的路由逻辑...
2025-08-10 02:15:58,528 - graph - INFO - 编译图...
2025-08-10 02:15:58,529 - TCMGraphTest - ERROR - 测试用例执行失败: Graph must have an entrypoint: add at least one edge from START to another node
Traceback (most recent call last):
  File "F:\Files\比赛\挑战杯++\专项赛3\AI chatbot\V2\tests\graph_test.py", line 231, in run_test_case
    result = run_tcm_graph(
             ^^^^^^^^^^^^^^
  File "F:\Files\比赛\挑战杯++\专项赛3\AI chatbot\V2\graph.py", line 189, in run_tcm_graph
    app = create_tcm_graph()
          ^^^^^^^^^^^^^^^^^^
  File "F:\Files\比赛\挑战杯++\专项赛3\AI chatbot\V2\graph.py", line 161, in create_tcm_graph
    app = graph.compile()
          ^^^^^^^^^^^^^^^
  File "D:\anaconda\Lib\site-packages\langgraph\graph\state.py", line 829, in compile
    self.validate(
  File "D:\anaconda\Lib\site-packages\langgraph\graph\state.py", line 759, in validate
    raise ValueError(
ValueError: Graph must have an entrypoint: add at least one edge from START to another node
2025-08-10 02:15:58,681 - TCMGraphTest - INFO - ------------------------------------------------------------
2025-08-10 02:15:58,681 - TCMGraphTest - INFO - 执行测试 9/12
2025-08-10 02:15:58,681 - TCMGraphTest - INFO - 测试用例: 边界测试 - 模糊症状
2025-08-10 02:15:58,681 - TCMGraphTest - INFO - 用户输入: 我感觉不舒服
2025-08-10 02:15:58,685 - graph - INFO - 开始处理用户输入: 我感觉不舒服
2025-08-10 02:15:58,685 - graph - INFO - 开始创建中医智能对话系统图...
2025-08-10 02:15:58,685 - nodes.c_rag_retrieval_node - INFO - 初始化RAG检索节点
2025-08-10 02:15:58,685 - RAG_system.embedding_model - INFO - 检测到GPU设备: NVIDIA GeForce RTX 4070 Laptop GPU, 共 1 个GPU
2025-08-10 02:15:58,687 - RAG_system.embedding_model - INFO - 嵌入模型管理器初始化成功，使用设备: cuda
2025-08-10 02:15:58,687 - RAG_system.retriever - INFO - 检索管理器初始化成功
2025-08-10 02:15:58,687 - RAG_system.embedding_model - INFO - 检测到GPU设备: NVIDIA GeForce RTX 4070 Laptop GPU, 共 1 个GPU
2025-08-10 02:15:58,687 - RAG_system.rag_manager - INFO - RAG管理器初始化成功，使用设备: cuda
2025-08-10 02:15:58,688 - RAG_system.rag_manager - INFO - 正在启动RAG管理器
2025-08-10 02:15:58,688 - RAG_system.rag_manager - INFO - 发现本地嵌入模型信息，正在加载
2025-08-10 02:15:58,690 - RAG_system.embedding_model - INFO - 正在加载嵌入模型: sentence-transformers/paraphrase-multilingual-MiniLM-L12-v2
2025-08-10 02:15:58,690 - RAG_system.embedding_model - INFO - 从本地加载嵌入模型: RAG_system/model\sentence-transformers_paraphrase-multilingual-MiniLM-L12-v2
2025-08-10 02:15:58,693 - sentence_transformers.SentenceTransformer - INFO - Load pretrained SentenceTransformer: RAG_system/model\sentence-transformers_paraphrase-multilingual-MiniLM-L12-v2
2025-08-10 02:15:58,693 - sentence_transformers.SentenceTransformer - WARNING - No sentence-transformers model found with name RAG_system/model\sentence-transformers_paraphrase-multilingual-MiniLM-L12-v2. Creating a new one with mean pooling.
2025-08-10 02:16:12,007 - RAG_system.embedding_model - INFO - 正在保存嵌入模型信息
2025-08-10 02:16:12,011 - RAG_system.embedding_model - INFO - 嵌入模型信息已保存到: RAG_system/model\model_info.json
2025-08-10 02:16:12,011 - RAG_system.embedding_model - INFO - 嵌入模型加载成功，使用设备: cuda
2025-08-10 02:16:12,012 - RAG_system.vector_store - INFO - 向量存储管理器初始化成功
2025-08-10 02:16:12,012 - RAG_system.rag_manager - INFO - 检查向量存储路径: RAG_system/RAG/vector_store\index.faiss
2025-08-10 02:16:12,012 - RAG_system.rag_manager - INFO - 发现本地向量存储，正在加载
2025-08-10 02:16:12,013 - RAG_system.vector_store - INFO - 正在从路径加载向量存储: vector_store
2025-08-10 02:16:37,584 - RAG_system.vector_store - INFO - 向量存储加载成功
2025-08-10 02:16:37,585 - RAG_system.retriever - INFO - 正在创建检索器
2025-08-10 02:16:37,585 - RAG_system.retriever - INFO - 检索器创建成功
2025-08-10 02:16:37,586 - RAG_system.rag_manager - INFO - RAG管理器启动成功
2025-08-10 02:16:37,586 - nodes.c_rag_retrieval_node - INFO - RAG检索节点初始化完成
2025-08-10 02:16:37,586 - graph - INFO - 添加所有节点...
2025-08-10 02:16:37,589 - graph - INFO - 配置节点间的路由逻辑...
2025-08-10 02:16:37,590 - graph - INFO - 编译图...
2025-08-10 02:16:37,590 - TCMGraphTest - ERROR - 测试用例执行失败: Graph must have an entrypoint: add at least one edge from START to another node
Traceback (most recent call last):
  File "F:\Files\比赛\挑战杯++\专项赛3\AI chatbot\V2\tests\graph_test.py", line 231, in run_test_case
    result = run_tcm_graph(
             ^^^^^^^^^^^^^^
  File "F:\Files\比赛\挑战杯++\专项赛3\AI chatbot\V2\graph.py", line 189, in run_tcm_graph
    app = create_tcm_graph()
          ^^^^^^^^^^^^^^^^^^
  File "F:\Files\比赛\挑战杯++\专项赛3\AI chatbot\V2\graph.py", line 161, in create_tcm_graph
    app = graph.compile()
          ^^^^^^^^^^^^^^^
  File "D:\anaconda\Lib\site-packages\langgraph\graph\state.py", line 829, in compile
    self.validate(
  File "D:\anaconda\Lib\site-packages\langgraph\graph\state.py", line 759, in validate
    raise ValueError(
ValueError: Graph must have an entrypoint: add at least one edge from START to another node
2025-08-10 02:16:37,721 - TCMGraphTest - INFO - ------------------------------------------------------------
2025-08-10 02:16:37,721 - TCMGraphTest - INFO - 执行测试 10/12
2025-08-10 02:16:37,722 - TCMGraphTest - INFO - 测试用例: 复杂症状组合 - 肝肾阴虚
2025-08-10 02:16:37,722 - TCMGraphTest - INFO - 用户输入: 医生，我头晕耳鸣，腰膝酸软，口干咽燥，手心脚心发热，夜间盗汗，失眠多梦，眼睛干涩，月经不调。
2025-08-10 02:16:37,723 - graph - INFO - 开始处理用户输入: 医生，我头晕耳鸣，腰膝酸软，口干咽燥，手心脚心发热，夜间盗汗，失眠多梦，眼睛干涩，月经不调。
2025-08-10 02:16:37,723 - graph - INFO - 开始创建中医智能对话系统图...
2025-08-10 02:16:37,723 - nodes.c_rag_retrieval_node - INFO - 初始化RAG检索节点
2025-08-10 02:16:37,723 - RAG_system.embedding_model - INFO - 检测到GPU设备: NVIDIA GeForce RTX 4070 Laptop GPU, 共 1 个GPU
2025-08-10 02:16:37,724 - RAG_system.embedding_model - INFO - 嵌入模型管理器初始化成功，使用设备: cuda
2025-08-10 02:16:37,724 - RAG_system.retriever - INFO - 检索管理器初始化成功
2025-08-10 02:16:37,724 - RAG_system.embedding_model - INFO - 检测到GPU设备: NVIDIA GeForce RTX 4070 Laptop GPU, 共 1 个GPU
2025-08-10 02:16:37,725 - RAG_system.rag_manager - INFO - RAG管理器初始化成功，使用设备: cuda
2025-08-10 02:16:37,725 - RAG_system.rag_manager - INFO - 正在启动RAG管理器
2025-08-10 02:16:37,725 - RAG_system.rag_manager - INFO - 发现本地嵌入模型信息，正在加载
2025-08-10 02:16:37,727 - RAG_system.embedding_model - INFO - 正在加载嵌入模型: sentence-transformers/paraphrase-multilingual-MiniLM-L12-v2
2025-08-10 02:16:37,727 - RAG_system.embedding_model - INFO - 从本地加载嵌入模型: RAG_system/model\sentence-transformers_paraphrase-multilingual-MiniLM-L12-v2
2025-08-10 02:16:37,731 - sentence_transformers.SentenceTransformer - INFO - Load pretrained SentenceTransformer: RAG_system/model\sentence-transformers_paraphrase-multilingual-MiniLM-L12-v2
2025-08-10 02:16:37,732 - sentence_transformers.SentenceTransformer - WARNING - No sentence-transformers model found with name RAG_system/model\sentence-transformers_paraphrase-multilingual-MiniLM-L12-v2. Creating a new one with mean pooling.
2025-08-10 02:16:50,587 - RAG_system.embedding_model - INFO - 正在保存嵌入模型信息
2025-08-10 02:16:50,590 - RAG_system.embedding_model - INFO - 嵌入模型信息已保存到: RAG_system/model\model_info.json
2025-08-10 02:16:50,590 - RAG_system.embedding_model - INFO - 嵌入模型加载成功，使用设备: cuda
2025-08-10 02:16:50,591 - RAG_system.vector_store - INFO - 向量存储管理器初始化成功
2025-08-10 02:16:50,591 - RAG_system.rag_manager - INFO - 检查向量存储路径: RAG_system/RAG/vector_store\index.faiss
2025-08-10 02:16:50,591 - RAG_system.rag_manager - INFO - 发现本地向量存储，正在加载
2025-08-10 02:16:50,591 - RAG_system.vector_store - INFO - 正在从路径加载向量存储: vector_store
2025-08-10 02:16:53,610 - RAG_system.vector_store - INFO - 向量存储加载成功
2025-08-10 02:16:53,610 - RAG_system.retriever - INFO - 正在创建检索器
2025-08-10 02:16:53,611 - RAG_system.retriever - INFO - 检索器创建成功
2025-08-10 02:16:53,611 - RAG_system.rag_manager - INFO - RAG管理器启动成功
2025-08-10 02:16:53,611 - nodes.c_rag_retrieval_node - INFO - RAG检索节点初始化完成
2025-08-10 02:16:53,611 - graph - INFO - 添加所有节点...
2025-08-10 02:16:53,615 - graph - INFO - 配置节点间的路由逻辑...
2025-08-10 02:16:53,615 - graph - INFO - 编译图...
2025-08-10 02:16:53,615 - TCMGraphTest - ERROR - 测试用例执行失败: Graph must have an entrypoint: add at least one edge from START to another node
Traceback (most recent call last):
  File "F:\Files\比赛\挑战杯++\专项赛3\AI chatbot\V2\tests\graph_test.py", line 231, in run_test_case
    result = run_tcm_graph(
             ^^^^^^^^^^^^^^
  File "F:\Files\比赛\挑战杯++\专项赛3\AI chatbot\V2\graph.py", line 189, in run_tcm_graph
    }
      
  File "F:\Files\比赛\挑战杯++\专项赛3\AI chatbot\V2\graph.py", line 161, in create_tcm_graph
    logger.info("编译图...")
          ^^^^^^^^^^^^^
  File "D:\anaconda\Lib\site-packages\langgraph\graph\state.py", line 829, in compile
    self.validate(
  File "D:\anaconda\Lib\site-packages\langgraph\graph\state.py", line 759, in validate
    raise ValueError(
ValueError: Graph must have an entrypoint: add at least one edge from START to another node
2025-08-10 02:16:53,790 - TCMGraphTest - INFO - ------------------------------------------------------------
2025-08-10 02:16:53,790 - TCMGraphTest - INFO - 执行测试 11/12
2025-08-10 02:16:53,790 - TCMGraphTest - INFO - 测试用例: 性能测试 - 长文本输入
2025-08-10 02:16:53,791 - TCMGraphTest - INFO - 用户输入: 医生您好，我想详细描述一下我的症状，希望您能给我一个准确的诊断。我最近几个月来一直感觉身体不适，我最近几个月来一直感觉身体不适，我最近几个月来一直感觉身体不适，我最近几个月来一直感觉身体不适，我最近几个月来一直感觉身体不适，我最近几个月来一直感觉身体不适，我最近几个月来一直感觉身体不适，我最近几个月来一直感觉身体不适，我最近几个月来一直感觉身体不适，我最近几个月来一直感觉身体不适，我最近几个月来一直感觉身体不适，我最近几个月来一直感觉身体不适，我最近几个月来一直感觉身体不适，我最近几个月来一直感觉身体不适，我最近几个月来一直感觉身体不适，我最近几个月来一直感觉身体不适，我最近几个月来一直感觉身体不适，我最近几个月来一直感觉身体不适，我最近几个月来一直感觉身体不适，我最近几个月来一直感觉身体不适，主要症状是头晕、乏力、失眠。
2025-08-10 02:16:53,791 - graph - INFO - 开始处理用户输入: 医生您好，我想详细描述一下我的症状，希望您能给我一个准确的诊断。我最近几个月来一直感觉身体不适，我最近几个月来一直感觉身体不适，我最近几个月来一直感觉身体不适，我最近几个月来一直感觉身体不适，我最近几个月来一直感觉身体不适，我最近几个月来一直感觉身体不适，我最近几个月来一直感觉身体不适，我最近几个月来一直感觉身体不适，我最近几个月来一直感觉身体不适，我最近几个月来一直感觉身体不适，我最近几个月来一直感觉身体不适，我最近几个月来一直感觉身体不适，我最近几个月来一直感觉身体不适，我最近几个月来一直感觉身体不适，我最近几个月来一直感觉身体不适，我最近几个月来一直感觉身体不适，我最近几个月来一直感觉身体不适，我最近几个月来一直感觉身体不适，我最近几个月来一直感觉身体不适，我最近几个月来一直感觉身体不适，主要症状是头晕、乏力、失眠。
2025-08-10 02:16:53,791 - graph - INFO - 开始创建中医智能对话系统图...
2025-08-10 02:16:53,792 - nodes.c_rag_retrieval_node - INFO - 初始化RAG检索节点
2025-08-10 02:16:53,792 - RAG_system.embedding_model - INFO - 检测到GPU设备: NVIDIA GeForce RTX 4070 Laptop GPU, 共 1 个GPU
2025-08-10 02:16:53,793 - RAG_system.embedding_model - INFO - 嵌入模型管理器初始化成功，使用设备: cuda
2025-08-10 02:16:53,794 - RAG_system.retriever - INFO - 检索管理器初始化成功
2025-08-10 02:16:53,794 - RAG_system.embedding_model - INFO - 检测到GPU设备: NVIDIA GeForce RTX 4070 Laptop GPU, 共 1 个GPU
2025-08-10 02:16:53,794 - RAG_system.rag_manager - INFO - RAG管理器初始化成功，使用设备: cuda
2025-08-10 02:16:53,794 - RAG_system.rag_manager - INFO - 正在启动RAG管理器
2025-08-10 02:16:53,794 - RAG_system.rag_manager - INFO - 发现本地嵌入模型信息，正在加载
2025-08-10 02:16:53,796 - RAG_system.embedding_model - INFO - 正在加载嵌入模型: sentence-transformers/paraphrase-multilingual-MiniLM-L12-v2
2025-08-10 02:16:53,796 - RAG_system.embedding_model - INFO - 从本地加载嵌入模型: RAG_system/model\sentence-transformers_paraphrase-multilingual-MiniLM-L12-v2
2025-08-10 02:16:53,798 - sentence_transformers.SentenceTransformer - INFO - Load pretrained SentenceTransformer: RAG_system/model\sentence-transformers_paraphrase-multilingual-MiniLM-L12-v2
2025-08-10 02:16:53,799 - sentence_transformers.SentenceTransformer - WARNING - No sentence-transformers model found with name RAG_system/model\sentence-transformers_paraphrase-multilingual-MiniLM-L12-v2. Creating a new one with mean pooling.
2025-08-10 02:16:54,743 - RAG_system.embedding_model - INFO - 正在保存嵌入模型信息
2025-08-10 02:16:54,746 - RAG_system.embedding_model - INFO - 嵌入模型信息已保存到: RAG_system/model\model_info.json
2025-08-10 02:16:54,746 - RAG_system.embedding_model - INFO - 嵌入模型加载成功，使用设备: cuda
2025-08-10 02:16:54,746 - RAG_system.vector_store - INFO - 向量存储管理器初始化成功
2025-08-10 02:16:54,747 - RAG_system.rag_manager - INFO - 检查向量存储路径: RAG_system/RAG/vector_store\index.faiss
2025-08-10 02:16:54,748 - RAG_system.rag_manager - INFO - 发现本地向量存储，正在加载
2025-08-10 02:16:54,748 - RAG_system.vector_store - INFO - 正在从路径加载向量存储: vector_store
2025-08-10 02:16:56,781 - RAG_system.vector_store - INFO - 向量存储加载成功
2025-08-10 02:16:56,781 - RAG_system.retriever - INFO - 正在创建检索器
2025-08-10 02:16:56,781 - RAG_system.retriever - INFO - 检索器创建成功
2025-08-10 02:16:56,782 - RAG_system.rag_manager - INFO - RAG管理器启动成功
2025-08-10 02:16:56,782 - nodes.c_rag_retrieval_node - INFO - RAG检索节点初始化完成
2025-08-10 02:16:56,782 - graph - INFO - 添加所有节点...
2025-08-10 02:16:56,785 - graph - INFO - 配置节点间的路由逻辑...
2025-08-10 02:16:56,786 - graph - INFO - 编译图...
2025-08-10 02:16:56,786 - TCMGraphTest - ERROR - 测试用例执行失败: Graph must have an entrypoint: add at least one edge from START to another node
Traceback (most recent call last):
  File "F:\Files\比赛\挑战杯++\专项赛3\AI chatbot\V2\tests\graph_test.py", line 231, in run_test_case
    result = run_tcm_graph(
             ^^^^^^^^^^^^^^
  File "F:\Files\比赛\挑战杯++\专项赛3\AI chatbot\V2\graph.py", line 189, in run_tcm_graph
    }
      
  File "F:\Files\比赛\挑战杯++\专项赛3\AI chatbot\V2\graph.py", line 161, in create_tcm_graph
    logger.info("编译图...")
          ^^^^^^^^^^^^^
  File "D:\anaconda\Lib\site-packages\langgraph\graph\state.py", line 829, in compile
    self.validate(
  File "D:\anaconda\Lib\site-packages\langgraph\graph\state.py", line 759, in validate
    raise ValueError(
ValueError: Graph must have an entrypoint: add at least one edge from START to another node
2025-08-10 02:16:56,900 - TCMGraphTest - INFO - ------------------------------------------------------------
2025-08-10 02:16:56,900 - TCMGraphTest - INFO - 执行测试 12/12
2025-08-10 02:16:56,901 - TCMGraphTest - INFO - 测试用例: 药物咨询
2025-08-10 02:16:56,901 - TCMGraphTest - INFO - 用户输入: 请问六味地黄丸的功效和适应症是什么？
2025-08-10 02:16:56,901 - graph - INFO - 开始处理用户输入: 请问六味地黄丸的功效和适应症是什么？
2025-08-10 02:16:56,902 - graph - INFO - 开始创建中医智能对话系统图...
2025-08-10 02:16:56,902 - nodes.c_rag_retrieval_node - INFO - 初始化RAG检索节点
2025-08-10 02:16:56,902 - RAG_system.embedding_model - INFO - 检测到GPU设备: NVIDIA GeForce RTX 4070 Laptop GPU, 共 1 个GPU
2025-08-10 02:16:56,902 - RAG_system.embedding_model - INFO - 嵌入模型管理器初始化成功，使用设备: cuda
2025-08-10 02:16:56,902 - RAG_system.retriever - INFO - 检索管理器初始化成功
2025-08-10 02:16:56,903 - RAG_system.embedding_model - INFO - 检测到GPU设备: NVIDIA GeForce RTX 4070 Laptop GPU, 共 1 个GPU
2025-08-10 02:16:56,903 - RAG_system.rag_manager - INFO - RAG管理器初始化成功，使用设备: cuda
2025-08-10 02:16:56,903 - RAG_system.rag_manager - INFO - 正在启动RAG管理器
2025-08-10 02:16:56,903 - RAG_system.rag_manager - INFO - 发现本地嵌入模型信息，正在加载
2025-08-10 02:16:56,904 - RAG_system.embedding_model - INFO - 正在加载嵌入模型: sentence-transformers/paraphrase-multilingual-MiniLM-L12-v2
2025-08-10 02:16:56,904 - RAG_system.embedding_model - INFO - 从本地加载嵌入模型: RAG_system/model\sentence-transformers_paraphrase-multilingual-MiniLM-L12-v2
2025-08-10 02:16:56,907 - sentence_transformers.SentenceTransformer - INFO - Load pretrained SentenceTransformer: RAG_system/model\sentence-transformers_paraphrase-multilingual-MiniLM-L12-v2
2025-08-10 02:16:56,907 - sentence_transformers.SentenceTransformer - WARNING - No sentence-transformers model found with name RAG_system/model\sentence-transformers_paraphrase-multilingual-MiniLM-L12-v2. Creating a new one with mean pooling.
2025-08-10 02:16:57,664 - RAG_system.embedding_model - INFO - 正在保存嵌入模型信息
2025-08-10 02:16:57,667 - RAG_system.embedding_model - INFO - 嵌入模型信息已保存到: RAG_system/model\model_info.json
2025-08-10 02:16:57,668 - RAG_system.embedding_model - INFO - 嵌入模型加载成功，使用设备: cuda
2025-08-10 02:16:57,668 - RAG_system.vector_store - INFO - 向量存储管理器初始化成功
2025-08-10 02:16:57,668 - RAG_system.rag_manager - INFO - 检查向量存储路径: RAG_system/RAG/vector_store\index.faiss
2025-08-10 02:16:57,669 - RAG_system.rag_manager - INFO - 发现本地向量存储，正在加载
2025-08-10 02:16:57,669 - RAG_system.vector_store - INFO - 正在从路径加载向量存储: vector_store
2025-08-10 02:17:17,175 - TCMGraphTest - INFO - 日志将保存到: tests/logs/tcm_graph_test_20250810_021717.log
2025-08-10 02:17:17,176 - TCMGraphTest - INFO - ================================================================================
2025-08-10 02:17:17,176 - TCMGraphTest - INFO - 中医智能对话系统LangGraph测试
2025-08-10 02:17:17,176 - TCMGraphTest - INFO - ================================================================================
2025-08-10 02:17:17,176 - TCMGraphTest - INFO - 开始中医智能对话系统图测试
2025-08-10 02:17:17,176 - TCMGraphTest - INFO - 执行测试 1/12
2025-08-10 02:17:17,176 - TCMGraphTest - INFO - 测试用例: 完整诊断流程 - 典型症状
2025-08-10 02:17:17,176 - TCMGraphTest - INFO - 用户输入: 医生，我最近总是感到头晕目眩，还有腰膝酸软，晚上失眠多梦，手心脚心发热，请帮我看看是什么问题？
2025-08-10 02:17:17,177 - graph - INFO - 开始处理用户输入: 医生，我最近总是感到头晕目眩，还有腰膝酸软，晚上失眠多梦，手心脚心发热，请帮我看看是什么问题？
2025-08-10 02:17:17,177 - graph - INFO - 开始创建中医智能对话系统图...
2025-08-10 02:17:17,177 - nodes.c_rag_retrieval_node - INFO - 初始化RAG检索节点
2025-08-10 02:17:17,177 - RAG_system.embedding_model - INFO - 检测到GPU设备: NVIDIA GeForce RTX 4070 Laptop GPU, 共 1 个GPU
2025-08-10 02:17:17,178 - RAG_system.embedding_model - INFO - 嵌入模型管理器初始化成功，使用设备: cuda
2025-08-10 02:17:17,178 - RAG_system.retriever - INFO - 检索管理器初始化成功
2025-08-10 02:17:17,178 - RAG_system.embedding_model - INFO - 检测到GPU设备: NVIDIA GeForce RTX 4070 Laptop GPU, 共 1 个GPU
2025-08-10 02:17:17,178 - RAG_system.rag_manager - INFO - RAG管理器初始化成功，使用设备: cuda
2025-08-10 02:17:17,178 - RAG_system.rag_manager - INFO - 正在启动RAG管理器
2025-08-10 02:17:17,179 - RAG_system.rag_manager - INFO - 发现本地嵌入模型信息，正在加载
2025-08-10 02:17:17,180 - RAG_system.embedding_model - INFO - 正在加载嵌入模型: sentence-transformers/paraphrase-multilingual-MiniLM-L12-v2
2025-08-10 02:17:17,180 - RAG_system.embedding_model - INFO - 从本地加载嵌入模型: RAG_system/model\sentence-transformers_paraphrase-multilingual-MiniLM-L12-v2
2025-08-10 02:17:17,183 - sentence_transformers.SentenceTransformer - INFO - Load pretrained SentenceTransformer: RAG_system/model\sentence-transformers_paraphrase-multilingual-MiniLM-L12-v2
2025-08-10 02:17:17,183 - sentence_transformers.SentenceTransformer - WARNING - No sentence-transformers model found with name RAG_system/model\sentence-transformers_paraphrase-multilingual-MiniLM-L12-v2. Creating a new one with mean pooling.
2025-08-10 02:17:17,847 - RAG_system.embedding_model - INFO - 正在保存嵌入模型信息
2025-08-10 02:17:17,850 - RAG_system.embedding_model - INFO - 嵌入模型信息已保存到: RAG_system/model\model_info.json
2025-08-10 02:17:17,851 - RAG_system.embedding_model - INFO - 嵌入模型加载成功，使用设备: cuda
2025-08-10 02:17:17,852 - RAG_system.vector_store - INFO - 向量存储管理器初始化成功
2025-08-10 02:17:17,852 - RAG_system.rag_manager - INFO - 检查向量存储路径: RAG_system/RAG/vector_store\index.faiss
2025-08-10 02:17:17,852 - RAG_system.rag_manager - INFO - 发现本地向量存储，正在加载
2025-08-10 02:17:17,852 - RAG_system.vector_store - INFO - 正在从路径加载向量存储: vector_store
2025-08-10 02:17:20,181 - RAG_system.vector_store - INFO - 向量存储加载成功
2025-08-10 02:17:20,182 - RAG_system.retriever - INFO - 正在创建检索器
2025-08-10 02:17:20,182 - RAG_system.retriever - INFO - 检索器创建成功
2025-08-10 02:17:20,182 - RAG_system.rag_manager - INFO - RAG管理器启动成功
2025-08-10 02:17:20,182 - nodes.c_rag_retrieval_node - INFO - RAG检索节点初始化完成
2025-08-10 02:17:20,184 - graph - INFO - 添加所有节点...
2025-08-10 02:17:20,187 - graph - INFO - 配置节点间的路由逻辑...
2025-08-10 02:17:20,187 - graph - INFO - 编译图...
2025-08-10 02:17:20,212 - graph - INFO - 中医智能对话系统图创建完成
2025-08-10 02:17:20,212 - graph - INFO - 开始执行图...
2025-08-10 02:17:20,216 - nodes.a_input_node - INFO - 处理用户输入成功: '医生，我最近总是感到头晕目眩，还有腰膝酸软，晚上失眠多梦，手...'（如果更长）
2025-08-10 02:17:20,218 - graph - ERROR - 图执行过程中发生错误: Expected dict, got ({'user_input': '医生，我最近总是感到头晕目眩，还有腰膝酸软，晚上失眠多梦，手心脚心发热，请帮我看看是什么问题？', 'query': '医生，我最近总是感到头晕目眩，还有腰膝酸软，晚上失眠多梦，手心脚心发热，请帮我看看是什么问题？', 'messages': [HumanMessage(content='医生，我最近总是感到头晕目眩，还有腰膝酸软，晚上失眠多梦，手心脚心发热，请帮我看看是什么问题？', additional_kwargs={}, response_metadata={})], 'memory': ConversationBufferMemory(chat_memory=InMemoryChatMessageHistory(messages=[HumanMessage(content='医生，我最近总是感到头晕目眩，还有腰膝酸软，晚上失眠多梦，手心脚心发热，请帮我看看是什么问题？', additional_kwargs={}, response_metadata={})])), 'documents': None, 'response': None, 'error': None, 'config': {'retriever_k': 4}}, 'next')
For troubleshooting, visit: https://python.langchain.com/docs/troubleshooting/errors/INVALID_GRAPH_NODE_RETURN_VALUE
2025-08-10 02:17:20,219 - TCMGraphTest - INFO - 执行成功: False
2025-08-10 02:17:20,219 - TCMGraphTest - INFO - 用户意图: None
2025-08-10 02:17:20,220 - TCMGraphTest - ERROR - 测试用例执行失败: object of type 'NoneType' has no len()
Traceback (most recent call last):
  File "F:\Files\比赛\挑战杯++\专项赛3\AI chatbot\V2\tests\graph_test.py", line 244, in run_test_case
    logger.info(f"提取症状数: {len(result.get('symptoms_list', []))}")
                               ^^^^^^^^^^^^^^^^^^^^^^^^^^^^^^^^^^^^
TypeError: object of type 'NoneType' has no len()
2025-08-10 02:17:20,220 - TCMGraphTest - INFO - ------------------------------------------------------------
2025-08-10 02:17:20,221 - TCMGraphTest - INFO - 执行测试 2/12
2025-08-10 02:17:20,221 - TCMGraphTest - INFO - 测试用例: 需要追问的诊断流程 - 症状不足
2025-08-10 02:17:20,221 - TCMGraphTest - INFO - 用户输入: 我咳嗽
2025-08-10 02:17:20,221 - graph - INFO - 开始处理用户输入: 我咳嗽
2025-08-10 02:17:20,221 - graph - INFO - 开始创建中医智能对话系统图...
2025-08-10 02:17:20,221 - nodes.c_rag_retrieval_node - INFO - 初始化RAG检索节点
2025-08-10 02:17:20,222 - RAG_system.embedding_model - INFO - 检测到GPU设备: NVIDIA GeForce RTX 4070 Laptop GPU, 共 1 个GPU
2025-08-10 02:17:20,222 - RAG_system.embedding_model - INFO - 嵌入模型管理器初始化成功，使用设备: cuda
2025-08-10 02:17:20,222 - RAG_system.retriever - INFO - 检索管理器初始化成功
2025-08-10 02:17:20,222 - RAG_system.embedding_model - INFO - 检测到GPU设备: NVIDIA GeForce RTX 4070 Laptop GPU, 共 1 个GPU
2025-08-10 02:17:20,222 - RAG_system.rag_manager - INFO - RAG管理器初始化成功，使用设备: cuda
2025-08-10 02:17:20,222 - RAG_system.rag_manager - INFO - 正在启动RAG管理器
2025-08-10 02:17:20,223 - RAG_system.rag_manager - INFO - 发现本地嵌入模型信息，正在加载
2025-08-10 02:17:20,223 - RAG_system.embedding_model - INFO - 正在加载嵌入模型: sentence-transformers/paraphrase-multilingual-MiniLM-L12-v2
2025-08-10 02:17:20,224 - RAG_system.embedding_model - INFO - 从本地加载嵌入模型: RAG_system/model\sentence-transformers_paraphrase-multilingual-MiniLM-L12-v2
2025-08-10 02:17:20,226 - sentence_transformers.SentenceTransformer - INFO - Load pretrained SentenceTransformer: RAG_system/model\sentence-transformers_paraphrase-multilingual-MiniLM-L12-v2
2025-08-10 02:17:20,226 - sentence_transformers.SentenceTransformer - WARNING - No sentence-transformers model found with name RAG_system/model\sentence-transformers_paraphrase-multilingual-MiniLM-L12-v2. Creating a new one with mean pooling.
2025-08-10 02:17:24,560 - RAG_system.embedding_model - INFO - 正在保存嵌入模型信息
2025-08-10 02:17:24,564 - RAG_system.embedding_model - INFO - 嵌入模型信息已保存到: RAG_system/model\model_info.json
2025-08-10 02:17:24,564 - RAG_system.embedding_model - INFO - 嵌入模型加载成功，使用设备: cuda
2025-08-10 02:17:24,565 - RAG_system.vector_store - INFO - 向量存储管理器初始化成功
2025-08-10 02:17:24,565 - RAG_system.rag_manager - INFO - 检查向量存储路径: RAG_system/RAG/vector_store\index.faiss
2025-08-10 02:17:24,565 - RAG_system.rag_manager - INFO - 发现本地向量存储，正在加载
2025-08-10 02:17:24,565 - RAG_system.vector_store - INFO - 正在从路径加载向量存储: vector_store
2025-08-10 02:17:50,786 - RAG_system.vector_store - INFO - 向量存储加载成功
2025-08-10 02:17:50,787 - RAG_system.retriever - INFO - 正在创建检索器
2025-08-10 02:17:50,787 - RAG_system.retriever - INFO - 检索器创建成功
2025-08-10 02:17:50,788 - RAG_system.rag_manager - INFO - RAG管理器启动成功
2025-08-10 02:17:50,788 - nodes.c_rag_retrieval_node - INFO - RAG检索节点初始化完成
2025-08-10 02:17:50,788 - graph - INFO - 添加所有节点...
2025-08-10 02:17:50,790 - graph - INFO - 配置节点间的路由逻辑...
2025-08-10 02:17:50,791 - graph - INFO - 编译图...
2025-08-10 02:17:50,795 - graph - INFO - 中医智能对话系统图创建完成
2025-08-10 02:17:50,795 - graph - INFO - 开始执行图...
2025-08-10 02:17:50,796 - nodes.a_input_node - INFO - 处理用户输入成功: '我咳嗽...'（如果更长）
2025-08-10 02:17:50,796 - graph - ERROR - 图执行过程中发生错误: Expected dict, got ({'user_input': '我咳嗽', 'query': '我咳嗽', 'messages': [HumanMessage(content='我咳嗽', additional_kwargs={}, response_metadata={})], 'memory': ConversationBufferMemory(chat_memory=InMemoryChatMessageHistory(messages=[HumanMessage(content='我咳嗽', additional_kwargs={}, response_metadata={})])), 'documents': None, 'response': None, 'error': None, 'config': {'retriever_k': 4}}, 'next')
For troubleshooting, visit: https://python.langchain.com/docs/troubleshooting/errors/INVALID_GRAPH_NODE_RETURN_VALUE
2025-08-10 02:17:50,797 - TCMGraphTest - INFO - 执行成功: False
2025-08-10 02:17:50,797 - TCMGraphTest - INFO - 用户意图: None
2025-08-10 02:17:50,797 - TCMGraphTest - ERROR - 测试用例执行失败: object of type 'NoneType' has no len()
Traceback (most recent call last):
  File "F:\Files\比赛\挑战杯++\专项赛3\AI chatbot\V2\tests\graph_test.py", line 244, in run_test_case
    logger.info(f"提取症状数: {len(result.get('symptoms_list', []))}")
                               ^^^^^^^^^^^^^^^^^^^^^^^^^^^^^^^^^^^^
TypeError: object of type 'NoneType' has no len()
2025-08-10 02:17:50,797 - TCMGraphTest - INFO - ------------------------------------------------------------
2025-08-10 02:17:50,797 - TCMGraphTest - INFO - 执行测试 3/12
2025-08-10 02:17:50,798 - TCMGraphTest - INFO - 测试用例: 典型脾虚证诊断
2025-08-10 02:17:50,799 - TCMGraphTest - INFO - 用户输入: 我最近总是感到疲乏无力，不想吃饭，大便也不成形，容易腹胀，请医生帮我诊断一下。
2025-08-10 02:17:50,800 - graph - INFO - 开始处理用户输入: 我最近总是感到疲乏无力，不想吃饭，大便也不成形，容易腹胀，请医生帮我诊断一下。
2025-08-10 02:17:50,801 - graph - INFO - 开始创建中医智能对话系统图...
2025-08-10 02:17:50,801 - nodes.c_rag_retrieval_node - INFO - 初始化RAG检索节点
2025-08-10 02:17:50,801 - RAG_system.embedding_model - INFO - 检测到GPU设备: NVIDIA GeForce RTX 4070 Laptop GPU, 共 1 个GPU
2025-08-10 02:17:50,801 - RAG_system.embedding_model - INFO - 嵌入模型管理器初始化成功，使用设备: cuda
2025-08-10 02:17:50,801 - RAG_system.retriever - INFO - 检索管理器初始化成功
2025-08-10 02:17:50,802 - RAG_system.embedding_model - INFO - 检测到GPU设备: NVIDIA GeForce RTX 4070 Laptop GPU, 共 1 个GPU
2025-08-10 02:17:50,802 - RAG_system.rag_manager - INFO - RAG管理器初始化成功，使用设备: cuda
2025-08-10 02:17:50,802 - RAG_system.rag_manager - INFO - 正在启动RAG管理器
2025-08-10 02:17:50,802 - RAG_system.rag_manager - INFO - 发现本地嵌入模型信息，正在加载
2025-08-10 02:17:50,803 - RAG_system.embedding_model - INFO - 正在加载嵌入模型: sentence-transformers/paraphrase-multilingual-MiniLM-L12-v2
2025-08-10 02:17:50,804 - RAG_system.embedding_model - INFO - 从本地加载嵌入模型: RAG_system/model\sentence-transformers_paraphrase-multilingual-MiniLM-L12-v2
2025-08-10 02:17:50,806 - sentence_transformers.SentenceTransformer - INFO - Load pretrained SentenceTransformer: RAG_system/model\sentence-transformers_paraphrase-multilingual-MiniLM-L12-v2
2025-08-10 02:17:50,807 - sentence_transformers.SentenceTransformer - WARNING - No sentence-transformers model found with name RAG_system/model\sentence-transformers_paraphrase-multilingual-MiniLM-L12-v2. Creating a new one with mean pooling.
2025-08-10 02:17:51,812 - RAG_system.embedding_model - INFO - 正在保存嵌入模型信息
2025-08-10 02:17:51,814 - RAG_system.embedding_model - INFO - 嵌入模型信息已保存到: RAG_system/model\model_info.json
2025-08-10 02:17:51,814 - RAG_system.embedding_model - INFO - 嵌入模型加载成功，使用设备: cuda
2025-08-10 02:17:51,815 - RAG_system.vector_store - INFO - 向量存储管理器初始化成功
2025-08-10 02:17:51,815 - RAG_system.rag_manager - INFO - 检查向量存储路径: RAG_system/RAG/vector_store\index.faiss
2025-08-10 02:17:51,815 - RAG_system.rag_manager - INFO - 发现本地向量存储，正在加载
2025-08-10 02:17:51,815 - RAG_system.vector_store - INFO - 正在从路径加载向量存储: vector_store
2025-08-10 02:17:54,094 - RAG_system.vector_store - INFO - 向量存储加载成功
2025-08-10 02:17:54,095 - RAG_system.retriever - INFO - 正在创建检索器
2025-08-10 02:17:54,095 - RAG_system.retriever - INFO - 检索器创建成功
2025-08-10 02:17:54,095 - RAG_system.rag_manager - INFO - RAG管理器启动成功
2025-08-10 02:17:54,096 - nodes.c_rag_retrieval_node - INFO - RAG检索节点初始化完成
2025-08-10 02:17:54,096 - graph - INFO - 添加所有节点...
2025-08-10 02:17:54,098 - graph - INFO - 配置节点间的路由逻辑...
2025-08-10 02:17:54,098 - graph - INFO - 编译图...
2025-08-10 02:17:54,103 - graph - INFO - 中医智能对话系统图创建完成
2025-08-10 02:17:54,103 - graph - INFO - 开始执行图...
2025-08-10 02:17:54,104 - nodes.a_input_node - INFO - 处理用户输入成功: '我最近总是感到疲乏无力，不想吃饭，大便也不成形，容易腹胀，请...'（如果更长）
2025-08-10 02:17:54,104 - graph - ERROR - 图执行过程中发生错误: Expected dict, got ({'user_input': '我最近总是感到疲乏无力，不想吃饭，大便也不成形，容易腹胀，请医生帮我诊断一下。', 'query': '我最近总是感到疲乏无力，不想吃饭，大便也不成形，容易腹胀，请医生帮我诊断一下。', 'messages': [HumanMessage(content='我最近总是感到疲乏无力，不想吃饭，大便也不成形，容易腹胀，请医生帮我诊断一下。', additional_kwargs={}, response_metadata={})], 'memory': ConversationBufferMemory(chat_memory=InMemoryChatMessageHistory(messages=[HumanMessage(content='我最近总是感到疲乏无力，不想吃饭，大便也不成形，容易腹胀，请医生帮我诊断一下。', additional_kwargs={}, response_metadata={})])), 'documents': None, 'response': None, 'error': None, 'config': {'retriever_k': 4}}, 'next')
For troubleshooting, visit: https://python.langchain.com/docs/troubleshooting/errors/INVALID_GRAPH_NODE_RETURN_VALUE
2025-08-10 02:17:54,104 - TCMGraphTest - INFO - 执行成功: False
2025-08-10 02:17:54,105 - TCMGraphTest - INFO - 用户意图: None
2025-08-10 02:17:54,105 - TCMGraphTest - ERROR - 测试用例执行失败: object of type 'NoneType' has no len()
Traceback (most recent call last):
  File "F:\Files\比赛\挑战杯++\专项赛3\AI chatbot\V2\tests\graph_test.py", line 244, in run_test_case
    logger.info(f"提取症状数: {len(result.get('symptoms_list', []))}")
                               ^^^^^^^^^^^^^^^^^^^^^^^^^^^^^^^^^^^^
TypeError: object of type 'NoneType' has no len()
2025-08-10 02:17:54,105 - TCMGraphTest - INFO - ------------------------------------------------------------
2025-08-10 02:17:54,106 - TCMGraphTest - INFO - 执行测试 4/12
2025-08-10 02:17:54,106 - TCMGraphTest - INFO - 测试用例: 肝郁气滞证诊断
2025-08-10 02:17:54,106 - TCMGraphTest - INFO - 用户输入: 医生，我胸胁部位经常胀痛，心情抑郁，容易生气，还经常嗳气，这是怎么回事？
2025-08-10 02:17:54,106 - graph - INFO - 开始处理用户输入: 医生，我胸胁部位经常胀痛，心情抑郁，容易生气，还经常嗳气，这是怎么回事？
2025-08-10 02:17:54,106 - graph - INFO - 开始创建中医智能对话系统图...
2025-08-10 02:17:54,106 - nodes.c_rag_retrieval_node - INFO - 初始化RAG检索节点
2025-08-10 02:17:54,107 - RAG_system.embedding_model - INFO - 检测到GPU设备: NVIDIA GeForce RTX 4070 Laptop GPU, 共 1 个GPU
2025-08-10 02:17:54,107 - RAG_system.embedding_model - INFO - 嵌入模型管理器初始化成功，使用设备: cuda
2025-08-10 02:17:54,107 - RAG_system.retriever - INFO - 检索管理器初始化成功
2025-08-10 02:17:54,108 - RAG_system.embedding_model - INFO - 检测到GPU设备: NVIDIA GeForce RTX 4070 Laptop GPU, 共 1 个GPU
2025-08-10 02:17:54,108 - RAG_system.rag_manager - INFO - RAG管理器初始化成功，使用设备: cuda
2025-08-10 02:17:54,108 - RAG_system.rag_manager - INFO - 正在启动RAG管理器
2025-08-10 02:17:54,108 - RAG_system.rag_manager - INFO - 发现本地嵌入模型信息，正在加载
2025-08-10 02:17:54,110 - RAG_system.embedding_model - INFO - 正在加载嵌入模型: sentence-transformers/paraphrase-multilingual-MiniLM-L12-v2
2025-08-10 02:17:54,110 - RAG_system.embedding_model - INFO - 从本地加载嵌入模型: RAG_system/model\sentence-transformers_paraphrase-multilingual-MiniLM-L12-v2
2025-08-10 02:17:54,112 - sentence_transformers.SentenceTransformer - INFO - Load pretrained SentenceTransformer: RAG_system/model\sentence-transformers_paraphrase-multilingual-MiniLM-L12-v2
2025-08-10 02:17:54,113 - sentence_transformers.SentenceTransformer - WARNING - No sentence-transformers model found with name RAG_system/model\sentence-transformers_paraphrase-multilingual-MiniLM-L12-v2. Creating a new one with mean pooling.
2025-08-10 02:17:55,061 - RAG_system.embedding_model - INFO - 正在保存嵌入模型信息
2025-08-10 02:17:55,064 - RAG_system.embedding_model - INFO - 嵌入模型信息已保存到: RAG_system/model\model_info.json
2025-08-10 02:17:55,064 - RAG_system.embedding_model - INFO - 嵌入模型加载成功，使用设备: cuda
2025-08-10 02:17:55,065 - RAG_system.vector_store - INFO - 向量存储管理器初始化成功
2025-08-10 02:17:55,065 - RAG_system.rag_manager - INFO - 检查向量存储路径: RAG_system/RAG/vector_store\index.faiss
2025-08-10 02:17:55,065 - RAG_system.rag_manager - INFO - 发现本地向量存储，正在加载
2025-08-10 02:17:55,065 - RAG_system.vector_store - INFO - 正在从路径加载向量存储: vector_store
2025-08-10 02:17:57,283 - RAG_system.vector_store - INFO - 向量存储加载成功
2025-08-10 02:17:57,283 - RAG_system.retriever - INFO - 正在创建检索器
2025-08-10 02:17:57,284 - RAG_system.retriever - INFO - 检索器创建成功
2025-08-10 02:17:57,284 - RAG_system.rag_manager - INFO - RAG管理器启动成功
2025-08-10 02:17:57,284 - nodes.c_rag_retrieval_node - INFO - RAG检索节点初始化完成
2025-08-10 02:17:57,285 - graph - INFO - 添加所有节点...
2025-08-10 02:17:57,287 - graph - INFO - 配置节点间的路由逻辑...
2025-08-10 02:17:57,287 - graph - INFO - 编译图...
2025-08-10 02:17:57,290 - graph - INFO - 中医智能对话系统图创建完成
2025-08-10 02:17:57,291 - graph - INFO - 开始执行图...
2025-08-10 02:17:57,292 - nodes.a_input_node - INFO - 处理用户输入成功: '医生，我胸胁部位经常胀痛，心情抑郁，容易生气，还经常嗳气，这...'（如果更长）
2025-08-10 02:17:57,292 - graph - ERROR - 图执行过程中发生错误: Expected dict, got ({'user_input': '医生，我胸胁部位经常胀痛，心情抑郁，容易生气，还经常嗳气，这是怎么回事？', 'query': '医生，我胸胁部位经常胀痛，心情抑郁，容易生气，还经常嗳气，这是怎么回事？', 'messages': [HumanMessage(content='医生，我胸胁部位经常胀痛，心情抑郁，容易生气，还经常嗳气，这是怎么回事？', additional_kwargs={}, response_metadata={})], 'memory': ConversationBufferMemory(chat_memory=InMemoryChatMessageHistory(messages=[HumanMessage(content='医生，我胸胁部位经常胀痛，心情抑郁，容易生气，还经常嗳气，这是怎么回事？', additional_kwargs={}, response_metadata={})])), 'documents': None, 'response': None, 'error': None, 'config': {'retriever_k': 4}}, 'next')
For troubleshooting, visit: https://python.langchain.com/docs/troubleshooting/errors/INVALID_GRAPH_NODE_RETURN_VALUE
2025-08-10 02:17:57,293 - TCMGraphTest - INFO - 执行成功: False
2025-08-10 02:17:57,293 - TCMGraphTest - INFO - 用户意图: None
2025-08-10 02:17:57,294 - TCMGraphTest - ERROR - 测试用例执行失败: object of type 'NoneType' has no len()
Traceback (most recent call last):
  File "F:\Files\比赛\挑战杯++\专项赛3\AI chatbot\V2\tests\graph_test.py", line 244, in run_test_case
    logger.info(f"提取症状数: {len(result.get('symptoms_list', []))}")
                               ^^^^^^^^^^^^^^^^^^^^^^^^^^^^^^^^^^^^
TypeError: object of type 'NoneType' has no len()
2025-08-10 02:17:57,294 - TCMGraphTest - INFO - ------------------------------------------------------------
2025-08-10 02:17:57,295 - TCMGraphTest - INFO - 执行测试 5/12
2025-08-10 02:17:57,295 - TCMGraphTest - INFO - 测试用例: 一般咨询 - 非诊断意图
2025-08-10 02:17:57,295 - TCMGraphTest - INFO - 用户输入: 请问中医的基本理论是什么？
2025-08-10 02:17:57,296 - graph - INFO - 开始处理用户输入: 请问中医的基本理论是什么？
2025-08-10 02:17:57,296 - graph - INFO - 开始创建中医智能对话系统图...
2025-08-10 02:17:57,296 - nodes.c_rag_retrieval_node - INFO - 初始化RAG检索节点
2025-08-10 02:17:57,297 - RAG_system.embedding_model - INFO - 检测到GPU设备: NVIDIA GeForce RTX 4070 Laptop GPU, 共 1 个GPU
2025-08-10 02:17:57,297 - RAG_system.embedding_model - INFO - 嵌入模型管理器初始化成功，使用设备: cuda
2025-08-10 02:17:57,298 - RAG_system.retriever - INFO - 检索管理器初始化成功
2025-08-10 02:17:57,299 - RAG_system.embedding_model - INFO - 检测到GPU设备: NVIDIA GeForce RTX 4070 Laptop GPU, 共 1 个GPU
2025-08-10 02:17:57,299 - RAG_system.rag_manager - INFO - RAG管理器初始化成功，使用设备: cuda
2025-08-10 02:17:57,299 - RAG_system.rag_manager - INFO - 正在启动RAG管理器
2025-08-10 02:17:57,300 - RAG_system.rag_manager - INFO - 发现本地嵌入模型信息，正在加载
2025-08-10 02:17:57,301 - RAG_system.embedding_model - INFO - 正在加载嵌入模型: sentence-transformers/paraphrase-multilingual-MiniLM-L12-v2
2025-08-10 02:17:57,301 - RAG_system.embedding_model - INFO - 从本地加载嵌入模型: RAG_system/model\sentence-transformers_paraphrase-multilingual-MiniLM-L12-v2
2025-08-10 02:17:57,304 - sentence_transformers.SentenceTransformer - INFO - Load pretrained SentenceTransformer: RAG_system/model\sentence-transformers_paraphrase-multilingual-MiniLM-L12-v2
2025-08-10 02:17:57,305 - sentence_transformers.SentenceTransformer - WARNING - No sentence-transformers model found with name RAG_system/model\sentence-transformers_paraphrase-multilingual-MiniLM-L12-v2. Creating a new one with mean pooling.
2025-08-10 02:17:58,238 - RAG_system.embedding_model - INFO - 正在保存嵌入模型信息
2025-08-10 02:17:58,241 - RAG_system.embedding_model - INFO - 嵌入模型信息已保存到: RAG_system/model\model_info.json
2025-08-10 02:17:58,241 - RAG_system.embedding_model - INFO - 嵌入模型加载成功，使用设备: cuda
2025-08-10 02:17:58,242 - RAG_system.vector_store - INFO - 向量存储管理器初始化成功
2025-08-10 02:17:58,242 - RAG_system.rag_manager - INFO - 检查向量存储路径: RAG_system/RAG/vector_store\index.faiss
2025-08-10 02:17:58,242 - RAG_system.rag_manager - INFO - 发现本地向量存储，正在加载
2025-08-10 02:17:58,243 - RAG_system.vector_store - INFO - 正在从路径加载向量存储: vector_store
2025-08-10 02:24:05,392 - TCMGraphTest - INFO - 日志将保存到: tests/logs/tcm_graph_test_20250810_022405.log
2025-08-10 02:24:05,393 - TCMGraphTest - INFO - ================================================================================
2025-08-10 02:24:05,393 - TCMGraphTest - INFO - 中医智能对话系统LangGraph测试
2025-08-10 02:24:05,393 - TCMGraphTest - INFO - ================================================================================
2025-08-10 02:24:05,394 - TCMGraphTest - INFO - 开始中医智能对话系统图测试
2025-08-10 02:24:05,394 - TCMGraphTest - INFO - 执行测试 1/12
2025-08-10 02:24:05,394 - TCMGraphTest - INFO - 测试用例: 完整诊断流程 - 典型症状
2025-08-10 02:24:05,394 - TCMGraphTest - INFO - 用户输入: 医生，我最近总是感到头晕目眩，还有腰膝酸软，晚上失眠多梦，手心脚心发热，请帮我看看是什么问题？
2025-08-10 02:24:05,395 - graph - INFO - 开始处理用户输入: 医生，我最近总是感到头晕目眩，还有腰膝酸软，晚上失眠多梦，手心脚心发热，请帮我看看是什么问题？
2025-08-10 02:24:05,395 - graph - INFO - 开始创建中医智能对话系统图...
2025-08-10 02:24:05,395 - nodes.c_rag_retrieval_node - INFO - 初始化RAG检索节点
2025-08-10 02:24:05,395 - RAG_system.embedding_model - INFO - 检测到GPU设备: NVIDIA GeForce RTX 4070 Laptop GPU, 共 1 个GPU
2025-08-10 02:24:05,395 - RAG_system.embedding_model - INFO - 嵌入模型管理器初始化成功，使用设备: cuda
2025-08-10 02:24:05,396 - RAG_system.retriever - INFO - 检索管理器初始化成功
2025-08-10 02:24:05,396 - RAG_system.embedding_model - INFO - 检测到GPU设备: NVIDIA GeForce RTX 4070 Laptop GPU, 共 1 个GPU
2025-08-10 02:24:05,396 - RAG_system.rag_manager - INFO - RAG管理器初始化成功，使用设备: cuda
2025-08-10 02:24:05,396 - RAG_system.rag_manager - INFO - 正在启动RAG管理器
2025-08-10 02:24:05,396 - RAG_system.rag_manager - INFO - 发现本地嵌入模型信息，正在加载
2025-08-10 02:24:05,398 - RAG_system.embedding_model - INFO - 正在加载嵌入模型: sentence-transformers/paraphrase-multilingual-MiniLM-L12-v2
2025-08-10 02:24:05,398 - RAG_system.embedding_model - INFO - 从本地加载嵌入模型: RAG_system/model\sentence-transformers_paraphrase-multilingual-MiniLM-L12-v2
2025-08-10 02:24:05,400 - sentence_transformers.SentenceTransformer - INFO - Load pretrained SentenceTransformer: RAG_system/model\sentence-transformers_paraphrase-multilingual-MiniLM-L12-v2
2025-08-10 02:24:05,401 - sentence_transformers.SentenceTransformer - WARNING - No sentence-transformers model found with name RAG_system/model\sentence-transformers_paraphrase-multilingual-MiniLM-L12-v2. Creating a new one with mean pooling.
2025-08-10 02:24:06,101 - RAG_system.embedding_model - INFO - 正在保存嵌入模型信息
2025-08-10 02:24:06,104 - RAG_system.embedding_model - INFO - 嵌入模型信息已保存到: RAG_system/model\model_info.json
2025-08-10 02:24:06,104 - RAG_system.embedding_model - INFO - 嵌入模型加载成功，使用设备: cuda
2025-08-10 02:24:06,105 - RAG_system.vector_store - INFO - 向量存储管理器初始化成功
2025-08-10 02:24:06,105 - RAG_system.rag_manager - INFO - 检查向量存储路径: RAG_system/RAG/vector_store\index.faiss
2025-08-10 02:24:06,105 - RAG_system.rag_manager - INFO - 发现本地向量存储，正在加载
2025-08-10 02:24:06,105 - RAG_system.vector_store - INFO - 正在从路径加载向量存储: vector_store
2025-08-10 02:24:14,406 - RAG_system.vector_store - INFO - 向量存储加载成功
2025-08-10 02:24:14,407 - RAG_system.retriever - INFO - 正在创建检索器
2025-08-10 02:24:14,408 - RAG_system.retriever - INFO - 检索器创建成功
2025-08-10 02:24:14,408 - RAG_system.rag_manager - INFO - RAG管理器启动成功
2025-08-10 02:24:14,408 - nodes.c_rag_retrieval_node - INFO - RAG检索节点初始化完成
2025-08-10 02:24:14,409 - graph - INFO - 添加所有节点...
2025-08-10 02:24:14,413 - graph - INFO - 配置节点间的路由逻辑...
2025-08-10 02:24:14,413 - graph - INFO - 编译图...
2025-08-10 02:24:14,414 - graph - INFO - 中医智能对话系统图创建完成
2025-08-10 02:24:14,414 - graph - INFO - 开始执行图...
2025-08-10 02:24:14,418 - nodes.a_input_node - INFO - 输入处理节点启动
2025-08-10 02:24:14,419 - nodes.a_input_node - INFO - 处理用户输入成功: '医生，我最近总是感到头晕目眩，还有腰膝酸软，晚上失眠多梦，手...'
2025-08-10 02:24:14,420 - graph - ERROR - 图执行过程中发生错误: Expected dict, got ({'user_input': '医生，我最近总是感到头晕目眩，还有腰膝酸软，晚上失眠多梦，手心脚心发热，请帮我看看是什么问题？', 'query': '医生，我最近总是感到头晕目眩，还有腰膝酸软，晚上失眠多梦，手心脚心发热，请帮我看看是什么问题？', 'messages': [HumanMessage(content='医生，我最近总是感到头晕目眩，还有腰膝酸软，晚上失眠多梦，手心脚心发热，请帮我看看是什么问题？', additional_kwargs={}, response_metadata={})], 'memory': ConversationBufferMemory(chat_memory=InMemoryChatMessageHistory(messages=[HumanMessage(content='医生，我最近总是感到头晕目眩，还有腰膝酸软，晚上失眠多梦，手心脚心发热，请帮我看看是什么问题？', additional_kwargs={}, response_metadata={})])), 'documents': None, 'response': None, 'error': None, 'config': {'retriever_k': 4}, 'safety_check': None, 'intent': None, 'intent_details': None, 'relevant_context': None, 'symptoms_list': None, 'missing_info_list': None, 'conversation_state': None, 'diagnosis_data': None}, 'next')
For troubleshooting, visit: https://python.langchain.com/docs/troubleshooting/errors/INVALID_GRAPH_NODE_RETURN_VALUE
2025-08-10 02:24:14,421 - TCMGraphTest - INFO - 执行成功: False
2025-08-10 02:24:14,421 - TCMGraphTest - INFO - 用户意图: None
2025-08-10 02:24:14,421 - TCMGraphTest - ERROR - 测试用例执行失败: object of type 'NoneType' has no len()
Traceback (most recent call last):
  File "F:\Files\比赛\挑战杯++\专项赛3\AI chatbot\V2\tests\graph_test.py", line 244, in run_test_case
    logger.info(f"提取症状数: {len(result.get('symptoms_list', []))}")
                               ^^^^^^^^^^^^^^^^^^^^^^^^^^^^^^^^^^^^
TypeError: object of type 'NoneType' has no len()
2025-08-10 02:24:14,423 - TCMGraphTest - INFO - ------------------------------------------------------------
2025-08-10 02:24:14,423 - TCMGraphTest - INFO - 执行测试 2/12
2025-08-10 02:24:14,423 - TCMGraphTest - INFO - 测试用例: 需要追问的诊断流程 - 症状不足
2025-08-10 02:24:14,424 - TCMGraphTest - INFO - 用户输入: 我咳嗽
2025-08-10 02:24:14,424 - graph - INFO - 开始处理用户输入: 我咳嗽
2025-08-10 02:24:14,424 - graph - INFO - 开始创建中医智能对话系统图...
2025-08-10 02:24:14,424 - nodes.c_rag_retrieval_node - INFO - 初始化RAG检索节点
2025-08-10 02:24:14,425 - RAG_system.embedding_model - INFO - 检测到GPU设备: NVIDIA GeForce RTX 4070 Laptop GPU, 共 1 个GPU
2025-08-10 02:24:14,425 - RAG_system.embedding_model - INFO - 嵌入模型管理器初始化成功，使用设备: cuda
2025-08-10 02:24:14,425 - RAG_system.retriever - INFO - 检索管理器初始化成功
2025-08-10 02:24:14,425 - RAG_system.embedding_model - INFO - 检测到GPU设备: NVIDIA GeForce RTX 4070 Laptop GPU, 共 1 个GPU
2025-08-10 02:24:14,426 - RAG_system.rag_manager - INFO - RAG管理器初始化成功，使用设备: cuda
2025-08-10 02:24:14,426 - RAG_system.rag_manager - INFO - 正在启动RAG管理器
2025-08-10 02:24:14,426 - RAG_system.rag_manager - INFO - 发现本地嵌入模型信息，正在加载
2025-08-10 02:24:14,428 - RAG_system.embedding_model - INFO - 正在加载嵌入模型: sentence-transformers/paraphrase-multilingual-MiniLM-L12-v2
2025-08-10 02:24:14,429 - RAG_system.embedding_model - INFO - 从本地加载嵌入模型: RAG_system/model\sentence-transformers_paraphrase-multilingual-MiniLM-L12-v2
2025-08-10 02:24:14,431 - sentence_transformers.SentenceTransformer - INFO - Load pretrained SentenceTransformer: RAG_system/model\sentence-transformers_paraphrase-multilingual-MiniLM-L12-v2
2025-08-10 02:24:14,431 - sentence_transformers.SentenceTransformer - WARNING - No sentence-transformers model found with name RAG_system/model\sentence-transformers_paraphrase-multilingual-MiniLM-L12-v2. Creating a new one with mean pooling.
2025-08-10 02:24:27,873 - RAG_system.embedding_model - INFO - 正在保存嵌入模型信息
2025-08-10 02:24:27,876 - RAG_system.embedding_model - INFO - 嵌入模型信息已保存到: RAG_system/model\model_info.json
2025-08-10 02:24:27,876 - RAG_system.embedding_model - INFO - 嵌入模型加载成功，使用设备: cuda
2025-08-10 02:24:27,877 - RAG_system.vector_store - INFO - 向量存储管理器初始化成功
2025-08-10 02:24:27,878 - RAG_system.rag_manager - INFO - 检查向量存储路径: RAG_system/RAG/vector_store\index.faiss
2025-08-10 02:24:27,878 - RAG_system.rag_manager - INFO - 发现本地向量存储，正在加载
2025-08-10 02:24:27,878 - RAG_system.vector_store - INFO - 正在从路径加载向量存储: vector_store
2025-08-10 02:24:54,086 - RAG_system.vector_store - INFO - 向量存储加载成功
2025-08-10 02:24:54,087 - RAG_system.retriever - INFO - 正在创建检索器
2025-08-10 02:24:54,087 - RAG_system.retriever - INFO - 检索器创建成功
2025-08-10 02:24:54,088 - RAG_system.rag_manager - INFO - RAG管理器启动成功
2025-08-10 02:24:54,088 - nodes.c_rag_retrieval_node - INFO - RAG检索节点初始化完成
2025-08-10 02:24:54,089 - graph - INFO - 添加所有节点...
2025-08-10 02:24:54,092 - graph - INFO - 配置节点间的路由逻辑...
2025-08-10 02:24:54,092 - graph - INFO - 编译图...
2025-08-10 02:24:54,094 - graph - INFO - 中医智能对话系统图创建完成
2025-08-10 02:24:54,094 - graph - INFO - 开始执行图...
2025-08-10 02:24:54,095 - nodes.a_input_node - INFO - 输入处理节点启动
2025-08-10 02:24:54,095 - nodes.a_input_node - INFO - 处理用户输入成功: '我咳嗽'
2025-08-10 02:24:54,095 - graph - ERROR - 图执行过程中发生错误: Expected dict, got ({'user_input': '我咳嗽', 'query': '我咳嗽', 'messages': [HumanMessage(content='我咳嗽', additional_kwargs={}, response_metadata={})], 'memory': ConversationBufferMemory(chat_memory=InMemoryChatMessageHistory(messages=[HumanMessage(content='我咳嗽', additional_kwargs={}, response_metadata={})])), 'documents': None, 'response': None, 'error': None, 'config': {'retriever_k': 4}, 'safety_check': None, 'intent': None, 'intent_details': None, 'relevant_context': None, 'symptoms_list': None, 'missing_info_list': None, 'conversation_state': None, 'diagnosis_data': None}, 'next')
For troubleshooting, visit: https://python.langchain.com/docs/troubleshooting/errors/INVALID_GRAPH_NODE_RETURN_VALUE
2025-08-10 02:24:54,096 - TCMGraphTest - INFO - 执行成功: False
2025-08-10 02:24:54,096 - TCMGraphTest - INFO - 用户意图: None
2025-08-10 02:24:54,097 - TCMGraphTest - ERROR - 测试用例执行失败: object of type 'NoneType' has no len()
Traceback (most recent call last):
  File "F:\Files\比赛\挑战杯++\专项赛3\AI chatbot\V2\tests\graph_test.py", line 244, in run_test_case
    logger.info(f"提取症状数: {len(result.get('symptoms_list', []))}")
                               ^^^^^^^^^^^^^^^^^^^^^^^^^^^^^^^^^^^^
TypeError: object of type 'NoneType' has no len()
2025-08-10 02:24:54,097 - TCMGraphTest - INFO - ------------------------------------------------------------
2025-08-10 02:24:54,097 - TCMGraphTest - INFO - 执行测试 3/12
2025-08-10 02:24:54,098 - TCMGraphTest - INFO - 测试用例: 典型脾虚证诊断
2025-08-10 02:24:54,098 - TCMGraphTest - INFO - 用户输入: 我最近总是感到疲乏无力，不想吃饭，大便也不成形，容易腹胀，请医生帮我诊断一下。
2025-08-10 02:24:54,099 - graph - INFO - 开始处理用户输入: 我最近总是感到疲乏无力，不想吃饭，大便也不成形，容易腹胀，请医生帮我诊断一下。
2025-08-10 02:24:54,100 - graph - INFO - 开始创建中医智能对话系统图...
2025-08-10 02:24:54,100 - nodes.c_rag_retrieval_node - INFO - 初始化RAG检索节点
2025-08-10 02:24:54,100 - RAG_system.embedding_model - INFO - 检测到GPU设备: NVIDIA GeForce RTX 4070 Laptop GPU, 共 1 个GPU
2025-08-10 02:24:54,100 - RAG_system.embedding_model - INFO - 嵌入模型管理器初始化成功，使用设备: cuda
2025-08-10 02:24:54,101 - RAG_system.retriever - INFO - 检索管理器初始化成功
2025-08-10 02:24:54,101 - RAG_system.embedding_model - INFO - 检测到GPU设备: NVIDIA GeForce RTX 4070 Laptop GPU, 共 1 个GPU
2025-08-10 02:24:54,101 - RAG_system.rag_manager - INFO - RAG管理器初始化成功，使用设备: cuda
2025-08-10 02:24:54,101 - RAG_system.rag_manager - INFO - 正在启动RAG管理器
2025-08-10 02:24:54,101 - RAG_system.rag_manager - INFO - 发现本地嵌入模型信息，正在加载
2025-08-10 02:24:54,103 - RAG_system.embedding_model - INFO - 正在加载嵌入模型: sentence-transformers/paraphrase-multilingual-MiniLM-L12-v2
2025-08-10 02:24:54,103 - RAG_system.embedding_model - INFO - 从本地加载嵌入模型: RAG_system/model\sentence-transformers_paraphrase-multilingual-MiniLM-L12-v2
2025-08-10 02:24:54,105 - sentence_transformers.SentenceTransformer - INFO - Load pretrained SentenceTransformer: RAG_system/model\sentence-transformers_paraphrase-multilingual-MiniLM-L12-v2
2025-08-10 02:24:54,105 - sentence_transformers.SentenceTransformer - WARNING - No sentence-transformers model found with name RAG_system/model\sentence-transformers_paraphrase-multilingual-MiniLM-L12-v2. Creating a new one with mean pooling.
2025-08-10 02:24:55,052 - RAG_system.embedding_model - INFO - 正在保存嵌入模型信息
2025-08-10 02:24:55,056 - RAG_system.embedding_model - INFO - 嵌入模型信息已保存到: RAG_system/model\model_info.json
2025-08-10 02:24:55,056 - RAG_system.embedding_model - INFO - 嵌入模型加载成功，使用设备: cuda
2025-08-10 02:24:55,057 - RAG_system.vector_store - INFO - 向量存储管理器初始化成功
2025-08-10 02:24:55,057 - RAG_system.rag_manager - INFO - 检查向量存储路径: RAG_system/RAG/vector_store\index.faiss
2025-08-10 02:24:55,057 - RAG_system.rag_manager - INFO - 发现本地向量存储，正在加载
2025-08-10 02:24:55,058 - RAG_system.vector_store - INFO - 正在从路径加载向量存储: vector_store
2025-08-10 02:24:57,303 - RAG_system.vector_store - INFO - 向量存储加载成功
2025-08-10 02:24:57,304 - RAG_system.retriever - INFO - 正在创建检索器
2025-08-10 02:24:57,305 - RAG_system.retriever - INFO - 检索器创建成功
2025-08-10 02:24:57,305 - RAG_system.rag_manager - INFO - RAG管理器启动成功
2025-08-10 02:24:57,305 - nodes.c_rag_retrieval_node - INFO - RAG检索节点初始化完成
2025-08-10 02:24:57,306 - graph - INFO - 添加所有节点...
2025-08-10 02:24:57,308 - graph - INFO - 配置节点间的路由逻辑...
2025-08-10 02:24:57,309 - graph - INFO - 编译图...
2025-08-10 02:24:57,311 - graph - INFO - 中医智能对话系统图创建完成
2025-08-10 02:24:57,311 - graph - INFO - 开始执行图...
2025-08-10 02:24:57,312 - nodes.a_input_node - INFO - 输入处理节点启动
2025-08-10 02:24:57,312 - nodes.a_input_node - INFO - 处理用户输入成功: '我最近总是感到疲乏无力，不想吃饭，大便也不成形，容易腹胀，请...'
2025-08-10 02:24:57,313 - graph - ERROR - 图执行过程中发生错误: Expected dict, got ({'user_input': '我最近总是感到疲乏无力，不想吃饭，大便也不成形，容易腹胀，请医生帮我诊断一下。', 'query': '我最近总是感到疲乏无力，不想吃饭，大便也不成形，容易腹胀，请医生帮我诊断一下。', 'messages': [HumanMessage(content='我最近总是感到疲乏无力，不想吃饭，大便也不成形，容易腹胀，请医生帮我诊断一下。', additional_kwargs={}, response_metadata={})], 'memory': ConversationBufferMemory(chat_memory=InMemoryChatMessageHistory(messages=[HumanMessage(content='我最近总是感到疲乏无力，不想吃饭，大便也不成形，容易腹胀，请医生帮我诊断一下。', additional_kwargs={}, response_metadata={})])), 'documents': None, 'response': None, 'error': None, 'config': {'retriever_k': 4}, 'safety_check': None, 'intent': None, 'intent_details': None, 'relevant_context': None, 'symptoms_list': None, 'missing_info_list': None, 'conversation_state': None, 'diagnosis_data': None}, 'next')
For troubleshooting, visit: https://python.langchain.com/docs/troubleshooting/errors/INVALID_GRAPH_NODE_RETURN_VALUE
2025-08-10 02:24:57,313 - TCMGraphTest - INFO - 执行成功: False
2025-08-10 02:24:57,314 - TCMGraphTest - INFO - 用户意图: None
2025-08-10 02:24:57,314 - TCMGraphTest - ERROR - 测试用例执行失败: object of type 'NoneType' has no len()
Traceback (most recent call last):
  File "F:\Files\比赛\挑战杯++\专项赛3\AI chatbot\V2\tests\graph_test.py", line 244, in run_test_case
    logger.info(f"提取症状数: {len(result.get('symptoms_list', []))}")
                               ^^^^^^^^^^^^^^^^^^^^^^^^^^^^^^^^^^^^
TypeError: object of type 'NoneType' has no len()
2025-08-10 02:24:57,314 - TCMGraphTest - INFO - ------------------------------------------------------------
2025-08-10 02:24:57,314 - TCMGraphTest - INFO - 执行测试 4/12
2025-08-10 02:24:57,315 - TCMGraphTest - INFO - 测试用例: 肝郁气滞证诊断
2025-08-10 02:24:57,315 - TCMGraphTest - INFO - 用户输入: 医生，我胸胁部位经常胀痛，心情抑郁，容易生气，还经常嗳气，这是怎么回事？
2025-08-10 02:24:57,315 - graph - INFO - 开始处理用户输入: 医生，我胸胁部位经常胀痛，心情抑郁，容易生气，还经常嗳气，这是怎么回事？
2025-08-10 02:24:57,316 - graph - INFO - 开始创建中医智能对话系统图...
2025-08-10 02:24:57,316 - nodes.c_rag_retrieval_node - INFO - 初始化RAG检索节点
2025-08-10 02:24:57,316 - RAG_system.embedding_model - INFO - 检测到GPU设备: NVIDIA GeForce RTX 4070 Laptop GPU, 共 1 个GPU
2025-08-10 02:24:57,316 - RAG_system.embedding_model - INFO - 嵌入模型管理器初始化成功，使用设备: cuda
2025-08-10 02:24:57,316 - RAG_system.retriever - INFO - 检索管理器初始化成功
2025-08-10 02:24:57,316 - RAG_system.embedding_model - INFO - 检测到GPU设备: NVIDIA GeForce RTX 4070 Laptop GPU, 共 1 个GPU
2025-08-10 02:24:57,316 - RAG_system.rag_manager - INFO - RAG管理器初始化成功，使用设备: cuda
2025-08-10 02:24:57,317 - RAG_system.rag_manager - INFO - 正在启动RAG管理器
2025-08-10 02:24:57,317 - RAG_system.rag_manager - INFO - 发现本地嵌入模型信息，正在加载
2025-08-10 02:24:57,318 - RAG_system.embedding_model - INFO - 正在加载嵌入模型: sentence-transformers/paraphrase-multilingual-MiniLM-L12-v2
2025-08-10 02:24:57,318 - RAG_system.embedding_model - INFO - 从本地加载嵌入模型: RAG_system/model\sentence-transformers_paraphrase-multilingual-MiniLM-L12-v2
2025-08-10 02:24:57,321 - sentence_transformers.SentenceTransformer - INFO - Load pretrained SentenceTransformer: RAG_system/model\sentence-transformers_paraphrase-multilingual-MiniLM-L12-v2
2025-08-10 02:24:57,322 - sentence_transformers.SentenceTransformer - WARNING - No sentence-transformers model found with name RAG_system/model\sentence-transformers_paraphrase-multilingual-MiniLM-L12-v2. Creating a new one with mean pooling.
2025-08-10 02:24:58,234 - RAG_system.embedding_model - INFO - 正在保存嵌入模型信息
2025-08-10 02:24:58,237 - RAG_system.embedding_model - INFO - 嵌入模型信息已保存到: RAG_system/model\model_info.json
2025-08-10 02:24:58,238 - RAG_system.embedding_model - INFO - 嵌入模型加载成功，使用设备: cuda
2025-08-10 02:24:58,238 - RAG_system.vector_store - INFO - 向量存储管理器初始化成功
2025-08-10 02:24:58,238 - RAG_system.rag_manager - INFO - 检查向量存储路径: RAG_system/RAG/vector_store\index.faiss
2025-08-10 02:24:58,239 - RAG_system.rag_manager - INFO - 发现本地向量存储，正在加载
2025-08-10 02:24:58,239 - RAG_system.vector_store - INFO - 正在从路径加载向量存储: vector_store
2025-08-10 02:25:00,436 - RAG_system.vector_store - INFO - 向量存储加载成功
2025-08-10 02:25:00,436 - RAG_system.retriever - INFO - 正在创建检索器
2025-08-10 02:25:00,438 - RAG_system.retriever - INFO - 检索器创建成功
2025-08-10 02:25:00,438 - RAG_system.rag_manager - INFO - RAG管理器启动成功
2025-08-10 02:25:00,439 - nodes.c_rag_retrieval_node - INFO - RAG检索节点初始化完成
2025-08-10 02:25:00,439 - graph - INFO - 添加所有节点...
2025-08-10 02:25:00,441 - graph - INFO - 配置节点间的路由逻辑...
2025-08-10 02:25:00,442 - graph - INFO - 编译图...
2025-08-10 02:25:00,444 - graph - INFO - 中医智能对话系统图创建完成
2025-08-10 02:25:00,444 - graph - INFO - 开始执行图...
2025-08-10 02:25:00,445 - nodes.a_input_node - INFO - 输入处理节点启动
2025-08-10 02:25:00,445 - nodes.a_input_node - INFO - 处理用户输入成功: '医生，我胸胁部位经常胀痛，心情抑郁，容易生气，还经常嗳气，这...'
2025-08-10 02:25:00,445 - graph - ERROR - 图执行过程中发生错误: Expected dict, got ({'user_input': '医生，我胸胁部位经常胀痛，心情抑郁，容易生气，还经常嗳气，这是怎么回事？', 'query': '医生，我胸胁部位经常胀痛，心情抑郁，容易生气，还经常嗳气，这是怎么回事？', 'messages': [HumanMessage(content='医生，我胸胁部位经常胀痛，心情抑郁，容易生气，还经常嗳气，这是怎么回事？', additional_kwargs={}, response_metadata={})], 'memory': ConversationBufferMemory(chat_memory=InMemoryChatMessageHistory(messages=[HumanMessage(content='医生，我胸胁部位经常胀痛，心情抑郁，容易生气，还经常嗳气，这是怎么回事？', additional_kwargs={}, response_metadata={})])), 'documents': None, 'response': None, 'error': None, 'config': {'retriever_k': 4}, 'safety_check': None, 'intent': None, 'intent_details': None, 'relevant_context': None, 'symptoms_list': None, 'missing_info_list': None, 'conversation_state': None, 'diagnosis_data': None}, 'next')
For troubleshooting, visit: https://python.langchain.com/docs/troubleshooting/errors/INVALID_GRAPH_NODE_RETURN_VALUE
2025-08-10 02:25:00,446 - TCMGraphTest - INFO - 执行成功: False
2025-08-10 02:25:00,446 - TCMGraphTest - INFO - 用户意图: None
2025-08-10 02:25:00,446 - TCMGraphTest - ERROR - 测试用例执行失败: object of type 'NoneType' has no len()
Traceback (most recent call last):
  File "F:\Files\比赛\挑战杯++\专项赛3\AI chatbot\V2\tests\graph_test.py", line 244, in run_test_case
    logger.info(f"提取症状数: {len(result.get('symptoms_list', []))}")
                               ^^^^^^^^^^^^^^^^^^^^^^^^^^^^^^^^^^^^
TypeError: object of type 'NoneType' has no len()
2025-08-10 02:25:00,447 - TCMGraphTest - INFO - ------------------------------------------------------------
2025-08-10 02:25:00,447 - TCMGraphTest - INFO - 执行测试 5/12
2025-08-10 02:25:00,447 - TCMGraphTest - INFO - 测试用例: 一般咨询 - 非诊断意图
2025-08-10 02:25:00,447 - TCMGraphTest - INFO - 用户输入: 请问中医的基本理论是什么？
2025-08-10 02:25:00,447 - graph - INFO - 开始处理用户输入: 请问中医的基本理论是什么？
2025-08-10 02:25:00,447 - graph - INFO - 开始创建中医智能对话系统图...
2025-08-10 02:25:00,447 - nodes.c_rag_retrieval_node - INFO - 初始化RAG检索节点
2025-08-10 02:25:00,447 - RAG_system.embedding_model - INFO - 检测到GPU设备: NVIDIA GeForce RTX 4070 Laptop GPU, 共 1 个GPU
2025-08-10 02:25:00,449 - RAG_system.embedding_model - INFO - 嵌入模型管理器初始化成功，使用设备: cuda
2025-08-10 02:25:00,449 - RAG_system.retriever - INFO - 检索管理器初始化成功
2025-08-10 02:25:00,449 - RAG_system.embedding_model - INFO - 检测到GPU设备: NVIDIA GeForce RTX 4070 Laptop GPU, 共 1 个GPU
2025-08-10 02:25:00,449 - RAG_system.rag_manager - INFO - RAG管理器初始化成功，使用设备: cuda
2025-08-10 02:25:00,450 - RAG_system.rag_manager - INFO - 正在启动RAG管理器
2025-08-10 02:25:00,450 - RAG_system.rag_manager - INFO - 发现本地嵌入模型信息，正在加载
2025-08-10 02:25:00,451 - RAG_system.embedding_model - INFO - 正在加载嵌入模型: sentence-transformers/paraphrase-multilingual-MiniLM-L12-v2
2025-08-10 02:25:00,452 - RAG_system.embedding_model - INFO - 从本地加载嵌入模型: RAG_system/model\sentence-transformers_paraphrase-multilingual-MiniLM-L12-v2
2025-08-10 02:25:00,454 - sentence_transformers.SentenceTransformer - INFO - Load pretrained SentenceTransformer: RAG_system/model\sentence-transformers_paraphrase-multilingual-MiniLM-L12-v2
2025-08-10 02:25:00,454 - sentence_transformers.SentenceTransformer - WARNING - No sentence-transformers model found with name RAG_system/model\sentence-transformers_paraphrase-multilingual-MiniLM-L12-v2. Creating a new one with mean pooling.
2025-08-10 02:25:01,428 - RAG_system.embedding_model - INFO - 正在保存嵌入模型信息
2025-08-10 02:25:01,431 - RAG_system.embedding_model - INFO - 嵌入模型信息已保存到: RAG_system/model\model_info.json
2025-08-10 02:25:01,432 - RAG_system.embedding_model - INFO - 嵌入模型加载成功，使用设备: cuda
2025-08-10 02:25:01,432 - RAG_system.vector_store - INFO - 向量存储管理器初始化成功
2025-08-10 02:25:01,433 - RAG_system.rag_manager - INFO - 检查向量存储路径: RAG_system/RAG/vector_store\index.faiss
2025-08-10 02:25:01,433 - RAG_system.rag_manager - INFO - 发现本地向量存储，正在加载
2025-08-10 02:25:01,433 - RAG_system.vector_store - INFO - 正在从路径加载向量存储: vector_store
2025-08-10 02:25:04,013 - RAG_system.vector_store - INFO - 向量存储加载成功
2025-08-10 02:25:04,014 - RAG_system.retriever - INFO - 正在创建检索器
2025-08-10 02:25:04,015 - RAG_system.retriever - INFO - 检索器创建成功
2025-08-10 02:25:04,015 - RAG_system.rag_manager - INFO - RAG管理器启动成功
2025-08-10 02:25:04,015 - nodes.c_rag_retrieval_node - INFO - RAG检索节点初始化完成
2025-08-10 02:25:04,016 - graph - INFO - 添加所有节点...
2025-08-10 02:25:04,019 - graph - INFO - 配置节点间的路由逻辑...
2025-08-10 02:25:04,019 - graph - INFO - 编译图...
2025-08-10 02:25:04,020 - graph - INFO - 中医智能对话系统图创建完成
2025-08-10 02:25:04,020 - graph - INFO - 开始执行图...
2025-08-10 02:25:04,021 - nodes.a_input_node - INFO - 输入处理节点启动
2025-08-10 02:25:04,021 - nodes.a_input_node - INFO - 处理用户输入成功: '请问中医的基本理论是什么？'
2025-08-10 02:25:04,022 - graph - ERROR - 图执行过程中发生错误: Expected dict, got ({'user_input': '请问中医的基本理论是什么？', 'query': '请问中医的基本理论是什么？', 'messages': [HumanMessage(content='请问中医的基本理论是什么？', additional_kwargs={}, response_metadata={})], 'memory': ConversationBufferMemory(chat_memory=InMemoryChatMessageHistory(messages=[HumanMessage(content='请问中医的基本理论是什么？', additional_kwargs={}, response_metadata={})])), 'documents': None, 'response': None, 'error': None, 'config': {'retriever_k': 4}, 'safety_check': None, 'intent': None, 'intent_details': None, 'relevant_context': None, 'symptoms_list': None, 'missing_info_list': None, 'conversation_state': None, 'diagnosis_data': None}, 'next')
For troubleshooting, visit: https://python.langchain.com/docs/troubleshooting/errors/INVALID_GRAPH_NODE_RETURN_VALUE
2025-08-10 02:25:04,022 - TCMGraphTest - INFO - 执行成功: False
2025-08-10 02:25:04,023 - TCMGraphTest - INFO - 用户意图: None
2025-08-10 02:25:04,023 - TCMGraphTest - ERROR - 测试用例执行失败: object of type 'NoneType' has no len()
Traceback (most recent call last):
  File "F:\Files\比赛\挑战杯++\专项赛3\AI chatbot\V2\tests\graph_test.py", line 244, in run_test_case
    logger.info(f"提取症状数: {len(result.get('symptoms_list', []))}")
                               ^^^^^^^^^^^^^^^^^^^^^^^^^^^^^^^^^^^^
TypeError: object of type 'NoneType' has no len()
2025-08-10 02:25:04,024 - TCMGraphTest - INFO - ------------------------------------------------------------
2025-08-10 02:25:04,024 - TCMGraphTest - INFO - 执行测试 6/12
2025-08-10 02:25:04,024 - TCMGraphTest - INFO - 测试用例: 紧急情况 - 安全检查
2025-08-10 02:25:04,024 - TCMGraphTest - INFO - 用户输入: 我胸痛得很厉害，呼吸困难，感觉快要死了！
2025-08-10 02:25:04,025 - graph - INFO - 开始处理用户输入: 我胸痛得很厉害，呼吸困难，感觉快要死了！
2025-08-10 02:25:04,025 - graph - INFO - 开始创建中医智能对话系统图...
2025-08-10 02:25:04,025 - nodes.c_rag_retrieval_node - INFO - 初始化RAG检索节点
2025-08-10 02:25:04,025 - RAG_system.embedding_model - INFO - 检测到GPU设备: NVIDIA GeForce RTX 4070 Laptop GPU, 共 1 个GPU
2025-08-10 02:25:04,026 - RAG_system.embedding_model - INFO - 嵌入模型管理器初始化成功，使用设备: cuda
2025-08-10 02:25:04,026 - RAG_system.retriever - INFO - 检索管理器初始化成功
2025-08-10 02:25:04,026 - RAG_system.embedding_model - INFO - 检测到GPU设备: NVIDIA GeForce RTX 4070 Laptop GPU, 共 1 个GPU
2025-08-10 02:25:04,026 - RAG_system.rag_manager - INFO - RAG管理器初始化成功，使用设备: cuda
2025-08-10 02:25:04,026 - RAG_system.rag_manager - INFO - 正在启动RAG管理器
2025-08-10 02:25:04,027 - RAG_system.rag_manager - INFO - 发现本地嵌入模型信息，正在加载
2025-08-10 02:25:04,029 - RAG_system.embedding_model - INFO - 正在加载嵌入模型: sentence-transformers/paraphrase-multilingual-MiniLM-L12-v2
2025-08-10 02:25:04,029 - RAG_system.embedding_model - INFO - 从本地加载嵌入模型: RAG_system/model\sentence-transformers_paraphrase-multilingual-MiniLM-L12-v2
2025-08-10 02:25:04,031 - sentence_transformers.SentenceTransformer - INFO - Load pretrained SentenceTransformer: RAG_system/model\sentence-transformers_paraphrase-multilingual-MiniLM-L12-v2
2025-08-10 02:25:04,032 - sentence_transformers.SentenceTransformer - WARNING - No sentence-transformers model found with name RAG_system/model\sentence-transformers_paraphrase-multilingual-MiniLM-L12-v2. Creating a new one with mean pooling.
2025-08-10 02:25:04,849 - RAG_system.embedding_model - INFO - 正在保存嵌入模型信息
2025-08-10 02:25:04,852 - RAG_system.embedding_model - INFO - 嵌入模型信息已保存到: RAG_system/model\model_info.json
2025-08-10 02:25:04,853 - RAG_system.embedding_model - INFO - 嵌入模型加载成功，使用设备: cuda
2025-08-10 02:25:04,853 - RAG_system.vector_store - INFO - 向量存储管理器初始化成功
2025-08-10 02:25:04,853 - RAG_system.rag_manager - INFO - 检查向量存储路径: RAG_system/RAG/vector_store\index.faiss
2025-08-10 02:25:04,853 - RAG_system.rag_manager - INFO - 发现本地向量存储，正在加载
2025-08-10 02:25:04,854 - RAG_system.vector_store - INFO - 正在从路径加载向量存储: vector_store
2025-08-10 02:25:07,191 - RAG_system.vector_store - INFO - 向量存储加载成功
2025-08-10 02:25:07,191 - RAG_system.retriever - INFO - 正在创建检索器
2025-08-10 02:25:07,192 - RAG_system.retriever - INFO - 检索器创建成功
2025-08-10 02:25:07,192 - RAG_system.rag_manager - INFO - RAG管理器启动成功
2025-08-10 02:25:07,192 - nodes.c_rag_retrieval_node - INFO - RAG检索节点初始化完成
2025-08-10 02:25:07,193 - graph - INFO - 添加所有节点...
2025-08-10 02:25:07,196 - graph - INFO - 配置节点间的路由逻辑...
2025-08-10 02:25:07,197 - graph - INFO - 编译图...
2025-08-10 02:25:07,198 - graph - INFO - 中医智能对话系统图创建完成
2025-08-10 02:25:07,198 - graph - INFO - 开始执行图...
2025-08-10 02:25:07,198 - nodes.a_input_node - INFO - 输入处理节点启动
2025-08-10 02:25:07,199 - nodes.a_input_node - INFO - 处理用户输入成功: '我胸痛得很厉害，呼吸困难，感觉快要死了！'
2025-08-10 02:25:07,199 - graph - ERROR - 图执行过程中发生错误: Expected dict, got ({'user_input': '我胸痛得很厉害，呼吸困难，感觉快要死了！', 'query': '我胸痛得很厉害，呼吸困难，感觉快要死了！', 'messages': [HumanMessage(content='我胸痛得很厉害，呼吸困难，感觉快要死了！', additional_kwargs={}, response_metadata={})], 'memory': ConversationBufferMemory(chat_memory=InMemoryChatMessageHistory(messages=[HumanMessage(content='我胸痛得很厉害，呼吸困难，感觉快要死了！', additional_kwargs={}, response_metadata={})])), 'documents': None, 'response': None, 'error': None, 'config': {'retriever_k': 4}, 'safety_check': None, 'intent': None, 'intent_details': None, 'relevant_context': None, 'symptoms_list': None, 'missing_info_list': None, 'conversation_state': None, 'diagnosis_data': None}, 'next')
For troubleshooting, visit: https://python.langchain.com/docs/troubleshooting/errors/INVALID_GRAPH_NODE_RETURN_VALUE
2025-08-10 02:25:07,199 - TCMGraphTest - INFO - 执行成功: False
2025-08-10 02:25:07,200 - TCMGraphTest - INFO - 用户意图: None
2025-08-10 02:25:07,200 - TCMGraphTest - ERROR - 测试用例执行失败: object of type 'NoneType' has no len()
Traceback (most recent call last):
  File "F:\Files\比赛\挑战杯++\专项赛3\AI chatbot\V2\tests\graph_test.py", line 244, in run_test_case
    logger.info(f"提取症状数: {len(result.get('symptoms_list', []))}")
                               ^^^^^^^^^^^^^^^^^^^^^^^^^^^^^^^^^^^^
TypeError: object of type 'NoneType' has no len()
2025-08-10 02:25:07,200 - TCMGraphTest - INFO - ------------------------------------------------------------
2025-08-10 02:25:07,201 - TCMGraphTest - INFO - 执行测试 7/12
2025-08-10 02:25:07,201 - TCMGraphTest - INFO - 测试用例: 心肾不交证诊断
2025-08-10 02:25:07,201 - TCMGraphTest - INFO - 用户输入: 我最近心慌心跳，失眠严重，腰酸腿软，小便频数，记忆力也不好了。
2025-08-10 02:25:07,201 - graph - INFO - 开始处理用户输入: 我最近心慌心跳，失眠严重，腰酸腿软，小便频数，记忆力也不好了。
2025-08-10 02:25:07,201 - graph - INFO - 开始创建中医智能对话系统图...
2025-08-10 02:25:07,202 - nodes.c_rag_retrieval_node - INFO - 初始化RAG检索节点
2025-08-10 02:25:07,202 - RAG_system.embedding_model - INFO - 检测到GPU设备: NVIDIA GeForce RTX 4070 Laptop GPU, 共 1 个GPU
2025-08-10 02:25:07,202 - RAG_system.embedding_model - INFO - 嵌入模型管理器初始化成功，使用设备: cuda
2025-08-10 02:25:07,202 - RAG_system.retriever - INFO - 检索管理器初始化成功
2025-08-10 02:25:07,203 - RAG_system.embedding_model - INFO - 检测到GPU设备: NVIDIA GeForce RTX 4070 Laptop GPU, 共 1 个GPU
2025-08-10 02:25:07,203 - RAG_system.rag_manager - INFO - RAG管理器初始化成功，使用设备: cuda
2025-08-10 02:25:07,203 - RAG_system.rag_manager - INFO - 正在启动RAG管理器
2025-08-10 02:25:07,203 - RAG_system.rag_manager - INFO - 发现本地嵌入模型信息，正在加载
2025-08-10 02:25:07,204 - RAG_system.embedding_model - INFO - 正在加载嵌入模型: sentence-transformers/paraphrase-multilingual-MiniLM-L12-v2
2025-08-10 02:25:07,205 - RAG_system.embedding_model - INFO - 从本地加载嵌入模型: RAG_system/model\sentence-transformers_paraphrase-multilingual-MiniLM-L12-v2
2025-08-10 02:25:07,207 - sentence_transformers.SentenceTransformer - INFO - Load pretrained SentenceTransformer: RAG_system/model\sentence-transformers_paraphrase-multilingual-MiniLM-L12-v2
2025-08-10 02:25:07,207 - sentence_transformers.SentenceTransformer - WARNING - No sentence-transformers model found with name RAG_system/model\sentence-transformers_paraphrase-multilingual-MiniLM-L12-v2. Creating a new one with mean pooling.
2025-08-10 02:25:08,052 - RAG_system.embedding_model - INFO - 正在保存嵌入模型信息
2025-08-10 02:25:08,055 - RAG_system.embedding_model - INFO - 嵌入模型信息已保存到: RAG_system/model\model_info.json
2025-08-10 02:25:08,055 - RAG_system.embedding_model - INFO - 嵌入模型加载成功，使用设备: cuda
2025-08-10 02:25:08,055 - RAG_system.vector_store - INFO - 向量存储管理器初始化成功
2025-08-10 02:25:08,056 - RAG_system.rag_manager - INFO - 检查向量存储路径: RAG_system/RAG/vector_store\index.faiss
2025-08-10 02:25:08,056 - RAG_system.rag_manager - INFO - 发现本地向量存储，正在加载
2025-08-10 02:25:08,056 - RAG_system.vector_store - INFO - 正在从路径加载向量存储: vector_store
2025-08-10 02:25:09,931 - RAG_system.vector_store - INFO - 向量存储加载成功
2025-08-10 02:25:09,932 - RAG_system.retriever - INFO - 正在创建检索器
2025-08-10 02:25:09,932 - RAG_system.retriever - INFO - 检索器创建成功
2025-08-10 02:25:09,933 - RAG_system.rag_manager - INFO - RAG管理器启动成功
2025-08-10 02:25:09,933 - nodes.c_rag_retrieval_node - INFO - RAG检索节点初始化完成
2025-08-10 02:25:09,933 - graph - INFO - 添加所有节点...
2025-08-10 02:25:09,936 - graph - INFO - 配置节点间的路由逻辑...
2025-08-10 02:25:09,936 - graph - INFO - 编译图...
2025-08-10 02:25:09,937 - graph - INFO - 中医智能对话系统图创建完成
2025-08-10 02:25:09,938 - graph - INFO - 开始执行图...
2025-08-10 02:25:09,938 - nodes.a_input_node - INFO - 输入处理节点启动
2025-08-10 02:25:09,939 - nodes.a_input_node - INFO - 处理用户输入成功: '我最近心慌心跳，失眠严重，腰酸腿软，小便频数，记忆力也不好了...'
2025-08-10 02:25:09,939 - graph - ERROR - 图执行过程中发生错误: Expected dict, got ({'user_input': '我最近心慌心跳，失眠严重，腰酸腿软，小便频数，记忆力也不好了。', 'query': '我最近心慌心跳，失眠严重，腰酸腿软，小便频数，记忆力也不好了。', 'messages': [HumanMessage(content='我最近心慌心跳，失眠严重，腰酸腿软，小便频数，记忆力也不好了。', additional_kwargs={}, response_metadata={})], 'memory': ConversationBufferMemory(chat_memory=InMemoryChatMessageHistory(messages=[HumanMessage(content='我最近心慌心跳，失眠严重，腰酸腿软，小便频数，记忆力也不好了。', additional_kwargs={}, response_metadata={})])), 'documents': None, 'response': None, 'error': None, 'config': {'retriever_k': 4}, 'safety_check': None, 'intent': None, 'intent_details': None, 'relevant_context': None, 'symptoms_list': None, 'missing_info_list': None, 'conversation_state': None, 'diagnosis_data': None}, 'next')
For troubleshooting, visit: https://python.langchain.com/docs/troubleshooting/errors/INVALID_GRAPH_NODE_RETURN_VALUE
2025-08-10 02:25:09,940 - TCMGraphTest - INFO - 执行成功: False
2025-08-10 02:25:09,940 - TCMGraphTest - INFO - 用户意图: None
2025-08-10 02:25:09,940 - TCMGraphTest - ERROR - 测试用例执行失败: object of type 'NoneType' has no len()
Traceback (most recent call last):
  File "F:\Files\比赛\挑战杯++\专项赛3\AI chatbot\V2\tests\graph_test.py", line 244, in run_test_case
    logger.info(f"提取症状数: {len(result.get('symptoms_list', []))}")
                               ^^^^^^^^^^^^^^^^^^^^^^^^^^^^^^^^^^^^
TypeError: object of type 'NoneType' has no len()
2025-08-10 02:25:09,941 - TCMGraphTest - INFO - ------------------------------------------------------------
2025-08-10 02:25:09,941 - TCMGraphTest - INFO - 执行测试 8/12
2025-08-10 02:25:09,941 - TCMGraphTest - INFO - 测试用例: 边界测试 - 空输入
2025-08-10 02:25:09,941 - TCMGraphTest - INFO - 用户输入: 
2025-08-10 02:25:09,941 - graph - INFO - 开始处理用户输入: 
2025-08-10 02:25:09,942 - graph - INFO - 开始创建中医智能对话系统图...
2025-08-10 02:25:09,942 - nodes.c_rag_retrieval_node - INFO - 初始化RAG检索节点
2025-08-10 02:25:09,942 - RAG_system.embedding_model - INFO - 检测到GPU设备: NVIDIA GeForce RTX 4070 Laptop GPU, 共 1 个GPU
2025-08-10 02:25:09,942 - RAG_system.embedding_model - INFO - 嵌入模型管理器初始化成功，使用设备: cuda
2025-08-10 02:25:09,943 - RAG_system.retriever - INFO - 检索管理器初始化成功
2025-08-10 02:25:09,943 - RAG_system.embedding_model - INFO - 检测到GPU设备: NVIDIA GeForce RTX 4070 Laptop GPU, 共 1 个GPU
2025-08-10 02:25:09,943 - RAG_system.rag_manager - INFO - RAG管理器初始化成功，使用设备: cuda
2025-08-10 02:25:09,943 - RAG_system.rag_manager - INFO - 正在启动RAG管理器
2025-08-10 02:25:09,943 - RAG_system.rag_manager - INFO - 发现本地嵌入模型信息，正在加载
2025-08-10 02:25:09,944 - RAG_system.embedding_model - INFO - 正在加载嵌入模型: sentence-transformers/paraphrase-multilingual-MiniLM-L12-v2
2025-08-10 02:25:09,945 - RAG_system.embedding_model - INFO - 从本地加载嵌入模型: RAG_system/model\sentence-transformers_paraphrase-multilingual-MiniLM-L12-v2
2025-08-10 02:25:09,948 - sentence_transformers.SentenceTransformer - INFO - Load pretrained SentenceTransformer: RAG_system/model\sentence-transformers_paraphrase-multilingual-MiniLM-L12-v2
2025-08-10 02:25:09,948 - sentence_transformers.SentenceTransformer - WARNING - No sentence-transformers model found with name RAG_system/model\sentence-transformers_paraphrase-multilingual-MiniLM-L12-v2. Creating a new one with mean pooling.
2025-08-10 02:25:10,836 - RAG_system.embedding_model - INFO - 正在保存嵌入模型信息
2025-08-10 02:25:10,839 - RAG_system.embedding_model - INFO - 嵌入模型信息已保存到: RAG_system/model\model_info.json
2025-08-10 02:25:10,840 - RAG_system.embedding_model - INFO - 嵌入模型加载成功，使用设备: cuda
2025-08-10 02:25:10,840 - RAG_system.vector_store - INFO - 向量存储管理器初始化成功
2025-08-10 02:25:10,840 - RAG_system.rag_manager - INFO - 检查向量存储路径: RAG_system/RAG/vector_store\index.faiss
2025-08-10 02:25:10,841 - RAG_system.rag_manager - INFO - 发现本地向量存储，正在加载
2025-08-10 02:25:10,841 - RAG_system.vector_store - INFO - 正在从路径加载向量存储: vector_store
2025-08-10 02:25:13,492 - RAG_system.vector_store - INFO - 向量存储加载成功
2025-08-10 02:25:13,493 - RAG_system.retriever - INFO - 正在创建检索器
2025-08-10 02:25:13,493 - RAG_system.retriever - INFO - 检索器创建成功
2025-08-10 02:25:13,494 - RAG_system.rag_manager - INFO - RAG管理器启动成功
2025-08-10 02:25:13,495 - nodes.c_rag_retrieval_node - INFO - RAG检索节点初始化完成
2025-08-10 02:25:13,495 - graph - INFO - 添加所有节点...
2025-08-10 02:25:13,497 - graph - INFO - 配置节点间的路由逻辑...
2025-08-10 02:25:13,498 - graph - INFO - 编译图...
2025-08-10 02:25:13,498 - graph - INFO - 中医智能对话系统图创建完成
2025-08-10 02:25:13,500 - graph - INFO - 开始执行图...
2025-08-10 02:25:13,501 - nodes.a_input_node - INFO - 输入处理节点启动
2025-08-10 02:25:13,501 - nodes.a_input_node - WARNING - 输入无效：空或仅包含空白字符
2025-08-10 02:25:13,501 - graph - ERROR - 图执行过程中发生错误: Expected dict, got ({'user_input': '', 'query': None, 'messages': [], 'memory': None, 'documents': None, 'response': '请提供有效的输入。', 'error': '输入不能为空或仅包含空白字符', 'config': {'retriever_k': 4}, 'safety_check': None, 'intent': None, 'intent_details': None, 'relevant_context': None, 'symptoms_list': None, 'missing_info_list': None, 'conversation_state': None, 'diagnosis_data': None}, 'end')
For troubleshooting, visit: https://python.langchain.com/docs/troubleshooting/errors/INVALID_GRAPH_NODE_RETURN_VALUE
2025-08-10 02:25:13,502 - TCMGraphTest - INFO - 执行成功: False
2025-08-10 02:25:13,502 - TCMGraphTest - INFO - 用户意图: None
2025-08-10 02:25:13,502 - TCMGraphTest - ERROR - 测试用例执行失败: object of type 'NoneType' has no len()
Traceback (most recent call last):
  File "F:\Files\比赛\挑战杯++\专项赛3\AI chatbot\V2\tests\graph_test.py", line 244, in run_test_case
    logger.info(f"提取症状数: {len(result.get('symptoms_list', []))}")
                               ^^^^^^^^^^^^^^^^^^^^^^^^^^^^^^^^^^^^
TypeError: object of type 'NoneType' has no len()
2025-08-10 02:25:13,503 - TCMGraphTest - INFO - ------------------------------------------------------------
2025-08-10 02:25:13,503 - TCMGraphTest - INFO - 执行测试 9/12
2025-08-10 02:25:13,503 - TCMGraphTest - INFO - 测试用例: 边界测试 - 模糊症状
2025-08-10 02:25:13,503 - TCMGraphTest - INFO - 用户输入: 我感觉不舒服
2025-08-10 02:25:13,503 - graph - INFO - 开始处理用户输入: 我感觉不舒服
2025-08-10 02:25:13,504 - graph - INFO - 开始创建中医智能对话系统图...
2025-08-10 02:25:13,504 - nodes.c_rag_retrieval_node - INFO - 初始化RAG检索节点
2025-08-10 02:25:13,504 - RAG_system.embedding_model - INFO - 检测到GPU设备: NVIDIA GeForce RTX 4070 Laptop GPU, 共 1 个GPU
2025-08-10 02:25:13,504 - RAG_system.embedding_model - INFO - 嵌入模型管理器初始化成功，使用设备: cuda
2025-08-10 02:25:13,504 - RAG_system.retriever - INFO - 检索管理器初始化成功
2025-08-10 02:25:13,505 - RAG_system.embedding_model - INFO - 检测到GPU设备: NVIDIA GeForce RTX 4070 Laptop GPU, 共 1 个GPU
2025-08-10 02:25:13,505 - RAG_system.rag_manager - INFO - RAG管理器初始化成功，使用设备: cuda
2025-08-10 02:25:13,505 - RAG_system.rag_manager - INFO - 正在启动RAG管理器
2025-08-10 02:25:13,505 - RAG_system.rag_manager - INFO - 发现本地嵌入模型信息，正在加载
2025-08-10 02:25:13,506 - RAG_system.embedding_model - INFO - 正在加载嵌入模型: sentence-transformers/paraphrase-multilingual-MiniLM-L12-v2
2025-08-10 02:25:13,506 - RAG_system.embedding_model - INFO - 从本地加载嵌入模型: RAG_system/model\sentence-transformers_paraphrase-multilingual-MiniLM-L12-v2
2025-08-10 02:25:13,508 - sentence_transformers.SentenceTransformer - INFO - Load pretrained SentenceTransformer: RAG_system/model\sentence-transformers_paraphrase-multilingual-MiniLM-L12-v2
2025-08-10 02:25:13,508 - sentence_transformers.SentenceTransformer - WARNING - No sentence-transformers model found with name RAG_system/model\sentence-transformers_paraphrase-multilingual-MiniLM-L12-v2. Creating a new one with mean pooling.
2025-08-10 02:25:14,424 - RAG_system.embedding_model - INFO - 正在保存嵌入模型信息
2025-08-10 02:25:14,427 - RAG_system.embedding_model - INFO - 嵌入模型信息已保存到: RAG_system/model\model_info.json
2025-08-10 02:25:14,427 - RAG_system.embedding_model - INFO - 嵌入模型加载成功，使用设备: cuda
2025-08-10 02:25:14,427 - RAG_system.vector_store - INFO - 向量存储管理器初始化成功
2025-08-10 02:25:14,427 - RAG_system.rag_manager - INFO - 检查向量存储路径: RAG_system/RAG/vector_store\index.faiss
2025-08-10 02:25:14,429 - RAG_system.rag_manager - INFO - 发现本地向量存储，正在加载
2025-08-10 02:25:14,429 - RAG_system.vector_store - INFO - 正在从路径加载向量存储: vector_store
2025-08-10 02:25:16,299 - RAG_system.vector_store - INFO - 向量存储加载成功
2025-08-10 02:25:16,300 - RAG_system.retriever - INFO - 正在创建检索器
2025-08-10 02:25:16,300 - RAG_system.retriever - INFO - 检索器创建成功
2025-08-10 02:25:16,301 - RAG_system.rag_manager - INFO - RAG管理器启动成功
2025-08-10 02:25:16,301 - nodes.c_rag_retrieval_node - INFO - RAG检索节点初始化完成
2025-08-10 02:25:16,301 - graph - INFO - 添加所有节点...
2025-08-10 02:25:16,304 - graph - INFO - 配置节点间的路由逻辑...
2025-08-10 02:25:16,305 - graph - INFO - 编译图...
2025-08-10 02:25:16,306 - graph - INFO - 中医智能对话系统图创建完成
2025-08-10 02:25:16,306 - graph - INFO - 开始执行图...
2025-08-10 02:25:16,307 - nodes.a_input_node - INFO - 输入处理节点启动
2025-08-10 02:25:16,307 - nodes.a_input_node - INFO - 处理用户输入成功: '我感觉不舒服'
2025-08-10 02:25:16,308 - graph - ERROR - 图执行过程中发生错误: Expected dict, got ({'user_input': '我感觉不舒服', 'query': '我感觉不舒服', 'messages': [HumanMessage(content='我感觉不舒服', additional_kwargs={}, response_metadata={})], 'memory': ConversationBufferMemory(chat_memory=InMemoryChatMessageHistory(messages=[HumanMessage(content='我感觉不舒服', additional_kwargs={}, response_metadata={})])), 'documents': None, 'response': None, 'error': None, 'config': {'retriever_k': 4}, 'safety_check': None, 'intent': None, 'intent_details': None, 'relevant_context': None, 'symptoms_list': None, 'missing_info_list': None, 'conversation_state': None, 'diagnosis_data': None}, 'next')
For troubleshooting, visit: https://python.langchain.com/docs/troubleshooting/errors/INVALID_GRAPH_NODE_RETURN_VALUE
2025-08-10 02:25:16,308 - TCMGraphTest - INFO - 执行成功: False
2025-08-10 02:25:16,308 - TCMGraphTest - INFO - 用户意图: None
2025-08-10 02:25:16,308 - TCMGraphTest - ERROR - 测试用例执行失败: object of type 'NoneType' has no len()
Traceback (most recent call last):
  File "F:\Files\比赛\挑战杯++\专项赛3\AI chatbot\V2\tests\graph_test.py", line 244, in run_test_case
    logger.info(f"提取症状数: {len(result.get('symptoms_list', []))}")
                               ^^^^^^^^^^^^^^^^^^^^^^^^^^^^^^^^^^^^
TypeError: object of type 'NoneType' has no len()
2025-08-10 02:25:16,309 - TCMGraphTest - INFO - ------------------------------------------------------------
2025-08-10 02:25:16,309 - TCMGraphTest - INFO - 执行测试 10/12
2025-08-10 02:25:16,309 - TCMGraphTest - INFO - 测试用例: 复杂症状组合 - 肝肾阴虚
2025-08-10 02:25:16,309 - TCMGraphTest - INFO - 用户输入: 医生，我头晕耳鸣，腰膝酸软，口干咽燥，手心脚心发热，夜间盗汗，失眠多梦，眼睛干涩，月经不调。
2025-08-10 02:25:16,309 - graph - INFO - 开始处理用户输入: 医生，我头晕耳鸣，腰膝酸软，口干咽燥，手心脚心发热，夜间盗汗，失眠多梦，眼睛干涩，月经不调。
2025-08-10 02:25:16,310 - graph - INFO - 开始创建中医智能对话系统图...
2025-08-10 02:25:16,310 - nodes.c_rag_retrieval_node - INFO - 初始化RAG检索节点
2025-08-10 02:25:16,310 - RAG_system.embedding_model - INFO - 检测到GPU设备: NVIDIA GeForce RTX 4070 Laptop GPU, 共 1 个GPU
2025-08-10 02:25:16,310 - RAG_system.embedding_model - INFO - 嵌入模型管理器初始化成功，使用设备: cuda
2025-08-10 02:25:16,310 - RAG_system.retriever - INFO - 检索管理器初始化成功
2025-08-10 02:25:16,311 - RAG_system.embedding_model - INFO - 检测到GPU设备: NVIDIA GeForce RTX 4070 Laptop GPU, 共 1 个GPU
2025-08-10 02:25:16,311 - RAG_system.rag_manager - INFO - RAG管理器初始化成功，使用设备: cuda
2025-08-10 02:25:16,311 - RAG_system.rag_manager - INFO - 正在启动RAG管理器
2025-08-10 02:25:16,311 - RAG_system.rag_manager - INFO - 发现本地嵌入模型信息，正在加载
2025-08-10 02:25:16,312 - RAG_system.embedding_model - INFO - 正在加载嵌入模型: sentence-transformers/paraphrase-multilingual-MiniLM-L12-v2
2025-08-10 02:25:16,312 - RAG_system.embedding_model - INFO - 从本地加载嵌入模型: RAG_system/model\sentence-transformers_paraphrase-multilingual-MiniLM-L12-v2
2025-08-10 02:25:16,315 - sentence_transformers.SentenceTransformer - INFO - Load pretrained SentenceTransformer: RAG_system/model\sentence-transformers_paraphrase-multilingual-MiniLM-L12-v2
2025-08-10 02:25:16,315 - sentence_transformers.SentenceTransformer - WARNING - No sentence-transformers model found with name RAG_system/model\sentence-transformers_paraphrase-multilingual-MiniLM-L12-v2. Creating a new one with mean pooling.
2025-08-10 02:25:17,188 - RAG_system.embedding_model - INFO - 正在保存嵌入模型信息
2025-08-10 02:25:17,192 - RAG_system.embedding_model - INFO - 嵌入模型信息已保存到: RAG_system/model\model_info.json
2025-08-10 02:25:17,193 - RAG_system.embedding_model - INFO - 嵌入模型加载成功，使用设备: cuda
2025-08-10 02:25:17,193 - RAG_system.vector_store - INFO - 向量存储管理器初始化成功
2025-08-10 02:25:17,194 - RAG_system.rag_manager - INFO - 检查向量存储路径: RAG_system/RAG/vector_store\index.faiss
2025-08-10 02:25:17,194 - RAG_system.rag_manager - INFO - 发现本地向量存储，正在加载
2025-08-10 02:25:17,194 - RAG_system.vector_store - INFO - 正在从路径加载向量存储: vector_store
2025-08-10 02:25:19,757 - RAG_system.vector_store - INFO - 向量存储加载成功
2025-08-10 02:25:19,758 - RAG_system.retriever - INFO - 正在创建检索器
2025-08-10 02:25:19,758 - RAG_system.retriever - INFO - 检索器创建成功
2025-08-10 02:25:19,759 - RAG_system.rag_manager - INFO - RAG管理器启动成功
2025-08-10 02:25:19,759 - nodes.c_rag_retrieval_node - INFO - RAG检索节点初始化完成
2025-08-10 02:25:19,760 - graph - INFO - 添加所有节点...
2025-08-10 02:25:19,762 - graph - INFO - 配置节点间的路由逻辑...
2025-08-10 02:25:19,763 - graph - INFO - 编译图...
2025-08-10 02:25:19,764 - graph - INFO - 中医智能对话系统图创建完成
2025-08-10 02:25:19,764 - graph - INFO - 开始执行图...
2025-08-10 02:25:19,765 - nodes.a_input_node - INFO - 输入处理节点启动
2025-08-10 02:25:19,765 - nodes.a_input_node - INFO - 处理用户输入成功: '医生，我头晕耳鸣，腰膝酸软，口干咽燥，手心脚心发热，夜间盗汗...'
2025-08-10 02:25:19,766 - graph - ERROR - 图执行过程中发生错误: Expected dict, got ({'user_input': '医生，我头晕耳鸣，腰膝酸软，口干咽燥，手心脚心发热，夜间盗汗，失眠多梦，眼睛干涩，月经不调。', 'query': '医生，我头晕耳鸣，腰膝酸软，口干咽燥，手心脚心发热，夜间盗汗，失眠多梦，眼睛干涩，月经不调。', 'messages': [HumanMessage(content='医生，我头晕耳鸣，腰膝酸软，口干咽燥，手心脚心发热，夜间盗汗，失眠多梦，眼睛干涩，月经不调。', additional_kwargs={}, response_metadata={})], 'memory': ConversationBufferMemory(chat_memory=InMemoryChatMessageHistory(messages=[HumanMessage(content='医生，我头晕耳鸣，腰膝酸软，口干咽燥，手心脚心发热，夜间盗汗，失眠多梦，眼睛干涩，月经不调。', additional_kwargs={}, response_metadata={})])), 'documents': None, 'response': None, 'error': None, 'config': {'retriever_k': 4}, 'safety_check': None, 'intent': None, 'intent_details': None, 'relevant_context': None, 'symptoms_list': None, 'missing_info_list': None, 'conversation_state': None, 'diagnosis_data': None}, 'next')
For troubleshooting, visit: https://python.langchain.com/docs/troubleshooting/errors/INVALID_GRAPH_NODE_RETURN_VALUE
2025-08-10 02:25:19,766 - TCMGraphTest - INFO - 执行成功: False
2025-08-10 02:25:19,766 - TCMGraphTest - INFO - 用户意图: None
2025-08-10 02:25:19,766 - TCMGraphTest - ERROR - 测试用例执行失败: object of type 'NoneType' has no len()
Traceback (most recent call last):
  File "F:\Files\比赛\挑战杯++\专项赛3\AI chatbot\V2\tests\graph_test.py", line 244, in run_test_case
    logger.info(f"提取症状数: {len(result.get('symptoms_list', []))}")
                               ^^^^^^^^^^^^^^^^^^^^^^^^^^^^^^^^^^^^
TypeError: object of type 'NoneType' has no len()
2025-08-10 02:25:19,768 - TCMGraphTest - INFO - ------------------------------------------------------------
2025-08-10 02:25:19,768 - TCMGraphTest - INFO - 执行测试 11/12
2025-08-10 02:25:19,768 - TCMGraphTest - INFO - 测试用例: 性能测试 - 长文本输入
2025-08-10 02:25:19,769 - TCMGraphTest - INFO - 用户输入: 医生您好，我想详细描述一下我的症状，希望您能给我一个准确的诊断。我最近几个月来一直感觉身体不适，我最近几个月来一直感觉身体不适，我最近几个月来一直感觉身体不适，我最近几个月来一直感觉身体不适，我最近几个月来一直感觉身体不适，我最近几个月来一直感觉身体不适，我最近几个月来一直感觉身体不适，我最近几个月来一直感觉身体不适，我最近几个月来一直感觉身体不适，我最近几个月来一直感觉身体不适，我最近几个月来一直感觉身体不适，我最近几个月来一直感觉身体不适，我最近几个月来一直感觉身体不适，我最近几个月来一直感觉身体不适，我最近几个月来一直感觉身体不适，我最近几个月来一直感觉身体不适，我最近几个月来一直感觉身体不适，我最近几个月来一直感觉身体不适，我最近几个月来一直感觉身体不适，我最近几个月来一直感觉身体不适，主要症状是头晕、乏力、失眠。
2025-08-10 02:25:19,769 - graph - INFO - 开始处理用户输入: 医生您好，我想详细描述一下我的症状，希望您能给我一个准确的诊断。我最近几个月来一直感觉身体不适，我最近几个月来一直感觉身体不适，我最近几个月来一直感觉身体不适，我最近几个月来一直感觉身体不适，我最近几个月来一直感觉身体不适，我最近几个月来一直感觉身体不适，我最近几个月来一直感觉身体不适，我最近几个月来一直感觉身体不适，我最近几个月来一直感觉身体不适，我最近几个月来一直感觉身体不适，我最近几个月来一直感觉身体不适，我最近几个月来一直感觉身体不适，我最近几个月来一直感觉身体不适，我最近几个月来一直感觉身体不适，我最近几个月来一直感觉身体不适，我最近几个月来一直感觉身体不适，我最近几个月来一直感觉身体不适，我最近几个月来一直感觉身体不适，我最近几个月来一直感觉身体不适，我最近几个月来一直感觉身体不适，主要症状是头晕、乏力、失眠。
2025-08-10 02:25:19,769 - graph - INFO - 开始创建中医智能对话系统图...
2025-08-10 02:25:19,769 - nodes.c_rag_retrieval_node - INFO - 初始化RAG检索节点
2025-08-10 02:25:19,770 - RAG_system.embedding_model - INFO - 检测到GPU设备: NVIDIA GeForce RTX 4070 Laptop GPU, 共 1 个GPU
2025-08-10 02:25:19,770 - RAG_system.embedding_model - INFO - 嵌入模型管理器初始化成功，使用设备: cuda
2025-08-10 02:25:19,770 - RAG_system.retriever - INFO - 检索管理器初始化成功
2025-08-10 02:25:19,770 - RAG_system.embedding_model - INFO - 检测到GPU设备: NVIDIA GeForce RTX 4070 Laptop GPU, 共 1 个GPU
2025-08-10 02:25:19,771 - RAG_system.rag_manager - INFO - RAG管理器初始化成功，使用设备: cuda
2025-08-10 02:25:19,771 - RAG_system.rag_manager - INFO - 正在启动RAG管理器
2025-08-10 02:25:19,771 - RAG_system.rag_manager - INFO - 发现本地嵌入模型信息，正在加载
2025-08-10 02:25:19,772 - RAG_system.embedding_model - INFO - 正在加载嵌入模型: sentence-transformers/paraphrase-multilingual-MiniLM-L12-v2
2025-08-10 02:25:19,773 - RAG_system.embedding_model - INFO - 从本地加载嵌入模型: RAG_system/model\sentence-transformers_paraphrase-multilingual-MiniLM-L12-v2
2025-08-10 02:25:19,774 - sentence_transformers.SentenceTransformer - INFO - Load pretrained SentenceTransformer: RAG_system/model\sentence-transformers_paraphrase-multilingual-MiniLM-L12-v2
2025-08-10 02:25:19,775 - sentence_transformers.SentenceTransformer - WARNING - No sentence-transformers model found with name RAG_system/model\sentence-transformers_paraphrase-multilingual-MiniLM-L12-v2. Creating a new one with mean pooling.
2025-08-10 02:25:20,637 - RAG_system.embedding_model - INFO - 正在保存嵌入模型信息
2025-08-10 02:25:20,639 - RAG_system.embedding_model - INFO - 嵌入模型信息已保存到: RAG_system/model\model_info.json
2025-08-10 02:25:20,640 - RAG_system.embedding_model - INFO - 嵌入模型加载成功，使用设备: cuda
2025-08-10 02:25:20,640 - RAG_system.vector_store - INFO - 向量存储管理器初始化成功
2025-08-10 02:25:20,640 - RAG_system.rag_manager - INFO - 检查向量存储路径: RAG_system/RAG/vector_store\index.faiss
2025-08-10 02:25:20,641 - RAG_system.rag_manager - INFO - 发现本地向量存储，正在加载
2025-08-10 02:25:20,641 - RAG_system.vector_store - INFO - 正在从路径加载向量存储: vector_store
2025-08-10 02:25:22,515 - RAG_system.vector_store - INFO - 向量存储加载成功
2025-08-10 02:25:22,515 - RAG_system.retriever - INFO - 正在创建检索器
2025-08-10 02:25:22,516 - RAG_system.retriever - INFO - 检索器创建成功
2025-08-10 02:25:22,517 - RAG_system.rag_manager - INFO - RAG管理器启动成功
2025-08-10 02:25:22,517 - nodes.c_rag_retrieval_node - INFO - RAG检索节点初始化完成
2025-08-10 02:25:22,517 - graph - INFO - 添加所有节点...
2025-08-10 02:25:22,520 - graph - INFO - 配置节点间的路由逻辑...
2025-08-10 02:25:22,520 - graph - INFO - 编译图...
2025-08-10 02:25:22,521 - graph - INFO - 中医智能对话系统图创建完成
2025-08-10 02:25:22,522 - graph - INFO - 开始执行图...
2025-08-10 02:25:22,523 - nodes.a_input_node - INFO - 输入处理节点启动
2025-08-10 02:25:22,523 - nodes.a_input_node - INFO - 处理用户输入成功: '医生您好，我想详细描述一下我的症状，希望您能给我一个准确的诊...'
2025-08-10 02:25:22,524 - graph - ERROR - 图执行过程中发生错误: Expected dict, got ({'user_input': '医生您好，我想详细描述一下我的症状，希望您能给我一个准确的诊断。我最近几个月来一直感觉身体不适，我最近几个月来一直感觉身体不适，我最近几个月来一直感觉身体不适，我最近几个月来一直感觉身体不适，我最近几个月来一直感觉身体不适，我最近几个月来一直感觉身体不适，我最近几个月来一直感觉身体不适，我最近几个月来一直感觉身体不适，我最近几个月来一直感觉身体不适，我最近几个月来一直感觉身体不适，我最近几个月来一直感觉身体不适，我最近几个月来一直感觉身体不适，我最近几个月来一直感觉身体不适，我最近几个月来一直感觉身体不适，我最近几个月来一直感觉身体不适，我最近几个月来一直感觉身体不适，我最近几个月来一直感觉身体不适，我最近几个月来一直感觉身体不适，我最近几个月来一直感觉身体不适，我最近几个月来一直感觉身体不适，主要症状是头晕、乏力、失眠。', 'query': '医生您好，我想详细描述一下我的症状，希望您能给我一个准确的诊断。我最近几个月来一直感觉身体不适，我最近几个月来一直感觉身体不适，我最近几个月来一直感觉身体不适，我最近几个月来一直感觉身体不适，我最近几个月来一直感觉身体不适，我最近几个月来一直感觉身体不适，我最近几个月来一直感觉身体不适，我最近几个月来一直感觉身体不适，我最近几个月来一直感觉身体不适，我最近几个月来一直感觉身体不适，我最近几个月来一直感觉身体不适，我最近几个月来一直感觉身体不适，我最近几个月来一直感觉身体不适，我最近几个月来一直感觉身体不适，我最近几个月来一直感觉身体不适，我最近几个月来一直感觉身体不适，我最近几个月来一直感觉身体不适，我最近几个月来一直感觉身体不适，我最近几个月来一直感觉身体不适，我最近几个月来一直感觉身体不适，主要症状是头晕、乏力、失眠。', 'messages': [HumanMessage(content='医生您好，我想详细描述一下我的症状，希望您能给我一个准确的诊断。我最近几个月来一直感觉身体不适，我最近几个月来一直感觉身体不适，我最近几个月来一直感觉身体不适，我最近几个月来一直感觉身体不适，我最近几个月来一直感觉身体不适，我最近几个月来一直感觉身体不适，我最近几个月来一直感觉身体不适，我最近几个月来一直感觉身体不适，我最近几个月来一直感觉身体不适，我最近几个月来一直感觉身体不适，我最近几个月来一直感觉身体不适，我最近几个月来一直感觉身体不适，我最近几个月来一直感觉身体不适，我最近几个月来一直感觉身体不适，我最近几个月来一直感觉身体不适，我最近几个月来一直感觉身体不适，我最近几个月来一直感觉身体不适，我最近几个月来一直感觉身体不适，我最近几个月来一直感觉身体不适，我最近几个月来一直感觉身体不适，主要症状是头晕、乏力、失眠。', additional_kwargs={}, response_metadata={})], 'memory': ConversationBufferMemory(chat_memory=InMemoryChatMessageHistory(messages=[HumanMessage(content='医生您好，我想详细描述一下我的症状，希望您能给我一个准确的诊断。我最近几个月来一直感觉身体不适，我最近几个月来一直感觉身体不适，我最近几个月来一直感觉身体不适，我最近几个月来一直感觉身体不适，我最近几个月来一直感觉身体不适，我最近几个月来一直感觉身体不适，我最近几个月来一直感觉身体不适，我最近几个月来一直感觉身体不适，我最近几个月来一直感觉身体不适，我最近几个月来一直感觉身体不适，我最近几个月来一直感觉身体不适，我最近几个月来一直感觉身体不适，我最近几个月来一直感觉身体不适，我最近几个月来一直感觉身体不适，我最近几个月来一直感觉身体不适，我最近几个月来一直感觉身体不适，我最近几个月来一直感觉身体不适，我最近几个月来一直感觉身体不适，我最近几个月来一直感觉身体不适，我最近几个月来一直感觉身体不适，主要症状是头晕、乏力、失眠。', additional_kwargs={}, response_metadata={})])), 'documents': None, 'response': None, 'error': None, 'config': {'retriever_k': 4}, 'safety_check': None, 'intent': None, 'intent_details': None, 'relevant_context': None, 'symptoms_list': None, 'missing_info_list': None, 'conversation_state': None, 'diagnosis_data': None}, 'next')
For troubleshooting, visit: https://python.langchain.com/docs/troubleshooting/errors/INVALID_GRAPH_NODE_RETURN_VALUE
2025-08-10 02:25:22,526 - TCMGraphTest - INFO - 执行成功: False
2025-08-10 02:25:22,526 - TCMGraphTest - INFO - 用户意图: None
2025-08-10 02:25:22,526 - TCMGraphTest - ERROR - 测试用例执行失败: object of type 'NoneType' has no len()
Traceback (most recent call last):
  File "F:\Files\比赛\挑战杯++\专项赛3\AI chatbot\V2\tests\graph_test.py", line 244, in run_test_case
    logger.info(f"提取症状数: {len(result.get('symptoms_list', []))}")
                               ^^^^^^^^^^^^^^^^^^^^^^^^^^^^^^^^^^^^
TypeError: object of type 'NoneType' has no len()
2025-08-10 02:25:22,526 - TCMGraphTest - INFO - ------------------------------------------------------------
2025-08-10 02:25:22,527 - TCMGraphTest - INFO - 执行测试 12/12
2025-08-10 02:25:22,527 - TCMGraphTest - INFO - 测试用例: 药物咨询
2025-08-10 02:25:22,527 - TCMGraphTest - INFO - 用户输入: 请问六味地黄丸的功效和适应症是什么？
2025-08-10 02:25:22,527 - graph - INFO - 开始处理用户输入: 请问六味地黄丸的功效和适应症是什么？
2025-08-10 02:25:22,527 - graph - INFO - 开始创建中医智能对话系统图...
2025-08-10 02:25:22,528 - nodes.c_rag_retrieval_node - INFO - 初始化RAG检索节点
2025-08-10 02:25:22,528 - RAG_system.embedding_model - INFO - 检测到GPU设备: NVIDIA GeForce RTX 4070 Laptop GPU, 共 1 个GPU
2025-08-10 02:25:22,528 - RAG_system.embedding_model - INFO - 嵌入模型管理器初始化成功，使用设备: cuda
2025-08-10 02:25:22,528 - RAG_system.retriever - INFO - 检索管理器初始化成功
2025-08-10 02:25:22,528 - RAG_system.embedding_model - INFO - 检测到GPU设备: NVIDIA GeForce RTX 4070 Laptop GPU, 共 1 个GPU
2025-08-10 02:25:22,529 - RAG_system.rag_manager - INFO - RAG管理器初始化成功，使用设备: cuda
2025-08-10 02:25:22,529 - RAG_system.rag_manager - INFO - 正在启动RAG管理器
2025-08-10 02:25:22,529 - RAG_system.rag_manager - INFO - 发现本地嵌入模型信息，正在加载
2025-08-10 02:25:22,530 - RAG_system.embedding_model - INFO - 正在加载嵌入模型: sentence-transformers/paraphrase-multilingual-MiniLM-L12-v2
2025-08-10 02:25:22,530 - RAG_system.embedding_model - INFO - 从本地加载嵌入模型: RAG_system/model\sentence-transformers_paraphrase-multilingual-MiniLM-L12-v2
2025-08-10 02:25:22,533 - sentence_transformers.SentenceTransformer - INFO - Load pretrained SentenceTransformer: RAG_system/model\sentence-transformers_paraphrase-multilingual-MiniLM-L12-v2
2025-08-10 02:25:22,533 - sentence_transformers.SentenceTransformer - WARNING - No sentence-transformers model found with name RAG_system/model\sentence-transformers_paraphrase-multilingual-MiniLM-L12-v2. Creating a new one with mean pooling.
2025-08-10 02:25:23,424 - RAG_system.embedding_model - INFO - 正在保存嵌入模型信息
2025-08-10 02:25:23,427 - RAG_system.embedding_model - INFO - 嵌入模型信息已保存到: RAG_system/model\model_info.json
2025-08-10 02:25:23,428 - RAG_system.embedding_model - INFO - 嵌入模型加载成功，使用设备: cuda
2025-08-10 02:25:23,428 - RAG_system.vector_store - INFO - 向量存储管理器初始化成功
2025-08-10 02:25:23,429 - RAG_system.rag_manager - INFO - 检查向量存储路径: RAG_system/RAG/vector_store\index.faiss
2025-08-10 02:25:23,429 - RAG_system.rag_manager - INFO - 发现本地向量存储，正在加载
2025-08-10 02:25:23,429 - RAG_system.vector_store - INFO - 正在从路径加载向量存储: vector_store
2025-08-10 02:25:25,991 - RAG_system.vector_store - INFO - 向量存储加载成功
2025-08-10 02:25:25,991 - RAG_system.retriever - INFO - 正在创建检索器
2025-08-10 02:25:25,992 - RAG_system.retriever - INFO - 检索器创建成功
2025-08-10 02:25:25,993 - RAG_system.rag_manager - INFO - RAG管理器启动成功
2025-08-10 02:25:25,994 - nodes.c_rag_retrieval_node - INFO - RAG检索节点初始化完成
2025-08-10 02:25:25,995 - graph - INFO - 添加所有节点...
2025-08-10 02:25:25,998 - graph - INFO - 配置节点间的路由逻辑...
2025-08-10 02:25:25,998 - graph - INFO - 编译图...
2025-08-10 02:25:25,999 - graph - INFO - 中医智能对话系统图创建完成
2025-08-10 02:25:25,999 - graph - INFO - 开始执行图...
2025-08-10 02:25:26,000 - nodes.a_input_node - INFO - 输入处理节点启动
2025-08-10 02:25:26,001 - nodes.a_input_node - INFO - 处理用户输入成功: '请问六味地黄丸的功效和适应症是什么？'
2025-08-10 02:25:26,001 - graph - ERROR - 图执行过程中发生错误: Expected dict, got ({'user_input': '请问六味地黄丸的功效和适应症是什么？', 'query': '请问六味地黄丸的功效和适应症是什么？', 'messages': [HumanMessage(content='请问六味地黄丸的功效和适应症是什么？', additional_kwargs={}, response_metadata={})], 'memory': ConversationBufferMemory(chat_memory=InMemoryChatMessageHistory(messages=[HumanMessage(content='请问六味地黄丸的功效和适应症是什么？', additional_kwargs={}, response_metadata={})])), 'documents': None, 'response': None, 'error': None, 'config': {'retriever_k': 4}, 'safety_check': None, 'intent': None, 'intent_details': None, 'relevant_context': None, 'symptoms_list': None, 'missing_info_list': None, 'conversation_state': None, 'diagnosis_data': None}, 'next')
For troubleshooting, visit: https://python.langchain.com/docs/troubleshooting/errors/INVALID_GRAPH_NODE_RETURN_VALUE
2025-08-10 02:25:26,002 - TCMGraphTest - INFO - 执行成功: False
2025-08-10 02:25:26,002 - TCMGraphTest - INFO - 用户意图: None
2025-08-10 02:25:26,002 - TCMGraphTest - ERROR - 测试用例执行失败: object of type 'NoneType' has no len()
Traceback (most recent call last):
  File "F:\Files\比赛\挑战杯++\专项赛3\AI chatbot\V2\tests\graph_test.py", line 244, in run_test_case
    logger.info(f"提取症状数: {len(result.get('symptoms_list', []))}")
                               ^^^^^^^^^^^^^^^^^^^^^^^^^^^^^^^^^^^^
TypeError: object of type 'NoneType' has no len()
2025-08-10 02:25:26,003 - TCMGraphTest - INFO - ------------------------------------------------------------
2025-08-10 02:25:26,003 - TCMGraphTest - INFO - ============================================================
2025-08-10 02:25:26,003 - TCMGraphTest - INFO - 测试结果摘要
2025-08-10 02:25:26,003 - TCMGraphTest - INFO - ============================================================
2025-08-10 02:25:26,004 - TCMGraphTest - INFO - 总测试数: 12
2025-08-10 02:25:26,004 - TCMGraphTest - INFO - 成功测试数: 0
2025-08-10 02:25:26,004 - TCMGraphTest - INFO - 成功率: 0.00%
2025-08-10 02:25:26,004 - TCMGraphTest - INFO - 平均响应时间: 6.72秒
2025-08-10 02:25:26,004 - TCMGraphTest - INFO - 平均质量评分: 0.0/100
2025-08-10 02:25:26,004 - TCMGraphTest - INFO - 意图识别准确率: 100.00%
2025-08-10 02:25:26,005 - TCMGraphTest - INFO - 
分类测试结果:
2025-08-10 02:25:26,005 - TCMGraphTest - INFO -   complete_diagnosis: 0/1 (0.0%)
2025-08-10 02:25:26,005 - TCMGraphTest - INFO -   follow_up_needed: 0/1 (0.0%)
2025-08-10 02:25:26,005 - TCMGraphTest - INFO -   spleen_deficiency: 0/1 (0.0%)
2025-08-10 02:25:26,005 - TCMGraphTest - INFO -   liver_qi_stagnation: 0/1 (0.0%)
2025-08-10 02:25:26,005 - TCMGraphTest - INFO -   general_consultation: 0/1 (0.0%)
2025-08-10 02:25:26,005 - TCMGraphTest - INFO -   emergency: 0/1 (0.0%)
2025-08-10 02:25:26,006 - TCMGraphTest - INFO -   heart_kidney_disharmony: 0/1 (0.0%)
2025-08-10 02:25:26,006 - TCMGraphTest - INFO -   boundary_test: 0/1 (0.0%)
2025-08-10 02:25:26,006 - TCMGraphTest - INFO -   vague_symptoms: 0/1 (0.0%)
2025-08-10 02:25:26,006 - TCMGraphTest - INFO -   complex_symptoms: 0/1 (0.0%)
2025-08-10 02:25:26,006 - TCMGraphTest - INFO -   performance_test: 0/1 (0.0%)
2025-08-10 02:25:26,006 - TCMGraphTest - INFO -   medicine_consultation: 0/1 (0.0%)
2025-08-10 02:25:26,009 - TCMGraphTest - INFO - 
详细结果已保存到: tests/logs/tcm_graph_results_20250810_022405.json
2025-08-10 02:25:26,013 - TCMGraphTest - INFO - 测试报告已保存到: tests/logs/tcm_graph_report_20250810_022405.json
2025-08-10 02:25:26,013 - TCMGraphTest - INFO - 
============================================================
2025-08-10 02:25:26,013 - TCMGraphTest - INFO - 最终测试结果
2025-08-10 02:25:26,014 - TCMGraphTest - INFO - ============================================================
2025-08-10 02:25:26,058 - TCMGraphTest - INFO - 
失败的测试用例 (12):
2025-08-10 02:25:26,058 - TCMGraphTest - INFO -   1. 完整诊断流程 - 典型症状
2025-08-10 02:25:26,058 - TCMGraphTest - INFO -      错误: object of type 'NoneType' has no len()
2025-08-10 02:25:26,059 - TCMGraphTest - INFO -   2. 需要追问的诊断流程 - 症状不足
2025-08-10 02:25:26,059 - TCMGraphTest - INFO -      错误: object of type 'NoneType' has no len()
2025-08-10 02:25:26,059 - TCMGraphTest - INFO -   3. 典型脾虚证诊断
2025-08-10 02:25:26,059 - TCMGraphTest - INFO -      错误: object of type 'NoneType' has no len()
2025-08-10 02:25:26,059 - TCMGraphTest - INFO -   4. 肝郁气滞证诊断
2025-08-10 02:25:26,060 - TCMGraphTest - INFO -      错误: object of type 'NoneType' has no len()
2025-08-10 02:25:26,060 - TCMGraphTest - INFO -   5. 一般咨询 - 非诊断意图
2025-08-10 02:25:26,060 - TCMGraphTest - INFO -      错误: object of type 'NoneType' has no len()
2025-08-10 11:49:03,617 - TCMGraphTest - INFO - 日志将保存到: tests/logs/tcm_graph_test_20250810_114903.log
2025-08-10 11:49:03,620 - TCMGraphTest - INFO - ================================================================================
2025-08-10 11:49:03,620 - TCMGraphTest - INFO - 中医智能对话系统LangGraph测试
2025-08-10 11:49:03,620 - TCMGraphTest - INFO - ================================================================================
2025-08-10 11:49:03,621 - TCMGraphTest - INFO - 开始中医智能对话系统图测试
2025-08-10 11:49:03,621 - TCMGraphTest - INFO - 执行测试 1/12
2025-08-10 11:49:03,621 - TCMGraphTest - INFO - 测试用例: 完整诊断流程 - 典型症状
2025-08-10 11:49:03,622 - TCMGraphTest - INFO - 用户输入: 医生，我最近总是感到头晕目眩，还有腰膝酸软，晚上失眠多梦，手心脚心发热，请帮我看看是什么问题？
2025-08-10 11:49:03,622 - graph - INFO - 开始处理用户输入: 医生，我最近总是感到头晕目眩，还有腰膝酸软，晚上失眠多梦，手心脚心发热，请帮我看看是什么问题？
2025-08-10 11:49:03,622 - graph - INFO - 开始创建中医智能对话系统图...
2025-08-10 11:49:03,622 - nodes.c_rag_retrieval_node - INFO - 初始化RAG检索节点
2025-08-10 11:49:03,622 - RAG_system.embedding_model - INFO - 检测到GPU设备: NVIDIA GeForce RTX 4070 Laptop GPU, 共 1 个GPU
2025-08-10 11:49:03,623 - RAG_system.embedding_model - INFO - 嵌入模型管理器初始化成功，使用设备: cuda
2025-08-10 11:49:03,623 - RAG_system.retriever - INFO - 检索管理器初始化成功
2025-08-10 11:49:03,623 - RAG_system.embedding_model - INFO - 检测到GPU设备: NVIDIA GeForce RTX 4070 Laptop GPU, 共 1 个GPU
2025-08-10 11:49:03,623 - RAG_system.rag_manager - INFO - RAG管理器初始化成功，使用设备: cuda
2025-08-10 11:49:03,623 - RAG_system.rag_manager - INFO - 正在启动RAG管理器
2025-08-10 11:49:03,624 - RAG_system.rag_manager - INFO - 发现本地嵌入模型信息，正在加载
2025-08-10 11:49:03,625 - RAG_system.embedding_model - INFO - 正在加载嵌入模型: sentence-transformers/paraphrase-multilingual-MiniLM-L12-v2
2025-08-10 11:49:03,625 - RAG_system.embedding_model - INFO - 从本地加载嵌入模型: RAG_system/model\sentence-transformers_paraphrase-multilingual-MiniLM-L12-v2
2025-08-10 11:49:03,627 - sentence_transformers.SentenceTransformer - INFO - Load pretrained SentenceTransformer: RAG_system/model\sentence-transformers_paraphrase-multilingual-MiniLM-L12-v2
2025-08-10 11:49:03,629 - sentence_transformers.SentenceTransformer - WARNING - No sentence-transformers model found with name RAG_system/model\sentence-transformers_paraphrase-multilingual-MiniLM-L12-v2. Creating a new one with mean pooling.
2025-08-10 11:49:04,426 - RAG_system.embedding_model - INFO - 正在保存嵌入模型信息
2025-08-10 11:49:04,426 - RAG_system.embedding_model - INFO - 嵌入模型信息已保存到: RAG_system/model\model_info.json
2025-08-10 11:49:04,426 - RAG_system.embedding_model - INFO - 嵌入模型加载成功，使用设备: cuda
2025-08-10 11:49:04,426 - RAG_system.vector_store - INFO - 向量存储管理器初始化成功
2025-08-10 11:49:04,430 - RAG_system.rag_manager - INFO - 检查向量存储路径: RAG_system/RAG/vector_store\index.faiss
2025-08-10 11:49:04,430 - RAG_system.rag_manager - INFO - 发现本地向量存储，正在加载
2025-08-10 11:49:04,430 - RAG_system.vector_store - INFO - 正在从路径加载向量存储: vector_store
2025-08-10 11:49:14,484 - RAG_system.vector_store - INFO - 向量存储加载成功
2025-08-10 11:49:14,484 - RAG_system.retriever - INFO - 正在创建检索器
2025-08-10 11:49:14,484 - RAG_system.retriever - INFO - 检索器创建成功
2025-08-10 11:49:14,484 - RAG_system.rag_manager - INFO - RAG管理器启动成功
2025-08-10 11:49:14,484 - nodes.c_rag_retrieval_node - INFO - RAG检索节点初始化完成
2025-08-10 11:49:14,484 - graph - INFO - 添加所有节点...
2025-08-10 11:49:14,490 - graph - INFO - 配置节点间的路由逻辑...
2025-08-10 11:49:14,490 - graph - INFO - 编译图...
2025-08-10 11:49:14,494 - graph - INFO - 中医智能对话系统图创建完成
2025-08-10 11:49:14,494 - graph - INFO - 开始执行图...
2025-08-10 11:49:14,498 - nodes.a_input_node - INFO - 输入处理节点启动
2025-08-10 11:49:14,498 - nodes.a_input_node - INFO - 处理用户输入成功: '医生，我最近总是感到头晕目眩，还有腰膝酸软，晚上失眠多梦，手...'
2025-08-10 11:49:14,500 - nodes.b_safety_guard_node - INFO - 安全检查节点启动
2025-08-10 11:49:14,500 - nodes.b_safety_guard_node - INFO - 安全检查通过，未检测到紧急关键词
2025-08-10 11:49:14,500 - nodes.c_rag_retrieval_node - INFO - RAG检索节点启动
2025-08-10 11:49:14,500 - nodes.c_rag_retrieval_node - INFO - 执行检索，查询：医生，我最近总是感到头晕目眩，还有腰膝酸软，晚上失眠多梦，手心脚心发热，请帮我看看是什么问题？，k值：4
2025-08-10 11:49:14,500 - RAG_system.retriever - INFO - 正在执行检索操作，查询: 医生，我最近总是感到头晕目眩，还有腰膝酸软，晚上失眠多梦，手心脚心发热，请帮我看看是什么问题？
2025-08-10 11:49:15,390 - RAG_system.retriever - INFO - 检索完成，返回 4 个结果
2025-08-10 11:49:15,390 - nodes.c_rag_retrieval_node - INFO - 成功提取上下文，共4个文档
2025-08-10 11:49:17,511 - httpx - INFO - HTTP Request: POST https://dashscope.aliyuncs.com/compatible-mode/v1/chat/completions "HTTP/1.1 200 OK"
2025-08-10 11:49:17,525 - nodes.d_recognize_intent_node - INFO - 意图识别结果: diagnosis (置信度: 0.95)
2025-08-10 11:49:17,527 - nodes.e_symptom_extraction_node - INFO - 开始提取症状...
2025-08-10 11:49:34,520 - httpx - INFO - HTTP Request: POST https://dashscope.aliyuncs.com/compatible-mode/v1/chat/completions "HTTP/1.1 200 OK"
2025-08-10 11:49:34,540 - nodes.e_symptom_extraction_node - INFO - LLM原始输出: {'user_input': '医生，我最近总是感到头晕目眩，还有腰膝酸软，晚上失眠多梦，手心脚心发热，请帮我看看是什么问题？', 'message_history': 'human: 医生，我最近总是感到头晕目眩，还有腰膝酸软，晚上失眠多梦，手心脚心发热，请帮我看看是什么问题？', 'relevant_context': '[文档1] 来源: data/医藏-0869部/09伤寒-49本/09伤寒-49本/证治准绳伤寒-明-王肯堂.txt\n卷三\n\n\u3000\u3000阳明病\n\n\u3000\u3000（胃实不大便 自汗 不得卧 潮热 谵语 狂乱 循衣摸床 渴 呕）\n\n[文档2] 来源: data/医藏-0869部/09伤寒-49本/09伤寒-49本/伤寒证治准绳-明-王肯堂.txt\n卷三\n\n\u3000\u3000阳明病\n\n\u3000\u3000（胃实不大便 自汗 不得卧 潮热 谵语 狂乱 循衣摸床 渴 呕）\n\n[文档3] 来源: data/医藏-0869部/09医藏-0869部/09医藏-0869部/09伤寒-49本/伤寒证治准绳-明-王肯堂_20210525211840.txt\n卷三\n\n\u3000\u3000阳明病\n\n\u3000\u3000（胃实不大便 自汗 不得卧 潮热 谵语 狂乱 循衣摸床 渴 呕）\n\n[文档4] 来源: data/医藏-0869部/09医藏-0869部/09医藏-0869部/09伤寒-49本/证治准绳伤寒-明-王肯堂.txt\n卷三\n\n\u3000\u3000阳明病\n\n\u3000\u3000（胃实不大便 自汗 不得卧 潮热 谵语 狂乱 循衣摸床 渴 呕）\n', 'format_instructions': 'The output should be a markdown code snippet formatted in the following schema, including the leading and trailing "```json" and "```":\n\n```json\n{\n\t"symptoms": array  // 从用户描述中提取的症状列表，每个症状应包含症状名称、描述、严重程度和持续时间\n\t"missing_info": array  // 需要从用户那里获取的缺失信息列表，这些信息对诊断很重要\n\t"stage": string  // 当前会话阶段，应为\'symptom_collection\'\n}\n```', 'text': {'symptoms': [{'symptom_name': '头晕目眩', 'description': '最近总是感到头晕目眩', 'severity': None, 'duration': '最近'}, {'symptom_name': '腰膝酸软', 'description': '有腰膝酸软', 'severity': None, 'duration': '最近'}, {'symptom_name': '失眠', 'description': '晚上失眠多梦', 'severity': None, 'duration': '最近'}, {'symptom_name': '多梦', 'description': '晚上失眠多梦', 'severity': None, 'duration': '最近'}, {'symptom_name': '手心脚心发热', 'description': '手心脚心发热', 'severity': None, 'duration': '最近'}], 'missing_info': ['头晕目眩的具体发作频率和持续时间（例如：每天几次，每次持续多久）？', '是否有伴随恶心、呕吐、耳鸣或视力模糊等症状？', '腰膝酸软是否在特定时间加重（如劳累后或早晨起床时）？', '是否有下肢无力、麻木或行走困难的情况？', '失眠的具体表现：入睡困难、易醒、早醒或睡眠质量差？每周影响几天？', '多梦是否影响白天精神状态？梦境是否频繁且 vivid？', '手心脚心发热是否夜间加重？是否伴有盗汗或潮热？', '是否有午后低热、口干咽燥、心烦易怒等阴虚内热表现？', '近期是否有体重变化、食欲改变或排便异常？', '既往是否有高血压、贫血、糖尿病或肾脏疾病史？', '月经情况（如果是女性）：是否规律、经量有无变化？', '是否长期服用药物或有精神压力大、过度劳累等情况？'], 'stage': 'symptom_collection'}}
2025-08-10 11:49:34,541 - nodes.e_symptom_extraction_node - INFO - 解析后的输出: {'symptoms': [{'symptom_name': '头晕目眩', 'description': '最近总是感到头晕目眩', 'severity': None, 'duration': '最近'}, {'symptom_name': '腰膝酸软', 'description': '有腰膝酸软', 'severity': None, 'duration': '最近'}, {'symptom_name': '失眠', 'description': '晚上失眠多梦', 'severity': None, 'duration': '最近'}, {'symptom_name': '多梦', 'description': '晚上失眠多梦', 'severity': None, 'duration': '最近'}, {'symptom_name': '手心脚心发热', 'description': '手心脚心发热', 'severity': None, 'duration': '最近'}], 'missing_info': ['头晕目眩的具体发作频率和持续时间（例如：每天几次，每次持续多久）？', '是否有伴随恶心、呕吐、耳鸣或视力模糊等症状？', '腰膝酸软是否在特定时间加重（如劳累后或早晨起床时）？', '是否有下肢无力、麻木或行走困难的情况？', '失眠的具体表现：入睡困难、易醒、早醒或睡眠质量差？每周影响几天？', '多梦是否影响白天精神状态？梦境是否频繁且 vivid？', '手心脚心发热是否夜间加重？是否伴有盗汗或潮热？', '是否有午后低热、口干咽燥、心烦易怒等阴虚内热表现？', '近期是否有体重变化、食欲改变或排便异常？', '既往是否有高血压、贫血、糖尿病或肾脏疾病史？', '月经情况（如果是女性）：是否规律、经量有无变化？', '是否长期服用药物或有精神压力大、过度劳累等情况？'], 'stage': 'symptom_collection'}
2025-08-10 11:49:34,541 - nodes.e_symptom_extraction_node - INFO - 症状: [{'symptom_name': '头晕目眩', 'description': '最近总是感到头晕目眩', 'severity': None, 'duration': '最近'}, {'symptom_name': '腰膝酸软', 'description': '有腰膝酸软', 'severity': None, 'duration': '最近'}, {'symptom_name': '失眠', 'description': '晚上失眠多梦', 'severity': None, 'duration': '最近'}, {'symptom_name': '多梦', 'description': '晚上失眠多梦', 'severity': None, 'duration': '最近'}, {'symptom_name': '手心脚心发热', 'description': '手心脚心发热', 'severity': None, 'duration': '最近'}]
2025-08-10 11:49:34,541 - nodes.e_symptom_extraction_node - INFO - 缺失信息: ['头晕目眩的具体发作频率和持续时间（例如：每天几次，每次持续多久）？', '是否有伴随恶心、呕吐、耳鸣或视力模糊等症状？', '腰膝酸软是否在特定时间加重（如劳累后或早晨起床时）？', '是否有下肢无力、麻木或行走困难的情况？', '失眠的具体表现：入睡困难、易醒、早醒或睡眠质量差？每周影响几天？', '多梦是否影响白天精神状态？梦境是否频繁且 vivid？', '手心脚心发热是否夜间加重？是否伴有盗汗或潮热？', '是否有午后低热、口干咽燥、心烦易怒等阴虚内热表现？', '近期是否有体重变化、食欲改变或排便异常？', '既往是否有高血压、贫血、糖尿病或肾脏疾病史？', '月经情况（如果是女性）：是否规律、经量有无变化？', '是否长期服用药物或有精神压力大、过度劳累等情况？']
2025-08-10 11:49:34,543 - nodes.e_symptom_extraction_node - INFO - 提取到 5 个症状和 12 个缺失信息
2025-08-10 11:49:34,543 - nodes.e_symptom_extraction_node - INFO - 症状信息充足，路由到诊断节点
2025-08-10 11:49:34,545 - nodes.f_follow_up_question_node - INFO - 生成追问，共有 12 个缺失信息点
2025-08-10 11:49:34,710 - httpx - INFO - HTTP Request: POST https://api.deepseek.com/chat/completions "HTTP/1.1 200 OK"
2025-08-10 11:49:48,600 - nodes.f_follow_up_question_node - INFO - 生成的追问: 您好，感谢您详细描述这些不适症状。为了更好地了解您的身体状况，我需要进一步询问一些细节，这对我们判断病因和制定治疗方案非常重要。

关于头晕目眩的情况，您能具体说说发作的频率吗？比如每天大概发生几次，...
2025-08-10 11:49:48,600 - nodes.k_output_node - INFO - 输出处理完成，返回最终状态
2025-08-10 11:49:48,600 - graph - INFO - 图执行完成
2025-08-10 11:49:48,750 - TCMGraphTest - INFO - 执行成功: True
2025-08-10 11:49:48,750 - TCMGraphTest - INFO - 用户意图: diagnosis
2025-08-10 11:49:48,750 - TCMGraphTest - INFO - 提取症状数: 5
2025-08-10 11:49:48,750 - TCMGraphTest - INFO - 对话状态: awaiting_follow_up
2025-08-10 11:49:48,750 - TCMGraphTest - INFO - 响应长度: 462
2025-08-10 11:49:48,750 - TCMGraphTest - INFO - 响应时间: 45.13秒
2025-08-10 11:49:48,750 - TCMGraphTest - INFO - 紧急情况检测: False
2025-08-10 11:49:48,750 - TCMGraphTest - INFO - 安全评分: N/A
2025-08-10 11:49:48,750 - TCMGraphTest - INFO - 整体质量评分: 100.0/100
2025-08-10 11:49:48,750 - TCMGraphTest - INFO - ------------------------------------------------------------
2025-08-10 11:49:48,750 - TCMGraphTest - INFO - 执行测试 2/12
2025-08-10 11:49:48,750 - TCMGraphTest - INFO - 测试用例: 需要追问的诊断流程 - 症状不足
2025-08-10 11:49:48,750 - TCMGraphTest - INFO - 用户输入: 我咳嗽
2025-08-10 11:49:48,750 - graph - INFO - 开始处理用户输入: 我咳嗽
2025-08-10 11:49:48,750 - graph - INFO - 开始创建中医智能对话系统图...
2025-08-10 11:49:48,750 - nodes.c_rag_retrieval_node - INFO - 初始化RAG检索节点
2025-08-10 11:49:48,750 - RAG_system.embedding_model - INFO - 检测到GPU设备: NVIDIA GeForce RTX 4070 Laptop GPU, 共 1 个GPU
2025-08-10 11:49:48,750 - RAG_system.embedding_model - INFO - 嵌入模型管理器初始化成功，使用设备: cuda
2025-08-10 11:49:48,750 - RAG_system.retriever - INFO - 检索管理器初始化成功
2025-08-10 11:49:48,750 - RAG_system.embedding_model - INFO - 检测到GPU设备: NVIDIA GeForce RTX 4070 Laptop GPU, 共 1 个GPU
2025-08-10 11:49:48,750 - RAG_system.rag_manager - INFO - RAG管理器初始化成功，使用设备: cuda
2025-08-10 11:49:48,750 - RAG_system.rag_manager - INFO - 正在启动RAG管理器
2025-08-10 11:49:48,750 - RAG_system.rag_manager - INFO - 发现本地嵌入模型信息，正在加载
2025-08-10 11:49:48,759 - RAG_system.embedding_model - INFO - 正在加载嵌入模型: sentence-transformers/paraphrase-multilingual-MiniLM-L12-v2
2025-08-10 11:49:48,760 - RAG_system.embedding_model - INFO - 从本地加载嵌入模型: RAG_system/model\sentence-transformers_paraphrase-multilingual-MiniLM-L12-v2
2025-08-10 11:49:48,763 - sentence_transformers.SentenceTransformer - INFO - Load pretrained SentenceTransformer: RAG_system/model\sentence-transformers_paraphrase-multilingual-MiniLM-L12-v2
2025-08-10 11:49:48,764 - sentence_transformers.SentenceTransformer - WARNING - No sentence-transformers model found with name RAG_system/model\sentence-transformers_paraphrase-multilingual-MiniLM-L12-v2. Creating a new one with mean pooling.
2025-08-10 11:50:01,813 - RAG_system.embedding_model - INFO - 正在保存嵌入模型信息
2025-08-10 11:50:01,817 - RAG_system.embedding_model - INFO - 嵌入模型信息已保存到: RAG_system/model\model_info.json
2025-08-10 11:50:01,817 - RAG_system.embedding_model - INFO - 嵌入模型加载成功，使用设备: cuda
2025-08-10 11:50:01,818 - RAG_system.vector_store - INFO - 向量存储管理器初始化成功
2025-08-10 11:50:01,818 - RAG_system.rag_manager - INFO - 检查向量存储路径: RAG_system/RAG/vector_store\index.faiss
2025-08-10 11:50:01,819 - RAG_system.rag_manager - INFO - 发现本地向量存储，正在加载
2025-08-10 11:50:01,819 - RAG_system.vector_store - INFO - 正在从路径加载向量存储: vector_store
2025-08-10 11:50:06,880 - RAG_system.vector_store - INFO - 向量存储加载成功
2025-08-10 11:50:06,880 - RAG_system.retriever - INFO - 正在创建检索器
2025-08-10 11:50:06,880 - RAG_system.retriever - INFO - 检索器创建成功
2025-08-10 11:50:06,880 - RAG_system.rag_manager - INFO - RAG管理器启动成功
2025-08-10 11:50:06,880 - nodes.c_rag_retrieval_node - INFO - RAG检索节点初始化完成
2025-08-10 11:50:06,880 - graph - INFO - 添加所有节点...
2025-08-10 11:50:06,880 - graph - INFO - 配置节点间的路由逻辑...
2025-08-10 11:50:06,880 - graph - INFO - 编译图...
2025-08-10 11:50:06,889 - graph - INFO - 中医智能对话系统图创建完成
2025-08-10 11:50:06,889 - graph - INFO - 开始执行图...
2025-08-10 11:50:06,889 - nodes.a_input_node - INFO - 输入处理节点启动
2025-08-10 11:50:06,889 - nodes.a_input_node - INFO - 处理用户输入成功: '我咳嗽'
2025-08-10 11:50:06,890 - nodes.b_safety_guard_node - INFO - 安全检查节点启动
2025-08-10 11:50:06,890 - nodes.b_safety_guard_node - INFO - 安全检查通过，未检测到紧急关键词
2025-08-10 11:50:06,890 - nodes.c_rag_retrieval_node - INFO - RAG检索节点启动
2025-08-10 11:50:06,892 - nodes.c_rag_retrieval_node - INFO - 执行检索，查询：我咳嗽，k值：4
2025-08-10 11:50:06,892 - RAG_system.retriever - INFO - 正在执行检索操作，查询: 我咳嗽
2025-08-10 11:50:06,940 - RAG_system.retriever - INFO - 检索完成，返回 4 个结果
2025-08-10 11:50:06,940 - nodes.c_rag_retrieval_node - INFO - 成功提取上下文，共4个文档
2025-08-10 11:50:08,394 - httpx - INFO - HTTP Request: POST https://dashscope.aliyuncs.com/compatible-mode/v1/chat/completions "HTTP/1.1 200 OK"
2025-08-10 11:50:08,394 - nodes.d_recognize_intent_node - INFO - 意图识别结果: diagnosis (置信度: 1.0)
2025-08-10 11:50:08,400 - nodes.e_symptom_extraction_node - INFO - 开始提取症状...
2025-08-10 11:50:13,084 - httpx - INFO - HTTP Request: POST https://dashscope.aliyuncs.com/compatible-mode/v1/chat/completions "HTTP/1.1 200 OK"
2025-08-10 11:50:13,086 - nodes.e_symptom_extraction_node - INFO - LLM原始输出: {'user_input': '我咳嗽', 'message_history': 'human: 我咳嗽', 'relevant_context': '[文档1] 来源: data/医藏-0869部/09医藏-0869部/09医藏-0869部/14医部全录-123本/医部全录卷422至卷423-小儿嗽喘门.txt\n欬嗽\n\n[文档2] 来源: data/医藏-0869部/14医部全录-123本/14医部全录-123本/医部全录卷422至卷423-小儿嗽喘门.txt\n欬嗽\n\n[文档3] 来源: data/医藏-0869部/07素问-18本/07素问-18本/读素问钞-元-滑寿.txt\n下满（ 亦胁也）脾咳之状咳则右 下痛阴阴引肩背甚则不可以动动则咳剧（续脾气连肺故痛引肩背也脾气主右故右\n\n[文档4] 来源: data/医藏-0869部/09医藏-0869部/09医藏-0869部/07素问-18本/读素问钞-元-滑寿.txt\n下满（ 亦胁也）脾咳之状咳则右 下痛阴阴引肩背甚则不可以动动则咳剧（续脾气连肺故痛引肩背也脾气主右故右\n', 'format_instructions': 'The output should be a markdown code snippet formatted in the following schema, including the leading and trailing "```json" and "```":\n\n```json\n{\n\t"symptoms": array  // 从用户描述中提取的症状列表，每个症状应包含症状名称、描述、严重程度和持续时间\n\t"missing_info": array  // 需要从用户那里获取的缺失信息列表，这些信息对诊断很重要\n\t"stage": string  // 当前会话阶段，应为\'symptom_collection\'\n}\n```', 'text': {'symptoms': [{'symptom_name': '咳嗽', 'description': '我咳嗽', 'severity': None, 'duration': None}], 'missing_info': ['咳嗽持续了多长时间？', '咳嗽是干咳还是有痰？', '痰的颜色和性状是什么？', '是否有发热、胸痛、呼吸困难等症状？', '咳嗽在什么时间加重（如夜间、清晨）？', '是否有过敏史或近期接触刺激性物质？', '是否吸烟或有慢性肺部疾病史？'], 'stage': 'symptom_collection'}}
2025-08-10 11:50:13,087 - nodes.e_symptom_extraction_node - INFO - 解析后的输出: {'symptoms': [{'symptom_name': '咳嗽', 'description': '我咳嗽', 'severity': None, 'duration': None}], 'missing_info': ['咳嗽持续了多长时间？', '咳嗽是干咳还是有痰？', '痰的颜色和性状是什么？', '是否有发热、胸痛、呼吸困难等症状？', '咳嗽在什么时间加重（如夜间、清晨）？', '是否有过敏史或近期接触刺激性物质？', '是否吸烟或有慢性肺部疾病史？'], 'stage': 'symptom_collection'}
2025-08-10 11:50:13,087 - nodes.e_symptom_extraction_node - INFO - 症状: [{'symptom_name': '咳嗽', 'description': '我咳嗽', 'severity': None, 'duration': None}]
2025-08-10 11:50:13,088 - nodes.e_symptom_extraction_node - INFO - 缺失信息: ['咳嗽持续了多长时间？', '咳嗽是干咳还是有痰？', '痰的颜色和性状是什么？', '是否有发热、胸痛、呼吸困难等症状？', '咳嗽在什么时间加重（如夜间、清晨）？', '是否有过敏史或近期接触刺激性物质？', '是否吸烟或有慢性肺部疾病史？']
2025-08-10 11:50:13,088 - nodes.e_symptom_extraction_node - INFO - 提取到 1 个症状和 7 个缺失信息
2025-08-10 11:50:13,088 - nodes.e_symptom_extraction_node - INFO - 需要更多信息，路由到后续问题节点
2025-08-10 11:50:13,090 - nodes.f_follow_up_question_node - INFO - 生成追问，共有 7 个缺失信息点
2025-08-10 11:50:13,266 - httpx - INFO - HTTP Request: POST https://api.deepseek.com/chat/completions "HTTP/1.1 200 OK"
2025-08-10 11:50:26,510 - nodes.f_follow_up_question_node - INFO - 生成的追问: "感谢您分享这些信息。为了更好地了解您的咳嗽情况并提供适当的建议，我需要进一步询问一些细节。首先，您咳嗽已经持续了多久？另外，是干咳还是有痰？如果有痰的话，能否描述一下痰的颜色和粘稠度？这些信息能帮助...
2025-08-10 11:50:26,518 - nodes.k_output_node - INFO - 输出处理完成，返回最终状态
2025-08-10 11:50:26,518 - graph - INFO - 图执行完成
2025-08-10 11:50:26,659 - TCMGraphTest - INFO - 执行成功: True
2025-08-10 11:50:26,660 - TCMGraphTest - INFO - 用户意图: diagnosis
2025-08-10 11:50:26,660 - TCMGraphTest - INFO - 提取症状数: 1
2025-08-10 11:50:26,661 - TCMGraphTest - INFO - 对话状态: awaiting_follow_up
2025-08-10 11:50:26,662 - TCMGraphTest - INFO - 响应长度: 365
2025-08-10 11:50:26,662 - TCMGraphTest - INFO - 响应时间: 37.91秒
2025-08-10 11:50:26,662 - TCMGraphTest - INFO - 紧急情况检测: False
2025-08-10 11:50:26,663 - TCMGraphTest - INFO - 安全评分: N/A
2025-08-10 11:50:26,663 - TCMGraphTest - INFO - 整体质量评分: 100.0/100
2025-08-10 11:50:26,663 - TCMGraphTest - INFO - ------------------------------------------------------------
2025-08-10 11:50:26,663 - TCMGraphTest - INFO - 执行测试 3/12
2025-08-10 11:50:26,664 - TCMGraphTest - INFO - 测试用例: 典型脾虚证诊断
2025-08-10 11:50:26,664 - TCMGraphTest - INFO - 用户输入: 我最近总是感到疲乏无力，不想吃饭，大便也不成形，容易腹胀，请医生帮我诊断一下。
2025-08-10 11:50:26,664 - graph - INFO - 开始处理用户输入: 我最近总是感到疲乏无力，不想吃饭，大便也不成形，容易腹胀，请医生帮我诊断一下。
2025-08-10 11:50:26,664 - graph - INFO - 开始创建中医智能对话系统图...
2025-08-10 11:50:26,665 - nodes.c_rag_retrieval_node - INFO - 初始化RAG检索节点
2025-08-10 11:50:26,665 - RAG_system.embedding_model - INFO - 检测到GPU设备: NVIDIA GeForce RTX 4070 Laptop GPU, 共 1 个GPU
2025-08-10 11:50:26,665 - RAG_system.embedding_model - INFO - 嵌入模型管理器初始化成功，使用设备: cuda
2025-08-10 11:50:26,665 - RAG_system.retriever - INFO - 检索管理器初始化成功
2025-08-10 11:50:26,666 - RAG_system.embedding_model - INFO - 检测到GPU设备: NVIDIA GeForce RTX 4070 Laptop GPU, 共 1 个GPU
2025-08-10 11:50:26,667 - RAG_system.rag_manager - INFO - RAG管理器初始化成功，使用设备: cuda
2025-08-10 11:50:26,667 - RAG_system.rag_manager - INFO - 正在启动RAG管理器
2025-08-10 11:50:26,667 - RAG_system.rag_manager - INFO - 发现本地嵌入模型信息，正在加载
2025-08-10 11:50:26,668 - RAG_system.embedding_model - INFO - 正在加载嵌入模型: sentence-transformers/paraphrase-multilingual-MiniLM-L12-v2
2025-08-10 11:50:26,668 - RAG_system.embedding_model - INFO - 从本地加载嵌入模型: RAG_system/model\sentence-transformers_paraphrase-multilingual-MiniLM-L12-v2
2025-08-10 11:50:26,670 - sentence_transformers.SentenceTransformer - INFO - Load pretrained SentenceTransformer: RAG_system/model\sentence-transformers_paraphrase-multilingual-MiniLM-L12-v2
2025-08-10 11:50:26,671 - sentence_transformers.SentenceTransformer - WARNING - No sentence-transformers model found with name RAG_system/model\sentence-transformers_paraphrase-multilingual-MiniLM-L12-v2. Creating a new one with mean pooling.
2025-08-10 11:50:27,390 - RAG_system.embedding_model - INFO - 正在保存嵌入模型信息
2025-08-10 11:50:27,390 - RAG_system.embedding_model - INFO - 嵌入模型信息已保存到: RAG_system/model\model_info.json
2025-08-10 11:50:27,390 - RAG_system.embedding_model - INFO - 嵌入模型加载成功，使用设备: cuda
2025-08-10 11:50:27,390 - RAG_system.vector_store - INFO - 向量存储管理器初始化成功
2025-08-10 11:50:27,390 - RAG_system.rag_manager - INFO - 检查向量存储路径: RAG_system/RAG/vector_store\index.faiss
2025-08-10 11:50:27,390 - RAG_system.rag_manager - INFO - 发现本地向量存储，正在加载
2025-08-10 11:50:27,390 - RAG_system.vector_store - INFO - 正在从路径加载向量存储: vector_store
2025-08-10 11:50:29,542 - RAG_system.vector_store - INFO - 向量存储加载成功
2025-08-10 11:50:29,542 - RAG_system.retriever - INFO - 正在创建检索器
2025-08-10 11:50:29,542 - RAG_system.retriever - INFO - 检索器创建成功
2025-08-10 11:50:29,542 - RAG_system.rag_manager - INFO - RAG管理器启动成功
2025-08-10 11:50:29,550 - nodes.c_rag_retrieval_node - INFO - RAG检索节点初始化完成
2025-08-10 11:50:29,551 - graph - INFO - 添加所有节点...
2025-08-10 11:50:29,551 - graph - INFO - 配置节点间的路由逻辑...
2025-08-10 11:50:29,551 - graph - INFO - 编译图...
2025-08-10 11:50:29,555 - graph - INFO - 中医智能对话系统图创建完成
2025-08-10 11:50:29,555 - graph - INFO - 开始执行图...
2025-08-10 11:50:29,556 - nodes.a_input_node - INFO - 输入处理节点启动
2025-08-10 11:50:29,557 - nodes.a_input_node - INFO - 处理用户输入成功: '我最近总是感到疲乏无力，不想吃饭，大便也不成形，容易腹胀，请...'
2025-08-10 11:50:29,557 - nodes.b_safety_guard_node - INFO - 安全检查节点启动
2025-08-10 11:50:29,557 - nodes.b_safety_guard_node - INFO - 安全检查通过，未检测到紧急关键词
2025-08-10 11:50:29,558 - nodes.c_rag_retrieval_node - INFO - RAG检索节点启动
2025-08-10 11:50:29,558 - nodes.c_rag_retrieval_node - INFO - 执行检索，查询：我最近总是感到疲乏无力，不想吃饭，大便也不成形，容易腹胀，请医生帮我诊断一下。，k值：4
2025-08-10 11:50:29,558 - RAG_system.retriever - INFO - 正在执行检索操作，查询: 我最近总是感到疲乏无力，不想吃饭，大便也不成形，容易腹胀，请医生帮我诊断一下。
2025-08-10 11:50:29,591 - RAG_system.retriever - INFO - 检索完成，返回 4 个结果
2025-08-10 11:50:29,591 - nodes.c_rag_retrieval_node - INFO - 成功提取上下文，共4个文档
2025-08-10 11:50:31,330 - httpx - INFO - HTTP Request: POST https://dashscope.aliyuncs.com/compatible-mode/v1/chat/completions "HTTP/1.1 200 OK"
2025-08-10 11:50:31,340 - nodes.d_recognize_intent_node - INFO - 意图识别结果: diagnosis (置信度: 0.9)
2025-08-10 11:50:31,340 - nodes.e_symptom_extraction_node - INFO - 开始提取症状...
2025-08-10 11:50:43,722 - httpx - INFO - HTTP Request: POST https://dashscope.aliyuncs.com/compatible-mode/v1/chat/completions "HTTP/1.1 200 OK"
2025-08-10 11:50:43,730 - nodes.e_symptom_extraction_node - INFO - LLM原始输出: {'user_input': '我最近总是感到疲乏无力，不想吃饭，大便也不成形，容易腹胀，请医生帮我诊断一下。', 'message_history': 'human: 我最近总是感到疲乏无力，不想吃饭，大便也不成形，容易腹胀，请医生帮我诊断一下。', 'relevant_context': '[文档1] 来源: data/医藏-0869部/09伤寒-49本/09伤寒-49本/证治准绳伤寒-明-王肯堂.txt\n卷三\n\n\u3000\u3000阳明病\n\n\u3000\u3000（胃实不大便 自汗 不得卧 潮热 谵语 狂乱 循衣摸床 渴 呕）\n\n[文档2] 来源: data/医藏-0869部/09伤寒-49本/09伤寒-49本/伤寒证治准绳-明-王肯堂.txt\n卷三\n\n\u3000\u3000阳明病\n\n\u3000\u3000（胃实不大便 自汗 不得卧 潮热 谵语 狂乱 循衣摸床 渴 呕）\n\n[文档3] 来源: data/医藏-0869部/09医藏-0869部/09医藏-0869部/09伤寒-49本/伤寒证治准绳-明-王肯堂_20210525211840.txt\n卷三\n\n\u3000\u3000阳明病\n\n\u3000\u3000（胃实不大便 自汗 不得卧 潮热 谵语 狂乱 循衣摸床 渴 呕）\n\n[文档4] 来源: data/医藏-0869部/09医藏-0869部/09医藏-0869部/09伤寒-49本/证治准绳伤寒-明-王肯堂.txt\n卷三\n\n\u3000\u3000阳明病\n\n\u3000\u3000（胃实不大便 自汗 不得卧 潮热 谵语 狂乱 循衣摸床 渴 呕）\n', 'format_instructions': 'The output should be a markdown code snippet formatted in the following schema, including the leading and trailing "```json" and "```":\n\n```json\n{\n\t"symptoms": array  // 从用户描述中提取的症状列表，每个症状应包含症状名称、描述、严重程度和持续时间\n\t"missing_info": array  // 需要从用户那里获取的缺失信息列表，这些信息对诊断很重要\n\t"stage": string  // 当前会话阶段，应为\'symptom_collection\'\n}\n```', 'text': {'symptoms': [{'symptom_name': '疲乏无力', 'description': '我最近总是感到疲乏无力', 'severity': None, 'duration': '最近'}, {'symptom_name': '食欲减退', 'description': '不想吃饭', 'severity': None, 'duration': '最近'}, {'symptom_name': '大便不成形', 'description': '大便也不成形', 'severity': None, 'duration': '最近'}, {'symptom_name': '腹胀', 'description': '容易腹胀', 'severity': None, 'duration': '最近'}], 'missing_info': ['疲乏无力的具体严重程度如何？是否影响日常活动？', '食欲减退是从什么时候开始的？是否有体重下降？', '大便不成形的频率是多少？是否伴有腹泻或黏液、血便？', '腹胀是餐后加重还是持续存在？是否伴有肠鸣、排气增多？', '这些症状持续了多长时间（如几天、几周或更久）？', '是否有发热、恶心、呕吐、腹痛等症状？', '既往是否有胃肠道疾病史（如肠易激综合征、炎症性肠病等）？', '近期饮食、作息或情绪是否有明显变化？', '是否有服用药物或使用保健品？', '是否有体重下降、夜间盗汗、贫血等全身性症状？'], 'stage': 'symptom_collection'}}
2025-08-10 11:50:43,730 - nodes.e_symptom_extraction_node - INFO - 解析后的输出: {'symptoms': [{'symptom_name': '疲乏无力', 'description': '我最近总是感到疲乏无力', 'severity': None, 'duration': '最近'}, {'symptom_name': '食欲减退', 'description': '不想吃饭', 'severity': None, 'duration': '最近'}, {'symptom_name': '大便不成形', 'description': '大便也不成形', 'severity': None, 'duration': '最近'}, {'symptom_name': '腹胀', 'description': '容易腹胀', 'severity': None, 'duration': '最近'}], 'missing_info': ['疲乏无力的具体严重程度如何？是否影响日常活动？', '食欲减退是从什么时候开始的？是否有体重下降？', '大便不成形的频率是多少？是否伴有腹泻或黏液、血便？', '腹胀是餐后加重还是持续存在？是否伴有肠鸣、排气增多？', '这些症状持续了多长时间（如几天、几周或更久）？', '是否有发热、恶心、呕吐、腹痛等症状？', '既往是否有胃肠道疾病史（如肠易激综合征、炎症性肠病等）？', '近期饮食、作息或情绪是否有明显变化？', '是否有服用药物或使用保健品？', '是否有体重下降、夜间盗汗、贫血等全身性症状？'], 'stage': 'symptom_collection'}
2025-08-10 11:50:43,734 - nodes.e_symptom_extraction_node - INFO - 症状: [{'symptom_name': '疲乏无力', 'description': '我最近总是感到疲乏无力', 'severity': None, 'duration': '最近'}, {'symptom_name': '食欲减退', 'description': '不想吃饭', 'severity': None, 'duration': '最近'}, {'symptom_name': '大便不成形', 'description': '大便也不成形', 'severity': None, 'duration': '最近'}, {'symptom_name': '腹胀', 'description': '容易腹胀', 'severity': None, 'duration': '最近'}]
2025-08-10 11:50:43,734 - nodes.e_symptom_extraction_node - INFO - 缺失信息: ['疲乏无力的具体严重程度如何？是否影响日常活动？', '食欲减退是从什么时候开始的？是否有体重下降？', '大便不成形的频率是多少？是否伴有腹泻或黏液、血便？', '腹胀是餐后加重还是持续存在？是否伴有肠鸣、排气增多？', '这些症状持续了多长时间（如几天、几周或更久）？', '是否有发热、恶心、呕吐、腹痛等症状？', '既往是否有胃肠道疾病史（如肠易激综合征、炎症性肠病等）？', '近期饮食、作息或情绪是否有明显变化？', '是否有服用药物或使用保健品？', '是否有体重下降、夜间盗汗、贫血等全身性症状？']
2025-08-10 11:50:43,735 - nodes.e_symptom_extraction_node - INFO - 提取到 4 个症状和 10 个缺失信息
2025-08-10 11:50:43,737 - nodes.e_symptom_extraction_node - INFO - 症状信息充足，路由到诊断节点
2025-08-10 11:50:43,737 - nodes.f_follow_up_question_node - INFO - 生成追问，共有 10 个缺失信息点
2025-08-10 11:50:43,890 - httpx - INFO - HTTP Request: POST https://api.deepseek.com/chat/completions "HTTP/1.1 200 OK"
2025-08-10 11:50:56,493 - nodes.f_follow_up_question_node - INFO - 生成的追问: 我理解您最近感到疲乏无力、食欲下降，并伴有消化系统的不适，这些症状确实会让人感到困扰。为了更好地评估您的情况，我需要了解一些更具体的信息：

首先，您能描述一下疲乏无力的程度吗？比如是否已经影响到日常...
2025-08-10 11:50:56,493 - nodes.k_output_node - INFO - 输出处理完成，返回最终状态
2025-08-10 11:50:56,500 - graph - INFO - 图执行完成
2025-08-10 11:50:56,650 - TCMGraphTest - INFO - 执行成功: True
2025-08-10 11:50:56,650 - TCMGraphTest - INFO - 用户意图: diagnosis
2025-08-10 11:50:56,650 - TCMGraphTest - INFO - 提取症状数: 4
2025-08-10 11:50:56,650 - TCMGraphTest - INFO - 对话状态: awaiting_follow_up
2025-08-10 11:50:56,650 - TCMGraphTest - INFO - 响应长度: 343
2025-08-10 11:50:56,650 - TCMGraphTest - INFO - 响应时间: 29.99秒
2025-08-10 11:50:56,650 - TCMGraphTest - INFO - 紧急情况检测: False
2025-08-10 11:50:56,650 - TCMGraphTest - INFO - 安全评分: N/A
2025-08-10 11:50:56,650 - TCMGraphTest - INFO - 整体质量评分: 100.0/100
2025-08-10 11:50:56,650 - TCMGraphTest - INFO - ------------------------------------------------------------
2025-08-10 11:50:56,650 - TCMGraphTest - INFO - 执行测试 4/12
2025-08-10 11:50:56,650 - TCMGraphTest - INFO - 测试用例: 肝郁气滞证诊断
2025-08-10 11:50:56,650 - TCMGraphTest - INFO - 用户输入: 医生，我胸胁部位经常胀痛，心情抑郁，容易生气，还经常嗳气，这是怎么回事？
2025-08-10 11:50:56,650 - graph - INFO - 开始处理用户输入: 医生，我胸胁部位经常胀痛，心情抑郁，容易生气，还经常嗳气，这是怎么回事？
2025-08-10 11:50:56,650 - graph - INFO - 开始创建中医智能对话系统图...
2025-08-10 11:50:56,650 - nodes.c_rag_retrieval_node - INFO - 初始化RAG检索节点
2025-08-10 11:50:56,650 - RAG_system.embedding_model - INFO - 检测到GPU设备: NVIDIA GeForce RTX 4070 Laptop GPU, 共 1 个GPU
2025-08-10 11:50:56,650 - RAG_system.embedding_model - INFO - 嵌入模型管理器初始化成功，使用设备: cuda
2025-08-10 11:50:56,650 - RAG_system.retriever - INFO - 检索管理器初始化成功
2025-08-10 11:50:56,659 - RAG_system.embedding_model - INFO - 检测到GPU设备: NVIDIA GeForce RTX 4070 Laptop GPU, 共 1 个GPU
2025-08-10 11:50:56,659 - RAG_system.rag_manager - INFO - RAG管理器初始化成功，使用设备: cuda
2025-08-10 11:50:56,660 - RAG_system.rag_manager - INFO - 正在启动RAG管理器
2025-08-10 11:50:56,660 - RAG_system.rag_manager - INFO - 发现本地嵌入模型信息，正在加载
2025-08-10 11:50:56,661 - RAG_system.embedding_model - INFO - 正在加载嵌入模型: sentence-transformers/paraphrase-multilingual-MiniLM-L12-v2
2025-08-10 11:50:56,661 - RAG_system.embedding_model - INFO - 从本地加载嵌入模型: RAG_system/model\sentence-transformers_paraphrase-multilingual-MiniLM-L12-v2
2025-08-10 11:50:56,663 - sentence_transformers.SentenceTransformer - INFO - Load pretrained SentenceTransformer: RAG_system/model\sentence-transformers_paraphrase-multilingual-MiniLM-L12-v2
2025-08-10 11:50:56,664 - sentence_transformers.SentenceTransformer - WARNING - No sentence-transformers model found with name RAG_system/model\sentence-transformers_paraphrase-multilingual-MiniLM-L12-v2. Creating a new one with mean pooling.
2025-08-10 11:50:57,384 - RAG_system.embedding_model - INFO - 正在保存嵌入模型信息
2025-08-10 11:50:57,387 - RAG_system.embedding_model - INFO - 嵌入模型信息已保存到: RAG_system/model\model_info.json
2025-08-10 11:50:57,387 - RAG_system.embedding_model - INFO - 嵌入模型加载成功，使用设备: cuda
2025-08-10 11:50:57,387 - RAG_system.vector_store - INFO - 向量存储管理器初始化成功
2025-08-10 11:50:57,387 - RAG_system.rag_manager - INFO - 检查向量存储路径: RAG_system/RAG/vector_store\index.faiss
2025-08-10 11:50:57,390 - RAG_system.rag_manager - INFO - 发现本地向量存储，正在加载
2025-08-10 11:50:57,390 - RAG_system.vector_store - INFO - 正在从路径加载向量存储: vector_store
2025-08-10 11:50:59,963 - RAG_system.vector_store - INFO - 向量存储加载成功
2025-08-10 11:50:59,963 - RAG_system.retriever - INFO - 正在创建检索器
2025-08-10 11:50:59,963 - RAG_system.retriever - INFO - 检索器创建成功
2025-08-10 11:50:59,963 - RAG_system.rag_manager - INFO - RAG管理器启动成功
2025-08-10 11:50:59,963 - nodes.c_rag_retrieval_node - INFO - RAG检索节点初始化完成
2025-08-10 11:50:59,964 - graph - INFO - 添加所有节点...
2025-08-10 11:50:59,968 - graph - INFO - 配置节点间的路由逻辑...
2025-08-10 11:50:59,968 - graph - INFO - 编译图...
2025-08-10 11:50:59,968 - graph - INFO - 中医智能对话系统图创建完成
2025-08-10 11:50:59,968 - graph - INFO - 开始执行图...
2025-08-10 11:50:59,970 - nodes.a_input_node - INFO - 输入处理节点启动
2025-08-10 11:50:59,970 - nodes.a_input_node - INFO - 处理用户输入成功: '医生，我胸胁部位经常胀痛，心情抑郁，容易生气，还经常嗳气，这...'
2025-08-10 11:50:59,971 - nodes.b_safety_guard_node - INFO - 安全检查节点启动
2025-08-10 11:50:59,971 - nodes.b_safety_guard_node - INFO - 安全检查通过，未检测到紧急关键词
2025-08-10 11:50:59,972 - nodes.c_rag_retrieval_node - INFO - RAG检索节点启动
2025-08-10 11:50:59,972 - nodes.c_rag_retrieval_node - INFO - 执行检索，查询：医生，我胸胁部位经常胀痛，心情抑郁，容易生气，还经常嗳气，这是怎么回事？，k值：4
2025-08-10 11:50:59,973 - RAG_system.retriever - INFO - 正在执行检索操作，查询: 医生，我胸胁部位经常胀痛，心情抑郁，容易生气，还经常嗳气，这是怎么回事？
2025-08-10 11:51:00,020 - RAG_system.retriever - INFO - 检索完成，返回 4 个结果
2025-08-10 11:51:00,021 - nodes.c_rag_retrieval_node - INFO - 成功提取上下文，共4个文档
2025-08-10 11:51:01,580 - httpx - INFO - HTTP Request: POST https://dashscope.aliyuncs.com/compatible-mode/v1/chat/completions "HTTP/1.1 200 OK"
2025-08-10 11:51:01,584 - nodes.d_recognize_intent_node - INFO - 意图识别结果: diagnosis (置信度: 0.95)
2025-08-10 11:51:01,584 - nodes.e_symptom_extraction_node - INFO - 开始提取症状...
2025-08-10 11:51:13,535 - httpx - INFO - HTTP Request: POST https://dashscope.aliyuncs.com/compatible-mode/v1/chat/completions "HTTP/1.1 200 OK"
2025-08-10 11:51:13,551 - nodes.e_symptom_extraction_node - INFO - LLM原始输出: {'user_input': '医生，我胸胁部位经常胀痛，心情抑郁，容易生气，还经常嗳气，这是怎么回事？', 'message_history': 'human: 医生，我胸胁部位经常胀痛，心情抑郁，容易生气，还经常嗳气，这是怎么回事？', 'relevant_context': '[文档1] 来源: data/医藏-0869部/09医藏-0869部/09医藏-0869部/14医部全录-123本/医部全录卷180至卷185-胸腹门.txt\n腹痛\n\n[文档2] 来源: data/医藏-0869部/14医部全录-123本/14医部全录-123本/医部全录卷180至卷185-胸腹门.txt\n腹痛\n\n[文档3] 来源: data/医藏-0869部/09医藏-0869部/09医藏-0869部/14医部全录-123本/医部全录卷180至卷185-胸腹门.txt\n心痛\n\n[文档4] 来源: data/医藏-0869部/14医部全录-123本/14医部全录-123本/医部全录卷180至卷185-胸腹门.txt\n心痛\n', 'format_instructions': 'The output should be a markdown code snippet formatted in the following schema, including the leading and trailing "```json" and "```":\n\n```json\n{\n\t"symptoms": array  // 从用户描述中提取的症状列表，每个症状应包含症状名称、描述、严重程度和持续时间\n\t"missing_info": array  // 需要从用户那里获取的缺失信息列表，这些信息对诊断很重要\n\t"stage": string  // 当前会话阶段，应为\'symptom_collection\'\n}\n```', 'text': {'symptoms': [{'symptom_name': '胸胁胀痛', 'description': '胸胁部位经常胀痛', 'severity': None, 'duration': '经常'}, {'symptom_name': '心情抑郁', 'description': '心情抑郁', 'severity': None, 'duration': None}, {'symptom_name': '易怒', 'description': '容易生气', 'severity': None, 'duration': None}, {'symptom_name': '嗳气', 'description': '经常嗳气', 'severity': None, 'duration': '经常'}], 'missing_info': ['胸胁胀痛的具体位置是单侧还是双侧？是否向其他部位放射？', '胸胁胀痛的性质（如胀痛、刺痛、隐痛、灼痛等）是什么？', '症状是否与情绪波动有关？在生气或压力大时是否加重？', '嗳气是否伴有反酸、烧心、胃部不适或饮食相关症状？', '是否有食欲改变、腹胀、便秘或腹泻等消化系统症状？', '心情抑郁和易怒的持续时间有多久？是否伴有睡眠障碍或兴趣减退？', '是否有既往肝胆胃肠疾病史或精神心理疾病史？', '症状持续了多长时间？是最近出现还是已有数周/数月？', '是否有劳累、饮食、情绪等因素诱发或缓解症状？'], 'stage': 'symptom_collection'}}
2025-08-10 11:51:13,552 - nodes.e_symptom_extraction_node - INFO - 解析后的输出: {'symptoms': [{'symptom_name': '胸胁胀痛', 'description': '胸胁部位经常胀痛', 'severity': None, 'duration': '经常'}, {'symptom_name': '心情抑郁', 'description': '心情抑郁', 'severity': None, 'duration': None}, {'symptom_name': '易怒', 'description': '容易生气', 'severity': None, 'duration': None}, {'symptom_name': '嗳气', 'description': '经常嗳气', 'severity': None, 'duration': '经常'}], 'missing_info': ['胸胁胀痛的具体位置是单侧还是双侧？是否向其他部位放射？', '胸胁胀痛的性质（如胀痛、刺痛、隐痛、灼痛等）是什么？', '症状是否与情绪波动有关？在生气或压力大时是否加重？', '嗳气是否伴有反酸、烧心、胃部不适或饮食相关症状？', '是否有食欲改变、腹胀、便秘或腹泻等消化系统症状？', '心情抑郁和易怒的持续时间有多久？是否伴有睡眠障碍或兴趣减退？', '是否有既往肝胆胃肠疾病史或精神心理疾病史？', '症状持续了多长时间？是最近出现还是已有数周/数月？', '是否有劳累、饮食、情绪等因素诱发或缓解症状？'], 'stage': 'symptom_collection'}
2025-08-10 11:51:13,553 - nodes.e_symptom_extraction_node - INFO - 症状: [{'symptom_name': '胸胁胀痛', 'description': '胸胁部位经常胀痛', 'severity': None, 'duration': '经常'}, {'symptom_name': '心情抑郁', 'description': '心情抑郁', 'severity': None, 'duration': None}, {'symptom_name': '易怒', 'description': '容易生气', 'severity': None, 'duration': None}, {'symptom_name': '嗳气', 'description': '经常嗳气', 'severity': None, 'duration': '经常'}]
2025-08-10 11:51:13,553 - nodes.e_symptom_extraction_node - INFO - 缺失信息: ['胸胁胀痛的具体位置是单侧还是双侧？是否向其他部位放射？', '胸胁胀痛的性质（如胀痛、刺痛、隐痛、灼痛等）是什么？', '症状是否与情绪波动有关？在生气或压力大时是否加重？', '嗳气是否伴有反酸、烧心、胃部不适或饮食相关症状？', '是否有食欲改变、腹胀、便秘或腹泻等消化系统症状？', '心情抑郁和易怒的持续时间有多久？是否伴有睡眠障碍或兴趣减退？', '是否有既往肝胆胃肠疾病史或精神心理疾病史？', '症状持续了多长时间？是最近出现还是已有数周/数月？', '是否有劳累、饮食、情绪等因素诱发或缓解症状？']
2025-08-10 11:51:13,553 - nodes.e_symptom_extraction_node - INFO - 提取到 4 个症状和 9 个缺失信息
2025-08-10 11:51:13,553 - nodes.e_symptom_extraction_node - INFO - 症状信息充足，路由到诊断节点
2025-08-10 11:51:13,555 - nodes.f_follow_up_question_node - INFO - 生成追问，共有 9 个缺失信息点
2025-08-10 11:51:13,741 - httpx - INFO - HTTP Request: POST https://api.deepseek.com/chat/completions "HTTP/1.1 200 OK"
2025-08-10 11:51:25,320 - nodes.f_follow_up_question_node - INFO - 生成的追问: 我理解您目前正经历胸胁胀痛、情绪波动和嗳气等不适症状，这些症状确实会影响生活质量。为了更好地评估您的情况，我需要了解一些更具体的细节：

关于胸胁部位的胀痛，请问是左侧、右侧还是两侧都感到不适？这种疼...
2025-08-10 11:51:25,320 - nodes.k_output_node - INFO - 输出处理完成，返回最终状态
2025-08-10 11:51:25,320 - graph - INFO - 图执行完成
2025-08-10 11:51:25,476 - TCMGraphTest - INFO - 执行成功: True
2025-08-10 11:51:25,476 - TCMGraphTest - INFO - 用户意图: diagnosis
2025-08-10 11:51:25,476 - TCMGraphTest - INFO - 提取症状数: 4
2025-08-10 11:51:25,476 - TCMGraphTest - INFO - 对话状态: awaiting_follow_up
2025-08-10 11:51:25,476 - TCMGraphTest - INFO - 响应长度: 319
2025-08-10 11:51:25,476 - TCMGraphTest - INFO - 响应时间: 28.83秒
2025-08-10 11:51:25,476 - TCMGraphTest - INFO - 紧急情况检测: False
2025-08-10 11:51:25,480 - TCMGraphTest - INFO - 安全评分: N/A
2025-08-10 11:51:25,480 - TCMGraphTest - INFO - 整体质量评分: 100.0/100
2025-08-10 11:51:25,480 - TCMGraphTest - INFO - ------------------------------------------------------------
2025-08-10 11:51:25,480 - TCMGraphTest - INFO - 执行测试 5/12
2025-08-10 11:51:25,480 - TCMGraphTest - INFO - 测试用例: 一般咨询 - 非诊断意图
2025-08-10 11:51:25,480 - TCMGraphTest - INFO - 用户输入: 请问中医的基本理论是什么？
2025-08-10 11:51:25,480 - graph - INFO - 开始处理用户输入: 请问中医的基本理论是什么？
2025-08-10 11:51:25,480 - graph - INFO - 开始创建中医智能对话系统图...
2025-08-10 11:51:25,480 - nodes.c_rag_retrieval_node - INFO - 初始化RAG检索节点
2025-08-10 11:51:25,480 - RAG_system.embedding_model - INFO - 检测到GPU设备: NVIDIA GeForce RTX 4070 Laptop GPU, 共 1 个GPU
2025-08-10 11:51:25,480 - RAG_system.embedding_model - INFO - 嵌入模型管理器初始化成功，使用设备: cuda
2025-08-10 11:51:25,480 - RAG_system.retriever - INFO - 检索管理器初始化成功
2025-08-10 11:51:25,480 - RAG_system.embedding_model - INFO - 检测到GPU设备: NVIDIA GeForce RTX 4070 Laptop GPU, 共 1 个GPU
2025-08-10 11:51:25,483 - RAG_system.rag_manager - INFO - RAG管理器初始化成功，使用设备: cuda
2025-08-10 11:51:25,483 - RAG_system.rag_manager - INFO - 正在启动RAG管理器
2025-08-10 11:51:25,483 - RAG_system.rag_manager - INFO - 发现本地嵌入模型信息，正在加载
2025-08-10 11:51:25,484 - RAG_system.embedding_model - INFO - 正在加载嵌入模型: sentence-transformers/paraphrase-multilingual-MiniLM-L12-v2
2025-08-10 11:51:25,484 - RAG_system.embedding_model - INFO - 从本地加载嵌入模型: RAG_system/model\sentence-transformers_paraphrase-multilingual-MiniLM-L12-v2
2025-08-10 11:51:25,487 - sentence_transformers.SentenceTransformer - INFO - Load pretrained SentenceTransformer: RAG_system/model\sentence-transformers_paraphrase-multilingual-MiniLM-L12-v2
2025-08-10 11:51:25,487 - sentence_transformers.SentenceTransformer - WARNING - No sentence-transformers model found with name RAG_system/model\sentence-transformers_paraphrase-multilingual-MiniLM-L12-v2. Creating a new one with mean pooling.
2025-08-10 11:51:26,170 - RAG_system.embedding_model - INFO - 正在保存嵌入模型信息
2025-08-10 11:51:26,175 - RAG_system.embedding_model - INFO - 嵌入模型信息已保存到: RAG_system/model\model_info.json
2025-08-10 11:51:26,175 - RAG_system.embedding_model - INFO - 嵌入模型加载成功，使用设备: cuda
2025-08-10 11:51:26,175 - RAG_system.vector_store - INFO - 向量存储管理器初始化成功
2025-08-10 11:51:26,175 - RAG_system.rag_manager - INFO - 检查向量存储路径: RAG_system/RAG/vector_store\index.faiss
2025-08-10 11:51:26,175 - RAG_system.rag_manager - INFO - 发现本地向量存储，正在加载
2025-08-10 11:51:26,175 - RAG_system.vector_store - INFO - 正在从路径加载向量存储: vector_store
2025-08-10 11:51:28,140 - RAG_system.vector_store - INFO - 向量存储加载成功
2025-08-10 11:51:28,140 - RAG_system.retriever - INFO - 正在创建检索器
2025-08-10 11:51:28,140 - RAG_system.retriever - INFO - 检索器创建成功
2025-08-10 11:51:28,140 - RAG_system.rag_manager - INFO - RAG管理器启动成功
2025-08-10 11:51:28,140 - nodes.c_rag_retrieval_node - INFO - RAG检索节点初始化完成
2025-08-10 11:51:28,140 - graph - INFO - 添加所有节点...
2025-08-10 11:51:28,140 - graph - INFO - 配置节点间的路由逻辑...
2025-08-10 11:51:28,140 - graph - INFO - 编译图...
2025-08-10 11:51:28,151 - graph - INFO - 中医智能对话系统图创建完成
2025-08-10 11:51:28,151 - graph - INFO - 开始执行图...
2025-08-10 11:51:28,153 - nodes.a_input_node - INFO - 输入处理节点启动
2025-08-10 11:51:28,153 - nodes.a_input_node - INFO - 处理用户输入成功: '请问中医的基本理论是什么？'
2025-08-10 11:51:28,154 - nodes.b_safety_guard_node - INFO - 安全检查节点启动
2025-08-10 11:51:28,154 - nodes.b_safety_guard_node - INFO - 安全检查通过，未检测到紧急关键词
2025-08-10 11:51:28,154 - nodes.c_rag_retrieval_node - INFO - RAG检索节点启动
2025-08-10 11:51:28,155 - nodes.c_rag_retrieval_node - INFO - 执行检索，查询：请问中医的基本理论是什么？，k值：4
2025-08-10 11:51:28,155 - RAG_system.retriever - INFO - 正在执行检索操作，查询: 请问中医的基本理论是什么？
2025-08-10 11:51:28,199 - RAG_system.retriever - INFO - 检索完成，返回 4 个结果
2025-08-10 11:51:28,200 - nodes.c_rag_retrieval_node - INFO - 成功提取上下文，共4个文档
2025-08-10 11:51:29,554 - httpx - INFO - HTTP Request: POST https://dashscope.aliyuncs.com/compatible-mode/v1/chat/completions "HTTP/1.1 200 OK"
2025-08-10 11:51:29,558 - nodes.d_recognize_intent_node - INFO - 意图识别结果: question (置信度: 1)
2025-08-10 11:51:29,559 - nodes.i_conversation_chain_node - INFO - 处理用户输入: 请问中医的基本理论是什么？...
2025-08-10 11:51:29,559 - nodes.i_conversation_chain_node - INFO - 开始生成对话回复...
2025-08-10 12:58:32,193 - TCMGraphTest - INFO - 日志将保存到: tests/logs/tcm_graph_test_20250810_125832.log
2025-08-10 12:58:32,194 - TCMGraphTest - INFO - ================================================================================
2025-08-10 12:58:32,195 - TCMGraphTest - INFO - 中医智能对话系统LangGraph测试
2025-08-10 12:58:32,195 - TCMGraphTest - INFO - ================================================================================
2025-08-10 12:58:32,195 - TCMGraphTest - INFO - 开始中医智能对话系统图测试
2025-08-10 12:58:32,196 - TCMGraphTest - INFO - 执行测试 1/12
2025-08-10 12:58:32,196 - TCMGraphTest - INFO - 测试用例: 完整诊断流程 - 典型症状
2025-08-10 12:58:32,196 - TCMGraphTest - INFO - 用户输入: 医生，我最近总是感到头晕目眩，还有腰膝酸软，晚上失眠多梦，手心脚心发热，请帮我看看是什么问题？
2025-08-10 12:58:32,196 - graph - INFO - 开始处理用户输入: 医生，我最近总是感到头晕目眩，还有腰膝酸软，晚上失眠多梦，手心脚心发热，请帮我看看是什么问题？
2025-08-10 12:58:32,196 - graph - INFO - 开始创建中医智能对话系统图...
2025-08-10 12:58:32,196 - nodes.c_rag_retrieval_node - INFO - 初始化RAG检索节点
2025-08-10 12:58:32,197 - RAG_system.embedding_model - INFO - 检测到GPU设备: NVIDIA GeForce RTX 4070 Laptop GPU, 共 1 个GPU
2025-08-10 12:58:32,197 - RAG_system.embedding_model - INFO - 嵌入模型管理器初始化成功，使用设备: cuda
2025-08-10 12:58:32,197 - RAG_system.retriever - INFO - 检索管理器初始化成功
2025-08-10 12:58:32,198 - RAG_system.embedding_model - INFO - 检测到GPU设备: NVIDIA GeForce RTX 4070 Laptop GPU, 共 1 个GPU
2025-08-10 12:58:32,198 - RAG_system.rag_manager - INFO - RAG管理器初始化成功，使用设备: cuda
2025-08-10 12:58:32,198 - RAG_system.rag_manager - INFO - 正在启动RAG管理器
2025-08-10 12:58:32,198 - RAG_system.rag_manager - INFO - 发现本地嵌入模型信息，正在加载
2025-08-10 12:58:32,200 - RAG_system.embedding_model - INFO - 正在加载嵌入模型: sentence-transformers/paraphrase-multilingual-MiniLM-L12-v2
2025-08-10 12:58:32,200 - RAG_system.embedding_model - INFO - 从本地加载嵌入模型: RAG_system/model\sentence-transformers_paraphrase-multilingual-MiniLM-L12-v2
2025-08-10 12:58:32,202 - sentence_transformers.SentenceTransformer - INFO - Load pretrained SentenceTransformer: RAG_system/model\sentence-transformers_paraphrase-multilingual-MiniLM-L12-v2
2025-08-10 12:58:32,202 - sentence_transformers.SentenceTransformer - WARNING - No sentence-transformers model found with name RAG_system/model\sentence-transformers_paraphrase-multilingual-MiniLM-L12-v2. Creating a new one with mean pooling.
2025-08-10 12:58:40,094 - RAG_system.embedding_model - INFO - 正在保存嵌入模型信息
2025-08-10 12:58:40,096 - RAG_system.embedding_model - INFO - 嵌入模型信息已保存到: RAG_system/model\model_info.json
2025-08-10 12:58:40,097 - RAG_system.embedding_model - INFO - 嵌入模型加载成功，使用设备: cuda
2025-08-10 12:58:40,098 - RAG_system.vector_store - INFO - 向量存储管理器初始化成功
2025-08-10 12:58:40,098 - RAG_system.rag_manager - INFO - 检查向量存储路径: RAG_system/RAG/vector_store\index.faiss
2025-08-10 12:58:40,098 - RAG_system.rag_manager - INFO - 发现本地向量存储，正在加载
2025-08-10 12:58:40,099 - RAG_system.vector_store - INFO - 正在从路径加载向量存储: vector_store
2025-08-10 12:59:07,190 - RAG_system.vector_store - INFO - 向量存储加载成功
2025-08-10 12:59:07,191 - RAG_system.retriever - INFO - 正在创建检索器
2025-08-10 12:59:07,191 - RAG_system.retriever - INFO - 检索器创建成功
2025-08-10 12:59:07,192 - RAG_system.rag_manager - INFO - RAG管理器启动成功
2025-08-10 12:59:07,192 - nodes.c_rag_retrieval_node - INFO - RAG检索节点初始化完成
2025-08-10 12:59:07,192 - graph - INFO - 添加所有节点...
2025-08-10 12:59:07,196 - graph - INFO - 配置节点间的路由逻辑...
2025-08-10 12:59:07,197 - graph - INFO - 编译图...
2025-08-10 12:59:07,199 - graph - INFO - 中医智能对话系统图创建完成
2025-08-10 12:59:07,199 - graph - INFO - 开始执行图...
2025-08-10 12:59:07,206 - nodes.a_input_node - INFO - 输入处理节点启动
2025-08-10 12:59:07,208 - nodes.a_input_node - INFO - 处理用户输入成功: '医生，我最近总是感到头晕目眩，还有腰膝酸软，晚上失眠多梦，手...'
2025-08-10 12:59:07,210 - nodes.b_safety_guard_node - INFO - 安全检查节点启动
2025-08-10 12:59:07,211 - nodes.b_safety_guard_node - INFO - 安全检查通过，未检测到紧急关键词
2025-08-10 12:59:07,212 - nodes.c_rag_retrieval_node - INFO - RAG检索节点启动
2025-08-10 12:59:07,212 - nodes.c_rag_retrieval_node - INFO - 执行检索，查询：医生，我最近总是感到头晕目眩，还有腰膝酸软，晚上失眠多梦，手心脚心发热，请帮我看看是什么问题？，k值：4
2025-08-10 12:59:07,213 - RAG_system.retriever - INFO - 正在执行检索操作，查询: 医生，我最近总是感到头晕目眩，还有腰膝酸软，晚上失眠多梦，手心脚心发热，请帮我看看是什么问题？
2025-08-10 12:59:08,041 - RAG_system.retriever - INFO - 检索完成，返回 4 个结果
2025-08-10 12:59:08,041 - nodes.c_rag_retrieval_node - INFO - 成功提取上下文，共4个文档
2025-08-10 12:59:09,502 - httpx - INFO - HTTP Request: POST https://dashscope.aliyuncs.com/compatible-mode/v1/chat/completions "HTTP/1.1 200 OK"
2025-08-10 12:59:09,515 - nodes.d_recognize_intent_node - INFO - 意图识别结果: diagnosis (置信度: 1.0)
2025-08-10 12:59:09,516 - nodes.e_symptom_extraction_node - INFO - 开始提取症状...
2025-08-10 12:59:24,046 - httpx - INFO - HTTP Request: POST https://dashscope.aliyuncs.com/compatible-mode/v1/chat/completions "HTTP/1.1 200 OK"
2025-08-10 12:59:24,059 - nodes.e_symptom_extraction_node - INFO - LLM原始输出: {'user_input': '医生，我最近总是感到头晕目眩，还有腰膝酸软，晚上失眠多梦，手心脚心发热，请帮我看看是什么问题？', 'message_history': 'human: 医生，我最近总是感到头晕目眩，还有腰膝酸软，晚上失眠多梦，手心脚心发热，请帮我看看是什么问题？', 'relevant_context': '[文档1] 来源: data/医藏-0869部/09伤寒-49本/09伤寒-49本/证治准绳伤寒-明-王肯堂.txt\n卷三\n\n\u3000\u3000阳明病\n\n\u3000\u3000（胃实不大便 自汗 不得卧 潮热 谵语 狂乱 循衣摸床 渴 呕）\n\n[文档2] 来源: data/医藏-0869部/09伤寒-49本/09伤寒-49本/伤寒证治准绳-明-王肯堂.txt\n卷三\n\n\u3000\u3000阳明病\n\n\u3000\u3000（胃实不大便 自汗 不得卧 潮热 谵语 狂乱 循衣摸床 渴 呕）\n\n[文档3] 来源: data/医藏-0869部/09医藏-0869部/09医藏-0869部/09伤寒-49本/伤寒证治准绳-明-王肯堂_20210525211840.txt\n卷三\n\n\u3000\u3000阳明病\n\n\u3000\u3000（胃实不大便 自汗 不得卧 潮热 谵语 狂乱 循衣摸床 渴 呕）\n\n[文档4] 来源: data/医藏-0869部/09医藏-0869部/09医藏-0869部/09伤寒-49本/证治准绳伤寒-明-王肯堂.txt\n卷三\n\n\u3000\u3000阳明病\n\n\u3000\u3000（胃实不大便 自汗 不得卧 潮热 谵语 狂乱 循衣摸床 渴 呕）\n', 'format_instructions': 'The output should be a markdown code snippet formatted in the following schema, including the leading and trailing "```json" and "```":\n\n```json\n{\n\t"symptoms": array  // 从用户描述中提取的症状列表，每个症状应包含症状名称、描述、严重程度和持续时间\n\t"missing_info": array  // 需要从用户那里获取的缺失信息列表，这些信息对诊断很重要\n\t"stage": string  // 当前会话阶段，应为\'symptom_collection\'\n}\n```', 'text': {'symptoms': [{'symptom_name': '头晕目眩', 'description': '最近总是感到头晕目眩', 'severity': None, 'duration': '最近'}, {'symptom_name': '腰膝酸软', 'description': '有腰膝酸软', 'severity': None, 'duration': '最近'}, {'symptom_name': '失眠', 'description': '晚上失眠多梦', 'severity': None, 'duration': '最近'}, {'symptom_name': '多梦', 'description': '晚上失眠多梦', 'severity': None, 'duration': '最近'}, {'symptom_name': '手心脚心发热', 'description': '手心脚心发热', 'severity': None, 'duration': '最近'}], 'missing_info': ['头晕目眩的具体发作频率和持续时间（例如：每天几次，每次持续多久）？', '是否有伴随恶心、呕吐、视力模糊或耳鸣等症状？', '腰膝酸软是否在特定时间加重（如劳累后或早晨起床时）？', '是否有下肢无力、麻木或行走困难等神经症状？', '失眠的具体情况：入睡困难、易醒、早醒或睡眠质量差？每周发生几次？', '多梦是否影响白天精神状态？梦境是否频繁且 vivid？', '手心脚心发热是否夜间加重？是否伴有盗汗或潮热？', '是否有午后低热、口干咽燥、心烦易怒等阴虚内热表现？', '近期是否有体重下降、食欲改变或情绪波动？', '既往是否有高血压、贫血、糖尿病、肾病或神经系统疾病史？', '月经情况（如果是女性）：是否规律，有无经期提前、量少或闭经？', '舌象和脉象信息（如舌红少苔、脉细数等中医辨证依据）是否可提供？'], 'stage': 'symptom_collection'}}
2025-08-10 12:59:24,062 - nodes.e_symptom_extraction_node - INFO - 解析后的输出: {'symptoms': [{'symptom_name': '头晕目眩', 'description': '最近总是感到头晕目眩', 'severity': None, 'duration': '最近'}, {'symptom_name': '腰膝酸软', 'description': '有腰膝酸软', 'severity': None, 'duration': '最近'}, {'symptom_name': '失眠', 'description': '晚上失眠多梦', 'severity': None, 'duration': '最近'}, {'symptom_name': '多梦', 'description': '晚上失眠多梦', 'severity': None, 'duration': '最近'}, {'symptom_name': '手心脚心发热', 'description': '手心脚心发热', 'severity': None, 'duration': '最近'}], 'missing_info': ['头晕目眩的具体发作频率和持续时间（例如：每天几次，每次持续多久）？', '是否有伴随恶心、呕吐、视力模糊或耳鸣等症状？', '腰膝酸软是否在特定时间加重（如劳累后或早晨起床时）？', '是否有下肢无力、麻木或行走困难等神经症状？', '失眠的具体情况：入睡困难、易醒、早醒或睡眠质量差？每周发生几次？', '多梦是否影响白天精神状态？梦境是否频繁且 vivid？', '手心脚心发热是否夜间加重？是否伴有盗汗或潮热？', '是否有午后低热、口干咽燥、心烦易怒等阴虚内热表现？', '近期是否有体重下降、食欲改变或情绪波动？', '既往是否有高血压、贫血、糖尿病、肾病或神经系统疾病史？', '月经情况（如果是女性）：是否规律，有无经期提前、量少或闭经？', '舌象和脉象信息（如舌红少苔、脉细数等中医辨证依据）是否可提供？'], 'stage': 'symptom_collection'}
2025-08-10 12:59:24,063 - nodes.e_symptom_extraction_node - INFO - 症状: [{'symptom_name': '头晕目眩', 'description': '最近总是感到头晕目眩', 'severity': None, 'duration': '最近'}, {'symptom_name': '腰膝酸软', 'description': '有腰膝酸软', 'severity': None, 'duration': '最近'}, {'symptom_name': '失眠', 'description': '晚上失眠多梦', 'severity': None, 'duration': '最近'}, {'symptom_name': '多梦', 'description': '晚上失眠多梦', 'severity': None, 'duration': '最近'}, {'symptom_name': '手心脚心发热', 'description': '手心脚心发热', 'severity': None, 'duration': '最近'}]
2025-08-10 12:59:24,063 - nodes.e_symptom_extraction_node - INFO - 缺失信息: ['头晕目眩的具体发作频率和持续时间（例如：每天几次，每次持续多久）？', '是否有伴随恶心、呕吐、视力模糊或耳鸣等症状？', '腰膝酸软是否在特定时间加重（如劳累后或早晨起床时）？', '是否有下肢无力、麻木或行走困难等神经症状？', '失眠的具体情况：入睡困难、易醒、早醒或睡眠质量差？每周发生几次？', '多梦是否影响白天精神状态？梦境是否频繁且 vivid？', '手心脚心发热是否夜间加重？是否伴有盗汗或潮热？', '是否有午后低热、口干咽燥、心烦易怒等阴虚内热表现？', '近期是否有体重下降、食欲改变或情绪波动？', '既往是否有高血压、贫血、糖尿病、肾病或神经系统疾病史？', '月经情况（如果是女性）：是否规律，有无经期提前、量少或闭经？', '舌象和脉象信息（如舌红少苔、脉细数等中医辨证依据）是否可提供？']
2025-08-10 12:59:24,064 - nodes.e_symptom_extraction_node - INFO - 提取到 5 个症状和 12 个缺失信息
2025-08-10 12:59:24,064 - nodes.e_symptom_extraction_node - INFO - 症状信息充足，路由到诊断节点
2025-08-10 12:59:24,065 - nodes.f_follow_up_question_node - INFO - 生成追问，共有 12 个缺失信息点
2025-08-10 12:59:24,248 - httpx - INFO - HTTP Request: POST https://api.deepseek.com/chat/completions "HTTP/1.1 200 OK"
2025-08-10 12:59:39,012 - nodes.f_follow_up_question_node - INFO - 生成的追问: 我理解您最近一直受到头晕目眩、腰膝酸软、失眠多梦以及手足心发热的困扰，这些症状确实会影响生活质量。为了更好地评估您的状况，我需要进一步了解一些细节：

关于头晕目眩，您能具体描述一下发作的频率吗？比如...
2025-08-10 12:59:39,014 - nodes.k_output_node - INFO - 输出处理完成，返回最终状态
2025-08-10 12:59:39,016 - graph - INFO - 图执行完成
2025-08-10 12:59:39,174 - TCMGraphTest - INFO - 执行成功: True
2025-08-10 12:59:39,174 - TCMGraphTest - INFO - 用户意图: diagnosis
2025-08-10 12:59:39,175 - TCMGraphTest - INFO - 提取症状数: 5
2025-08-10 12:59:39,175 - TCMGraphTest - INFO - 对话状态: awaiting_follow_up
2025-08-10 12:59:39,176 - TCMGraphTest - INFO - 响应长度: 421
2025-08-10 12:59:39,176 - TCMGraphTest - INFO - 响应时间: 66.98秒
2025-08-10 12:59:39,176 - TCMGraphTest - INFO - 紧急情况检测: False
2025-08-10 12:59:39,176 - TCMGraphTest - INFO - 安全评分: N/A
2025-08-10 12:59:39,176 - TCMGraphTest - INFO - 整体质量评分: 100.0/100
2025-08-10 12:59:39,176 - TCMGraphTest - INFO - ------------------------------------------------------------
2025-08-10 12:59:39,177 - TCMGraphTest - INFO - 执行测试 2/12
2025-08-10 12:59:39,177 - TCMGraphTest - INFO - 测试用例: 需要追问的诊断流程 - 症状不足
2025-08-10 12:59:39,177 - TCMGraphTest - INFO - 用户输入: 我咳嗽
2025-08-10 12:59:39,177 - graph - INFO - 开始处理用户输入: 我咳嗽
2025-08-10 12:59:39,177 - graph - INFO - 开始创建中医智能对话系统图...
2025-08-10 12:59:39,177 - nodes.c_rag_retrieval_node - INFO - 初始化RAG检索节点
2025-08-10 12:59:39,177 - RAG_system.embedding_model - INFO - 检测到GPU设备: NVIDIA GeForce RTX 4070 Laptop GPU, 共 1 个GPU
2025-08-10 12:59:39,177 - RAG_system.embedding_model - INFO - 嵌入模型管理器初始化成功，使用设备: cuda
2025-08-10 12:59:39,177 - RAG_system.retriever - INFO - 检索管理器初始化成功
2025-08-10 12:59:39,178 - RAG_system.embedding_model - INFO - 检测到GPU设备: NVIDIA GeForce RTX 4070 Laptop GPU, 共 1 个GPU
2025-08-10 12:59:39,178 - RAG_system.rag_manager - INFO - RAG管理器初始化成功，使用设备: cuda
2025-08-10 12:59:39,178 - RAG_system.rag_manager - INFO - 正在启动RAG管理器
2025-08-10 12:59:39,178 - RAG_system.rag_manager - INFO - 发现本地嵌入模型信息，正在加载
2025-08-10 12:59:39,179 - RAG_system.embedding_model - INFO - 正在加载嵌入模型: sentence-transformers/paraphrase-multilingual-MiniLM-L12-v2
2025-08-10 12:59:39,181 - RAG_system.embedding_model - INFO - 从本地加载嵌入模型: RAG_system/model\sentence-transformers_paraphrase-multilingual-MiniLM-L12-v2
2025-08-10 12:59:39,183 - sentence_transformers.SentenceTransformer - INFO - Load pretrained SentenceTransformer: RAG_system/model\sentence-transformers_paraphrase-multilingual-MiniLM-L12-v2
2025-08-10 12:59:39,184 - sentence_transformers.SentenceTransformer - WARNING - No sentence-transformers model found with name RAG_system/model\sentence-transformers_paraphrase-multilingual-MiniLM-L12-v2. Creating a new one with mean pooling.
2025-08-10 12:59:52,651 - RAG_system.embedding_model - INFO - 正在保存嵌入模型信息
2025-08-10 12:59:52,654 - RAG_system.embedding_model - INFO - 嵌入模型信息已保存到: RAG_system/model\model_info.json
2025-08-10 12:59:52,654 - RAG_system.embedding_model - INFO - 嵌入模型加载成功，使用设备: cuda
2025-08-10 12:59:52,655 - RAG_system.vector_store - INFO - 向量存储管理器初始化成功
2025-08-10 12:59:52,655 - RAG_system.rag_manager - INFO - 检查向量存储路径: RAG_system/RAG/vector_store\index.faiss
2025-08-10 12:59:52,655 - RAG_system.rag_manager - INFO - 发现本地向量存储，正在加载
2025-08-10 12:59:52,655 - RAG_system.vector_store - INFO - 正在从路径加载向量存储: vector_store
2025-08-10 12:59:59,062 - RAG_system.vector_store - INFO - 向量存储加载成功
2025-08-10 12:59:59,063 - RAG_system.retriever - INFO - 正在创建检索器
2025-08-10 12:59:59,063 - RAG_system.retriever - INFO - 检索器创建成功
2025-08-10 12:59:59,063 - RAG_system.rag_manager - INFO - RAG管理器启动成功
2025-08-10 12:59:59,064 - nodes.c_rag_retrieval_node - INFO - RAG检索节点初始化完成
2025-08-10 12:59:59,064 - graph - INFO - 添加所有节点...
2025-08-10 12:59:59,067 - graph - INFO - 配置节点间的路由逻辑...
2025-08-10 12:59:59,067 - graph - INFO - 编译图...
2025-08-10 12:59:59,068 - graph - INFO - 中医智能对话系统图创建完成
2025-08-10 12:59:59,068 - graph - INFO - 开始执行图...
2025-08-10 12:59:59,069 - nodes.a_input_node - INFO - 输入处理节点启动
2025-08-10 12:59:59,069 - nodes.a_input_node - INFO - 处理用户输入成功: '我咳嗽'
2025-08-10 12:59:59,071 - nodes.b_safety_guard_node - INFO - 安全检查节点启动
2025-08-10 12:59:59,071 - nodes.b_safety_guard_node - INFO - 安全检查通过，未检测到紧急关键词
2025-08-10 12:59:59,071 - nodes.c_rag_retrieval_node - INFO - RAG检索节点启动
2025-08-10 12:59:59,071 - nodes.c_rag_retrieval_node - INFO - 执行检索，查询：我咳嗽，k值：4
2025-08-10 12:59:59,072 - RAG_system.retriever - INFO - 正在执行检索操作，查询: 我咳嗽
2025-08-10 12:59:59,122 - RAG_system.retriever - INFO - 检索完成，返回 4 个结果
2025-08-10 12:59:59,122 - nodes.c_rag_retrieval_node - INFO - 成功提取上下文，共4个文档
2025-08-10 13:00:00,548 - httpx - INFO - HTTP Request: POST https://dashscope.aliyuncs.com/compatible-mode/v1/chat/completions "HTTP/1.1 200 OK"
2025-08-10 13:00:00,552 - nodes.d_recognize_intent_node - INFO - 意图识别结果: diagnosis (置信度: 0.95)
2025-08-10 13:00:00,555 - nodes.e_symptom_extraction_node - INFO - 开始提取症状...
2025-08-10 13:00:04,759 - httpx - INFO - HTTP Request: POST https://dashscope.aliyuncs.com/compatible-mode/v1/chat/completions "HTTP/1.1 200 OK"
2025-08-10 13:00:04,766 - nodes.e_symptom_extraction_node - INFO - LLM原始输出: {'user_input': '我咳嗽', 'message_history': 'human: 我咳嗽', 'relevant_context': '[文档1] 来源: data/医藏-0869部/09医藏-0869部/09医藏-0869部/14医部全录-123本/医部全录卷422至卷423-小儿嗽喘门.txt\n欬嗽\n\n[文档2] 来源: data/医藏-0869部/14医部全录-123本/14医部全录-123本/医部全录卷422至卷423-小儿嗽喘门.txt\n欬嗽\n\n[文档3] 来源: data/医藏-0869部/07素问-18本/07素问-18本/读素问钞-元-滑寿.txt\n下满（ 亦胁也）脾咳之状咳则右 下痛阴阴引肩背甚则不可以动动则咳剧（续脾气连肺故痛引肩背也脾气主右故右\n\n[文档4] 来源: data/医藏-0869部/09医藏-0869部/09医藏-0869部/07素问-18本/读素问钞-元-滑寿.txt\n下满（ 亦胁也）脾咳之状咳则右 下痛阴阴引肩背甚则不可以动动则咳剧（续脾气连肺故痛引肩背也脾气主右故右\n', 'format_instructions': 'The output should be a markdown code snippet formatted in the following schema, including the leading and trailing "```json" and "```":\n\n```json\n{\n\t"symptoms": array  // 从用户描述中提取的症状列表，每个症状应包含症状名称、描述、严重程度和持续时间\n\t"missing_info": array  // 需要从用户那里获取的缺失信息列表，这些信息对诊断很重要\n\t"stage": string  // 当前会话阶段，应为\'symptom_collection\'\n}\n```', 'text': {'symptoms': [{'symptom_name': '咳嗽', 'description': '我咳嗽', 'severity': None, 'duration': None}], 'missing_info': ['咳嗽持续了多长时间？', '咳嗽是干咳还是有痰？', '痰的颜色和性状是什么？', '是否有发热、胸痛、呼吸困难等症状？', '咳嗽在什么时间加重（如夜间、清晨）？', '是否有过敏史或近期接触刺激性物质？', '是否吸烟或有慢性肺部疾病史？'], 'stage': 'symptom_collection'}}
2025-08-10 13:00:04,767 - nodes.e_symptom_extraction_node - INFO - 解析后的输出: {'symptoms': [{'symptom_name': '咳嗽', 'description': '我咳嗽', 'severity': None, 'duration': None}], 'missing_info': ['咳嗽持续了多长时间？', '咳嗽是干咳还是有痰？', '痰的颜色和性状是什么？', '是否有发热、胸痛、呼吸困难等症状？', '咳嗽在什么时间加重（如夜间、清晨）？', '是否有过敏史或近期接触刺激性物质？', '是否吸烟或有慢性肺部疾病史？'], 'stage': 'symptom_collection'}
2025-08-10 13:00:04,767 - nodes.e_symptom_extraction_node - INFO - 症状: [{'symptom_name': '咳嗽', 'description': '我咳嗽', 'severity': None, 'duration': None}]
2025-08-10 13:00:04,768 - nodes.e_symptom_extraction_node - INFO - 缺失信息: ['咳嗽持续了多长时间？', '咳嗽是干咳还是有痰？', '痰的颜色和性状是什么？', '是否有发热、胸痛、呼吸困难等症状？', '咳嗽在什么时间加重（如夜间、清晨）？', '是否有过敏史或近期接触刺激性物质？', '是否吸烟或有慢性肺部疾病史？']
2025-08-10 13:00:04,769 - nodes.e_symptom_extraction_node - INFO - 提取到 1 个症状和 7 个缺失信息
2025-08-10 13:00:04,769 - nodes.e_symptom_extraction_node - INFO - 需要更多信息，路由到后续问题节点
2025-08-10 13:00:04,770 - nodes.f_follow_up_question_node - INFO - 生成追问，共有 7 个缺失信息点
2025-08-10 13:00:04,937 - httpx - INFO - HTTP Request: POST https://api.deepseek.com/chat/completions "HTTP/1.1 200 OK"
2025-08-10 13:00:18,402 - nodes.f_follow_up_question_node - INFO - 生成的追问: "感谢您分享这些信息。为了更好地了解您的咳嗽情况并为您提供适当的建议，我需要进一步询问一些细节。您提到有咳嗽，能否告诉我这种情况持续了多久？另外，咳嗽时是干咳为主，还是伴有咳痰？如果有痰的话，痰的颜色...
2025-08-10 13:00:18,404 - nodes.k_output_node - INFO - 输出处理完成，返回最终状态
2025-08-10 13:00:18,405 - graph - INFO - 图执行完成
2025-08-10 13:00:18,558 - TCMGraphTest - INFO - 执行成功: True
2025-08-10 13:00:18,560 - TCMGraphTest - INFO - 用户意图: diagnosis
2025-08-10 13:00:18,560 - TCMGraphTest - INFO - 提取症状数: 1
2025-08-10 13:00:18,561 - TCMGraphTest - INFO - 对话状态: awaiting_follow_up
2025-08-10 13:00:18,561 - TCMGraphTest - INFO - 响应长度: 385
2025-08-10 13:00:18,561 - TCMGraphTest - INFO - 响应时间: 39.38秒
2025-08-10 13:00:18,562 - TCMGraphTest - INFO - 紧急情况检测: False
2025-08-10 13:00:18,562 - TCMGraphTest - INFO - 安全评分: N/A
2025-08-10 13:00:18,562 - TCMGraphTest - INFO - 整体质量评分: 100.0/100
2025-08-10 13:00:18,563 - TCMGraphTest - INFO - ------------------------------------------------------------
2025-08-10 13:00:18,563 - TCMGraphTest - INFO - 执行测试 3/12
2025-08-10 13:00:18,563 - TCMGraphTest - INFO - 测试用例: 典型脾虚证诊断
2025-08-10 13:00:18,563 - TCMGraphTest - INFO - 用户输入: 我最近总是感到疲乏无力，不想吃饭，大便也不成形，容易腹胀，请医生帮我诊断一下。
2025-08-10 13:00:18,563 - graph - INFO - 开始处理用户输入: 我最近总是感到疲乏无力，不想吃饭，大便也不成形，容易腹胀，请医生帮我诊断一下。
2025-08-10 13:00:18,564 - graph - INFO - 开始创建中医智能对话系统图...
2025-08-10 13:00:18,564 - nodes.c_rag_retrieval_node - INFO - 初始化RAG检索节点
2025-08-10 13:00:18,564 - RAG_system.embedding_model - INFO - 检测到GPU设备: NVIDIA GeForce RTX 4070 Laptop GPU, 共 1 个GPU
2025-08-10 13:00:18,564 - RAG_system.embedding_model - INFO - 嵌入模型管理器初始化成功，使用设备: cuda
2025-08-10 13:00:18,564 - RAG_system.retriever - INFO - 检索管理器初始化成功
2025-08-10 13:00:18,564 - RAG_system.embedding_model - INFO - 检测到GPU设备: NVIDIA GeForce RTX 4070 Laptop GPU, 共 1 个GPU
2025-08-10 13:00:18,564 - RAG_system.rag_manager - INFO - RAG管理器初始化成功，使用设备: cuda
2025-08-10 13:00:18,564 - RAG_system.rag_manager - INFO - 正在启动RAG管理器
2025-08-10 13:00:18,564 - RAG_system.rag_manager - INFO - 发现本地嵌入模型信息，正在加载
2025-08-10 13:00:18,565 - RAG_system.embedding_model - INFO - 正在加载嵌入模型: sentence-transformers/paraphrase-multilingual-MiniLM-L12-v2
2025-08-10 13:00:18,566 - RAG_system.embedding_model - INFO - 从本地加载嵌入模型: RAG_system/model\sentence-transformers_paraphrase-multilingual-MiniLM-L12-v2
2025-08-10 13:00:18,569 - sentence_transformers.SentenceTransformer - INFO - Load pretrained SentenceTransformer: RAG_system/model\sentence-transformers_paraphrase-multilingual-MiniLM-L12-v2
2025-08-10 13:00:18,571 - sentence_transformers.SentenceTransformer - WARNING - No sentence-transformers model found with name RAG_system/model\sentence-transformers_paraphrase-multilingual-MiniLM-L12-v2. Creating a new one with mean pooling.
2025-08-10 13:00:23,826 - RAG_system.embedding_model - INFO - 正在保存嵌入模型信息
2025-08-10 13:00:23,829 - RAG_system.embedding_model - INFO - 嵌入模型信息已保存到: RAG_system/model\model_info.json
2025-08-10 13:00:23,829 - RAG_system.embedding_model - INFO - 嵌入模型加载成功，使用设备: cuda
2025-08-10 13:00:23,829 - RAG_system.vector_store - INFO - 向量存储管理器初始化成功
2025-08-10 13:00:23,830 - RAG_system.rag_manager - INFO - 检查向量存储路径: RAG_system/RAG/vector_store\index.faiss
2025-08-10 13:00:23,830 - RAG_system.rag_manager - INFO - 发现本地向量存储，正在加载
2025-08-10 13:00:23,830 - RAG_system.vector_store - INFO - 正在从路径加载向量存储: vector_store
2025-08-10 13:00:28,808 - RAG_system.vector_store - INFO - 向量存储加载成功
2025-08-10 13:00:28,809 - RAG_system.retriever - INFO - 正在创建检索器
2025-08-10 13:00:28,810 - RAG_system.retriever - INFO - 检索器创建成功
2025-08-10 13:00:28,811 - RAG_system.rag_manager - INFO - RAG管理器启动成功
2025-08-10 13:00:28,811 - nodes.c_rag_retrieval_node - INFO - RAG检索节点初始化完成
2025-08-10 13:00:28,811 - graph - INFO - 添加所有节点...
2025-08-10 13:00:28,814 - graph - INFO - 配置节点间的路由逻辑...
2025-08-10 13:00:28,815 - graph - INFO - 编译图...
2025-08-10 13:00:28,816 - graph - INFO - 中医智能对话系统图创建完成
2025-08-10 13:00:28,816 - graph - INFO - 开始执行图...
2025-08-10 13:00:28,817 - nodes.a_input_node - INFO - 输入处理节点启动
2025-08-10 13:00:28,817 - nodes.a_input_node - INFO - 处理用户输入成功: '我最近总是感到疲乏无力，不想吃饭，大便也不成形，容易腹胀，请...'
2025-08-10 13:00:28,818 - nodes.b_safety_guard_node - INFO - 安全检查节点启动
2025-08-10 13:00:28,818 - nodes.b_safety_guard_node - INFO - 安全检查通过，未检测到紧急关键词
2025-08-10 13:00:28,818 - nodes.c_rag_retrieval_node - INFO - RAG检索节点启动
2025-08-10 13:00:28,820 - nodes.c_rag_retrieval_node - INFO - 执行检索，查询：我最近总是感到疲乏无力，不想吃饭，大便也不成形，容易腹胀，请医生帮我诊断一下。，k值：4
2025-08-10 13:00:28,820 - RAG_system.retriever - INFO - 正在执行检索操作，查询: 我最近总是感到疲乏无力，不想吃饭，大便也不成形，容易腹胀，请医生帮我诊断一下。
2025-08-10 13:00:28,872 - RAG_system.retriever - INFO - 检索完成，返回 4 个结果
2025-08-10 13:00:28,872 - nodes.c_rag_retrieval_node - INFO - 成功提取上下文，共4个文档
2025-08-10 13:00:31,230 - httpx - INFO - HTTP Request: POST https://dashscope.aliyuncs.com/compatible-mode/v1/chat/completions "HTTP/1.1 200 OK"
2025-08-10 13:00:31,232 - nodes.d_recognize_intent_node - INFO - 意图识别结果: diagnosis (置信度: 0.95)
2025-08-10 13:00:31,233 - nodes.e_symptom_extraction_node - INFO - 开始提取症状...
2025-08-10 13:00:41,951 - httpx - INFO - HTTP Request: POST https://dashscope.aliyuncs.com/compatible-mode/v1/chat/completions "HTTP/1.1 200 OK"
2025-08-10 13:00:41,960 - nodes.e_symptom_extraction_node - INFO - LLM原始输出: {'user_input': '我最近总是感到疲乏无力，不想吃饭，大便也不成形，容易腹胀，请医生帮我诊断一下。', 'message_history': 'human: 我最近总是感到疲乏无力，不想吃饭，大便也不成形，容易腹胀，请医生帮我诊断一下。', 'relevant_context': '[文档1] 来源: data/医藏-0869部/09伤寒-49本/09伤寒-49本/证治准绳伤寒-明-王肯堂.txt\n卷三\n\n\u3000\u3000阳明病\n\n\u3000\u3000（胃实不大便 自汗 不得卧 潮热 谵语 狂乱 循衣摸床 渴 呕）\n\n[文档2] 来源: data/医藏-0869部/09伤寒-49本/09伤寒-49本/伤寒证治准绳-明-王肯堂.txt\n卷三\n\n\u3000\u3000阳明病\n\n\u3000\u3000（胃实不大便 自汗 不得卧 潮热 谵语 狂乱 循衣摸床 渴 呕）\n\n[文档3] 来源: data/医藏-0869部/09医藏-0869部/09医藏-0869部/09伤寒-49本/伤寒证治准绳-明-王肯堂_20210525211840.txt\n卷三\n\n\u3000\u3000阳明病\n\n\u3000\u3000（胃实不大便 自汗 不得卧 潮热 谵语 狂乱 循衣摸床 渴 呕）\n\n[文档4] 来源: data/医藏-0869部/09医藏-0869部/09医藏-0869部/09伤寒-49本/证治准绳伤寒-明-王肯堂.txt\n卷三\n\n\u3000\u3000阳明病\n\n\u3000\u3000（胃实不大便 自汗 不得卧 潮热 谵语 狂乱 循衣摸床 渴 呕）\n', 'format_instructions': 'The output should be a markdown code snippet formatted in the following schema, including the leading and trailing "```json" and "```":\n\n```json\n{\n\t"symptoms": array  // 从用户描述中提取的症状列表，每个症状应包含症状名称、描述、严重程度和持续时间\n\t"missing_info": array  // 需要从用户那里获取的缺失信息列表，这些信息对诊断很重要\n\t"stage": string  // 当前会话阶段，应为\'symptom_collection\'\n}\n```', 'text': {'symptoms': [{'symptom_name': '疲乏无力', 'description': '我最近总是感到疲乏无力', 'severity': None, 'duration': '最近'}, {'symptom_name': '食欲减退', 'description': '不想吃饭', 'severity': None, 'duration': '最近'}, {'symptom_name': '大便不成形', 'description': '大便也不成形', 'severity': None, 'duration': '最近'}, {'symptom_name': '腹胀', 'description': '容易腹胀', 'severity': None, 'duration': '最近'}], 'missing_info': ['疲乏无力的具体程度如何？是否影响日常活动？', '食欲减退是从什么时候开始的？是否有体重下降？', '大便不成形的频率是多少？是否伴有腹泻或便秘？是否有黏液或血便？', '腹胀是餐后加重还是持续存在？是否伴有肠鸣、排气增多？', '症状持续的具体时间（如几天、几周或更久）？', '是否有发热、恶心、呕吐、腹痛等症状？', '是否有既往胃肠疾病史（如肠易激综合征、炎症性肠病）或近期用药史？', '饮食习惯和精神压力情况如何？'], 'stage': 'symptom_collection'}}
2025-08-10 13:00:41,960 - nodes.e_symptom_extraction_node - INFO - 解析后的输出: {'symptoms': [{'symptom_name': '疲乏无力', 'description': '我最近总是感到疲乏无力', 'severity': None, 'duration': '最近'}, {'symptom_name': '食欲减退', 'description': '不想吃饭', 'severity': None, 'duration': '最近'}, {'symptom_name': '大便不成形', 'description': '大便也不成形', 'severity': None, 'duration': '最近'}, {'symptom_name': '腹胀', 'description': '容易腹胀', 'severity': None, 'duration': '最近'}], 'missing_info': ['疲乏无力的具体程度如何？是否影响日常活动？', '食欲减退是从什么时候开始的？是否有体重下降？', '大便不成形的频率是多少？是否伴有腹泻或便秘？是否有黏液或血便？', '腹胀是餐后加重还是持续存在？是否伴有肠鸣、排气增多？', '症状持续的具体时间（如几天、几周或更久）？', '是否有发热、恶心、呕吐、腹痛等症状？', '是否有既往胃肠疾病史（如肠易激综合征、炎症性肠病）或近期用药史？', '饮食习惯和精神压力情况如何？'], 'stage': 'symptom_collection'}
2025-08-10 13:00:41,961 - nodes.e_symptom_extraction_node - INFO - 症状: [{'symptom_name': '疲乏无力', 'description': '我最近总是感到疲乏无力', 'severity': None, 'duration': '最近'}, {'symptom_name': '食欲减退', 'description': '不想吃饭', 'severity': None, 'duration': '最近'}, {'symptom_name': '大便不成形', 'description': '大便也不成形', 'severity': None, 'duration': '最近'}, {'symptom_name': '腹胀', 'description': '容易腹胀', 'severity': None, 'duration': '最近'}]
2025-08-10 13:00:41,961 - nodes.e_symptom_extraction_node - INFO - 缺失信息: ['疲乏无力的具体程度如何？是否影响日常活动？', '食欲减退是从什么时候开始的？是否有体重下降？', '大便不成形的频率是多少？是否伴有腹泻或便秘？是否有黏液或血便？', '腹胀是餐后加重还是持续存在？是否伴有肠鸣、排气增多？', '症状持续的具体时间（如几天、几周或更久）？', '是否有发热、恶心、呕吐、腹痛等症状？', '是否有既往胃肠疾病史（如肠易激综合征、炎症性肠病）或近期用药史？', '饮食习惯和精神压力情况如何？']
2025-08-10 13:00:41,962 - nodes.e_symptom_extraction_node - INFO - 提取到 4 个症状和 8 个缺失信息
2025-08-10 13:00:41,962 - nodes.e_symptom_extraction_node - INFO - 症状信息充足，路由到诊断节点
2025-08-10 13:00:41,963 - nodes.f_follow_up_question_node - INFO - 生成追问，共有 8 个缺失信息点
2025-08-10 13:00:42,140 - httpx - INFO - HTTP Request: POST https://api.deepseek.com/chat/completions "HTTP/1.1 200 OK"
2025-08-10 13:00:53,487 - nodes.f_follow_up_question_node - INFO - 生成的追问: 我理解您最近感到疲乏无力、食欲下降，并伴有消化系统的不适，这些症状确实会让人感到困扰。为了更好地评估您的情况，我需要进一步了解一些细节：

关于疲乏无力，这种疲劳感是否已经影响到您的日常工作或生活？比...
2025-08-10 13:00:53,488 - nodes.k_output_node - INFO - 输出处理完成，返回最终状态
2025-08-10 13:00:53,490 - graph - INFO - 图执行完成
2025-08-10 13:00:53,633 - TCMGraphTest - INFO - 执行成功: True
2025-08-10 13:00:53,634 - TCMGraphTest - INFO - 用户意图: diagnosis
2025-08-10 13:00:53,635 - TCMGraphTest - INFO - 提取症状数: 4
2025-08-10 13:00:53,636 - TCMGraphTest - INFO - 对话状态: awaiting_follow_up
2025-08-10 13:00:53,636 - TCMGraphTest - INFO - 响应长度: 309
2025-08-10 13:00:53,636 - TCMGraphTest - INFO - 响应时间: 35.07秒
2025-08-10 13:00:53,637 - TCMGraphTest - INFO - 紧急情况检测: False
2025-08-10 13:00:53,637 - TCMGraphTest - INFO - 安全评分: N/A
2025-08-10 13:00:53,637 - TCMGraphTest - INFO - 整体质量评分: 100.0/100
2025-08-10 13:00:53,638 - TCMGraphTest - INFO - ------------------------------------------------------------
2025-08-10 13:00:53,638 - TCMGraphTest - INFO - 执行测试 4/12
2025-08-10 13:00:53,638 - TCMGraphTest - INFO - 测试用例: 肝郁气滞证诊断
2025-08-10 13:00:53,638 - TCMGraphTest - INFO - 用户输入: 医生，我胸胁部位经常胀痛，心情抑郁，容易生气，还经常嗳气，这是怎么回事？
2025-08-10 13:00:53,638 - graph - INFO - 开始处理用户输入: 医生，我胸胁部位经常胀痛，心情抑郁，容易生气，还经常嗳气，这是怎么回事？
2025-08-10 13:00:53,638 - graph - INFO - 开始创建中医智能对话系统图...
2025-08-10 13:00:53,638 - nodes.c_rag_retrieval_node - INFO - 初始化RAG检索节点
2025-08-10 13:00:53,639 - RAG_system.embedding_model - INFO - 检测到GPU设备: NVIDIA GeForce RTX 4070 Laptop GPU, 共 1 个GPU
2025-08-10 13:00:53,639 - RAG_system.embedding_model - INFO - 嵌入模型管理器初始化成功，使用设备: cuda
2025-08-10 13:00:53,639 - RAG_system.retriever - INFO - 检索管理器初始化成功
2025-08-10 13:00:53,639 - RAG_system.embedding_model - INFO - 检测到GPU设备: NVIDIA GeForce RTX 4070 Laptop GPU, 共 1 个GPU
2025-08-10 13:00:53,639 - RAG_system.rag_manager - INFO - RAG管理器初始化成功，使用设备: cuda
2025-08-10 13:00:53,639 - RAG_system.rag_manager - INFO - 正在启动RAG管理器
2025-08-10 13:00:53,639 - RAG_system.rag_manager - INFO - 发现本地嵌入模型信息，正在加载
2025-08-10 13:00:53,640 - RAG_system.embedding_model - INFO - 正在加载嵌入模型: sentence-transformers/paraphrase-multilingual-MiniLM-L12-v2
2025-08-10 13:00:53,640 - RAG_system.embedding_model - INFO - 从本地加载嵌入模型: RAG_system/model\sentence-transformers_paraphrase-multilingual-MiniLM-L12-v2
2025-08-10 13:00:53,645 - sentence_transformers.SentenceTransformer - INFO - Load pretrained SentenceTransformer: RAG_system/model\sentence-transformers_paraphrase-multilingual-MiniLM-L12-v2
2025-08-10 13:00:53,645 - sentence_transformers.SentenceTransformer - WARNING - No sentence-transformers model found with name RAG_system/model\sentence-transformers_paraphrase-multilingual-MiniLM-L12-v2. Creating a new one with mean pooling.
2025-08-10 13:00:59,228 - RAG_system.embedding_model - INFO - 正在保存嵌入模型信息
2025-08-10 13:00:59,231 - RAG_system.embedding_model - INFO - 嵌入模型信息已保存到: RAG_system/model\model_info.json
2025-08-10 13:00:59,233 - RAG_system.embedding_model - INFO - 嵌入模型加载成功，使用设备: cuda
2025-08-10 13:00:59,233 - RAG_system.vector_store - INFO - 向量存储管理器初始化成功
2025-08-10 13:00:59,233 - RAG_system.rag_manager - INFO - 检查向量存储路径: RAG_system/RAG/vector_store\index.faiss
2025-08-10 13:00:59,234 - RAG_system.rag_manager - INFO - 发现本地向量存储，正在加载
2025-08-10 13:00:59,234 - RAG_system.vector_store - INFO - 正在从路径加载向量存储: vector_store
2025-08-10 13:01:05,191 - RAG_system.vector_store - INFO - 向量存储加载成功
2025-08-10 13:01:05,191 - RAG_system.retriever - INFO - 正在创建检索器
2025-08-10 13:01:05,192 - RAG_system.retriever - INFO - 检索器创建成功
2025-08-10 13:01:05,192 - RAG_system.rag_manager - INFO - RAG管理器启动成功
2025-08-10 13:01:05,193 - nodes.c_rag_retrieval_node - INFO - RAG检索节点初始化完成
2025-08-10 13:01:05,194 - graph - INFO - 添加所有节点...
2025-08-10 13:01:05,196 - graph - INFO - 配置节点间的路由逻辑...
2025-08-10 13:01:05,197 - graph - INFO - 编译图...
2025-08-10 13:01:05,198 - graph - INFO - 中医智能对话系统图创建完成
2025-08-10 13:01:05,198 - graph - INFO - 开始执行图...
2025-08-10 13:01:05,199 - nodes.a_input_node - INFO - 输入处理节点启动
2025-08-10 13:01:05,200 - nodes.a_input_node - INFO - 处理用户输入成功: '医生，我胸胁部位经常胀痛，心情抑郁，容易生气，还经常嗳气，这...'
2025-08-10 13:01:05,200 - nodes.b_safety_guard_node - INFO - 安全检查节点启动
2025-08-10 13:01:05,200 - nodes.b_safety_guard_node - INFO - 安全检查通过，未检测到紧急关键词
2025-08-10 13:01:05,200 - nodes.c_rag_retrieval_node - INFO - RAG检索节点启动
2025-08-10 13:01:05,201 - nodes.c_rag_retrieval_node - INFO - 执行检索，查询：医生，我胸胁部位经常胀痛，心情抑郁，容易生气，还经常嗳气，这是怎么回事？，k值：4
2025-08-10 13:01:05,201 - RAG_system.retriever - INFO - 正在执行检索操作，查询: 医生，我胸胁部位经常胀痛，心情抑郁，容易生气，还经常嗳气，这是怎么回事？
2025-08-10 13:01:05,248 - RAG_system.retriever - INFO - 检索完成，返回 4 个结果
2025-08-10 13:01:05,249 - nodes.c_rag_retrieval_node - INFO - 成功提取上下文，共4个文档
2025-08-10 13:01:06,777 - httpx - INFO - HTTP Request: POST https://dashscope.aliyuncs.com/compatible-mode/v1/chat/completions "HTTP/1.1 200 OK"
2025-08-10 13:01:06,780 - nodes.d_recognize_intent_node - INFO - 意图识别结果: diagnosis (置信度: 1.0)
2025-08-10 13:01:06,783 - nodes.e_symptom_extraction_node - INFO - 开始提取症状...
2025-08-10 13:01:18,852 - httpx - INFO - HTTP Request: POST https://dashscope.aliyuncs.com/compatible-mode/v1/chat/completions "HTTP/1.1 200 OK"
2025-08-10 13:01:18,863 - nodes.e_symptom_extraction_node - INFO - LLM原始输出: {'user_input': '医生，我胸胁部位经常胀痛，心情抑郁，容易生气，还经常嗳气，这是怎么回事？', 'message_history': 'human: 医生，我胸胁部位经常胀痛，心情抑郁，容易生气，还经常嗳气，这是怎么回事？', 'relevant_context': '[文档1] 来源: data/医藏-0869部/09医藏-0869部/09医藏-0869部/14医部全录-123本/医部全录卷180至卷185-胸腹门.txt\n腹痛\n\n[文档2] 来源: data/医藏-0869部/14医部全录-123本/14医部全录-123本/医部全录卷180至卷185-胸腹门.txt\n腹痛\n\n[文档3] 来源: data/医藏-0869部/09医藏-0869部/09医藏-0869部/14医部全录-123本/医部全录卷180至卷185-胸腹门.txt\n心痛\n\n[文档4] 来源: data/医藏-0869部/14医部全录-123本/14医部全录-123本/医部全录卷180至卷185-胸腹门.txt\n心痛\n', 'format_instructions': 'The output should be a markdown code snippet formatted in the following schema, including the leading and trailing "```json" and "```":\n\n```json\n{\n\t"symptoms": array  // 从用户描述中提取的症状列表，每个症状应包含症状名称、描述、严重程度和持续时间\n\t"missing_info": array  // 需要从用户那里获取的缺失信息列表，这些信息对诊断很重要\n\t"stage": string  // 当前会话阶段，应为\'symptom_collection\'\n}\n```', 'text': {'symptoms': [{'symptom_name': '胸胁胀痛', 'description': '胸胁部位经常胀痛', 'severity': None, 'duration': '经常'}, {'symptom_name': '心情抑郁', 'description': '心情抑郁', 'severity': None, 'duration': None}, {'symptom_name': '易怒', 'description': '容易生气', 'severity': None, 'duration': None}, {'symptom_name': '嗳气', 'description': '经常嗳气', 'severity': None, 'duration': '经常'}], 'missing_info': ['胸胁胀痛的具体位置是单侧还是双侧？是否向其他部位放射？', '胸胁胀痛的性质（如胀痛、刺痛、隐痛、灼痛等）是什么？', '症状是否与情绪波动有关？在生气或压力大时是否加重？', '嗳气是否伴有反酸、胃灼热、食欲改变或消化不良？', '是否有饮食、作息不规律或压力增大的诱因？', '症状持续了多长时间（如几天、几周或更久）？', '是否有其他伴随症状，如胸闷、心悸、失眠、腹胀等？', '既往是否有肝胆、胃肠或精神心理相关疾病史？', '是否服用过任何药物，是否有缓解或加重的情况？'], 'stage': 'symptom_collection'}}
2025-08-10 13:01:18,863 - nodes.e_symptom_extraction_node - INFO - 解析后的输出: {'symptoms': [{'symptom_name': '胸胁胀痛', 'description': '胸胁部位经常胀痛', 'severity': None, 'duration': '经常'}, {'symptom_name': '心情抑郁', 'description': '心情抑郁', 'severity': None, 'duration': None}, {'symptom_name': '易怒', 'description': '容易生气', 'severity': None, 'duration': None}, {'symptom_name': '嗳气', 'description': '经常嗳气', 'severity': None, 'duration': '经常'}], 'missing_info': ['胸胁胀痛的具体位置是单侧还是双侧？是否向其他部位放射？', '胸胁胀痛的性质（如胀痛、刺痛、隐痛、灼痛等）是什么？', '症状是否与情绪波动有关？在生气或压力大时是否加重？', '嗳气是否伴有反酸、胃灼热、食欲改变或消化不良？', '是否有饮食、作息不规律或压力增大的诱因？', '症状持续了多长时间（如几天、几周或更久）？', '是否有其他伴随症状，如胸闷、心悸、失眠、腹胀等？', '既往是否有肝胆、胃肠或精神心理相关疾病史？', '是否服用过任何药物，是否有缓解或加重的情况？'], 'stage': 'symptom_collection'}
2025-08-10 13:01:18,864 - nodes.e_symptom_extraction_node - INFO - 症状: [{'symptom_name': '胸胁胀痛', 'description': '胸胁部位经常胀痛', 'severity': None, 'duration': '经常'}, {'symptom_name': '心情抑郁', 'description': '心情抑郁', 'severity': None, 'duration': None}, {'symptom_name': '易怒', 'description': '容易生气', 'severity': None, 'duration': None}, {'symptom_name': '嗳气', 'description': '经常嗳气', 'severity': None, 'duration': '经常'}]
2025-08-10 13:01:18,864 - nodes.e_symptom_extraction_node - INFO - 缺失信息: ['胸胁胀痛的具体位置是单侧还是双侧？是否向其他部位放射？', '胸胁胀痛的性质（如胀痛、刺痛、隐痛、灼痛等）是什么？', '症状是否与情绪波动有关？在生气或压力大时是否加重？', '嗳气是否伴有反酸、胃灼热、食欲改变或消化不良？', '是否有饮食、作息不规律或压力增大的诱因？', '症状持续了多长时间（如几天、几周或更久）？', '是否有其他伴随症状，如胸闷、心悸、失眠、腹胀等？', '既往是否有肝胆、胃肠或精神心理相关疾病史？', '是否服用过任何药物，是否有缓解或加重的情况？']
2025-08-10 13:01:18,865 - nodes.e_symptom_extraction_node - INFO - 提取到 4 个症状和 9 个缺失信息
2025-08-10 13:01:18,865 - nodes.e_symptom_extraction_node - INFO - 症状信息充足，路由到诊断节点
2025-08-10 13:01:18,866 - nodes.f_follow_up_question_node - INFO - 生成追问，共有 9 个缺失信息点
2025-08-10 13:01:19,063 - httpx - INFO - HTTP Request: POST https://api.deepseek.com/chat/completions "HTTP/1.1 200 OK"
2025-08-10 13:01:31,821 - nodes.f_follow_up_question_node - INFO - 生成的追问: 根据您描述的症状，胸胁胀痛、情绪波动和嗳气之间可能存在关联性。为了更准确地评估您的情况，我需要进一步了解一些细节：  

首先，关于胸胁部位的胀痛——  
- 这种疼痛是主要出现在左侧、右侧，还是两侧...
2025-08-10 13:01:31,823 - nodes.k_output_node - INFO - 输出处理完成，返回最终状态
2025-08-10 13:01:31,824 - graph - INFO - 图执行完成
2025-08-10 13:01:31,967 - TCMGraphTest - INFO - 执行成功: True
2025-08-10 13:01:31,969 - TCMGraphTest - INFO - 用户意图: diagnosis
2025-08-10 13:01:31,969 - TCMGraphTest - INFO - 提取症状数: 4
2025-08-10 13:01:31,969 - TCMGraphTest - INFO - 对话状态: awaiting_follow_up
2025-08-10 13:01:31,970 - TCMGraphTest - INFO - 响应长度: 337
2025-08-10 13:01:31,970 - TCMGraphTest - INFO - 响应时间: 38.33秒
2025-08-10 13:01:31,971 - TCMGraphTest - INFO - 紧急情况检测: False
2025-08-10 13:01:31,971 - TCMGraphTest - INFO - 安全评分: N/A
2025-08-10 13:01:31,971 - TCMGraphTest - INFO - 整体质量评分: 100.0/100
2025-08-10 13:01:31,972 - TCMGraphTest - INFO - ------------------------------------------------------------
2025-08-10 13:01:31,972 - TCMGraphTest - INFO - 执行测试 5/12
2025-08-10 13:01:31,972 - TCMGraphTest - INFO - 测试用例: 一般咨询 - 非诊断意图
2025-08-10 13:01:31,973 - TCMGraphTest - INFO - 用户输入: 请问中医的基本理论是什么？
2025-08-10 13:01:31,973 - graph - INFO - 开始处理用户输入: 请问中医的基本理论是什么？
2025-08-10 13:01:31,973 - graph - INFO - 开始创建中医智能对话系统图...
2025-08-10 13:01:31,973 - nodes.c_rag_retrieval_node - INFO - 初始化RAG检索节点
2025-08-10 13:01:31,973 - RAG_system.embedding_model - INFO - 检测到GPU设备: NVIDIA GeForce RTX 4070 Laptop GPU, 共 1 个GPU
2025-08-10 13:01:31,974 - RAG_system.embedding_model - INFO - 嵌入模型管理器初始化成功，使用设备: cuda
2025-08-10 13:01:31,974 - RAG_system.retriever - INFO - 检索管理器初始化成功
2025-08-10 13:01:31,974 - RAG_system.embedding_model - INFO - 检测到GPU设备: NVIDIA GeForce RTX 4070 Laptop GPU, 共 1 个GPU
2025-08-10 13:01:31,974 - RAG_system.rag_manager - INFO - RAG管理器初始化成功，使用设备: cuda
2025-08-10 13:01:31,974 - RAG_system.rag_manager - INFO - 正在启动RAG管理器
2025-08-10 13:01:31,975 - RAG_system.rag_manager - INFO - 发现本地嵌入模型信息，正在加载
2025-08-10 13:01:31,976 - RAG_system.embedding_model - INFO - 正在加载嵌入模型: sentence-transformers/paraphrase-multilingual-MiniLM-L12-v2
2025-08-10 13:01:31,976 - RAG_system.embedding_model - INFO - 从本地加载嵌入模型: RAG_system/model\sentence-transformers_paraphrase-multilingual-MiniLM-L12-v2
2025-08-10 13:01:31,981 - sentence_transformers.SentenceTransformer - INFO - Load pretrained SentenceTransformer: RAG_system/model\sentence-transformers_paraphrase-multilingual-MiniLM-L12-v2
2025-08-10 13:01:31,981 - sentence_transformers.SentenceTransformer - WARNING - No sentence-transformers model found with name RAG_system/model\sentence-transformers_paraphrase-multilingual-MiniLM-L12-v2. Creating a new one with mean pooling.
2025-08-10 13:01:35,172 - RAG_system.embedding_model - INFO - 正在保存嵌入模型信息
2025-08-10 13:01:35,176 - RAG_system.embedding_model - INFO - 嵌入模型信息已保存到: RAG_system/model\model_info.json
2025-08-10 13:01:35,176 - RAG_system.embedding_model - INFO - 嵌入模型加载成功，使用设备: cuda
2025-08-10 13:01:35,177 - RAG_system.vector_store - INFO - 向量存储管理器初始化成功
2025-08-10 13:01:35,177 - RAG_system.rag_manager - INFO - 检查向量存储路径: RAG_system/RAG/vector_store\index.faiss
2025-08-10 13:01:35,177 - RAG_system.rag_manager - INFO - 发现本地向量存储，正在加载
2025-08-10 13:01:35,177 - RAG_system.vector_store - INFO - 正在从路径加载向量存储: vector_store
2025-08-10 13:01:41,765 - RAG_system.vector_store - INFO - 向量存储加载成功
2025-08-10 13:01:41,765 - RAG_system.retriever - INFO - 正在创建检索器
2025-08-10 13:01:41,766 - RAG_system.retriever - INFO - 检索器创建成功
2025-08-10 13:01:41,766 - RAG_system.rag_manager - INFO - RAG管理器启动成功
2025-08-10 13:01:41,767 - nodes.c_rag_retrieval_node - INFO - RAG检索节点初始化完成
2025-08-10 13:01:41,767 - graph - INFO - 添加所有节点...
2025-08-10 13:01:41,770 - graph - INFO - 配置节点间的路由逻辑...
2025-08-10 13:01:41,771 - graph - INFO - 编译图...
2025-08-10 13:01:41,772 - graph - INFO - 中医智能对话系统图创建完成
2025-08-10 13:01:41,772 - graph - INFO - 开始执行图...
2025-08-10 13:01:41,773 - nodes.a_input_node - INFO - 输入处理节点启动
2025-08-10 13:01:41,773 - nodes.a_input_node - INFO - 处理用户输入成功: '请问中医的基本理论是什么？'
2025-08-10 13:01:41,773 - nodes.b_safety_guard_node - INFO - 安全检查节点启动
2025-08-10 13:01:41,774 - nodes.b_safety_guard_node - INFO - 安全检查通过，未检测到紧急关键词
2025-08-10 13:01:41,775 - nodes.c_rag_retrieval_node - INFO - RAG检索节点启动
2025-08-10 13:01:41,775 - nodes.c_rag_retrieval_node - INFO - 执行检索，查询：请问中医的基本理论是什么？，k值：4
2025-08-10 13:01:41,775 - RAG_system.retriever - INFO - 正在执行检索操作，查询: 请问中医的基本理论是什么？
2025-08-10 13:01:41,823 - RAG_system.retriever - INFO - 检索完成，返回 4 个结果
2025-08-10 13:01:41,824 - nodes.c_rag_retrieval_node - INFO - 成功提取上下文，共4个文档
2025-08-10 13:01:43,025 - httpx - INFO - HTTP Request: POST https://dashscope.aliyuncs.com/compatible-mode/v1/chat/completions "HTTP/1.1 200 OK"
2025-08-10 13:01:43,027 - nodes.d_recognize_intent_node - INFO - 意图识别结果: question (置信度: 0.95)
2025-08-10 13:01:43,028 - nodes.i_conversation_chain_node - INFO - 处理用户输入: 请问中医的基本理论是什么？...
2025-08-10 13:01:43,028 - nodes.i_conversation_chain_node - INFO - 开始生成对话回复...
2025-08-10 13:02:13,036 - openai._base_client - INFO - Retrying request to /chat/completions in 0.407421 seconds
2025-08-10 13:02:43,540 - openai._base_client - INFO - Retrying request to /chat/completions in 0.839490 seconds
2025-08-10 13:03:11,045 - httpx - INFO - HTTP Request: POST https://dashscope.aliyuncs.com/compatible-mode/v1/chat/completions "HTTP/1.1 200 OK"
2025-08-10 13:03:11,048 - nodes.i_conversation_chain_node - INFO - 生成的回复: 中医的基本理论是建立在长期临床实践和古代哲学思想基础上的一套独特医学体系，其核心内容主要包括以下几个方面：

### 1. **阴阳学说**
阴阳是中医理论的总纲。古人认为，宇宙万物都由相互对立又相互...
2025-08-10 13:03:11,050 - nodes.j_response_safety_node - INFO - 仅检测到低风险违规，添加免责声明
2025-08-10 13:03:11,051 - nodes.k_output_node - INFO - 输出处理完成，返回最终状态
2025-08-10 13:03:11,053 - graph - INFO - 图执行完成
2025-08-10 13:03:11,214 - TCMGraphTest - INFO - 执行成功: True
2025-08-10 13:03:11,215 - TCMGraphTest - INFO - 用户意图: question
2025-08-10 13:03:11,215 - TCMGraphTest - ERROR - 测试用例执行失败: object of type 'NoneType' has no len()
Traceback (most recent call last):
  File "F:\Files\比赛\挑战杯++\专项赛3\AI chatbot\V2\tests\graph_test.py", line 244, in run_test_case
    logger.info(f"提取症状数: {len(result.get('symptoms_list', []))}")
                               ^^^^^^^^^^^^^^^^^^^^^^^^^^^^^^^^^^^^
TypeError: object of type 'NoneType' has no len()
2025-08-10 13:03:11,218 - TCMGraphTest - INFO - ------------------------------------------------------------
2025-08-10 13:03:11,218 - TCMGraphTest - INFO - 执行测试 6/12
2025-08-10 13:03:11,219 - TCMGraphTest - INFO - 测试用例: 紧急情况 - 安全检查
2025-08-10 13:03:11,219 - TCMGraphTest - INFO - 用户输入: 我胸痛得很厉害，呼吸困难，感觉快要死了！
2025-08-10 13:03:11,219 - graph - INFO - 开始处理用户输入: 我胸痛得很厉害，呼吸困难，感觉快要死了！
2025-08-10 13:03:11,219 - graph - INFO - 开始创建中医智能对话系统图...
2025-08-10 13:03:11,220 - nodes.c_rag_retrieval_node - INFO - 初始化RAG检索节点
2025-08-10 13:03:11,220 - RAG_system.embedding_model - INFO - 检测到GPU设备: NVIDIA GeForce RTX 4070 Laptop GPU, 共 1 个GPU
2025-08-10 13:03:11,220 - RAG_system.embedding_model - INFO - 嵌入模型管理器初始化成功，使用设备: cuda
2025-08-10 13:03:11,221 - RAG_system.retriever - INFO - 检索管理器初始化成功
2025-08-10 13:03:11,221 - RAG_system.embedding_model - INFO - 检测到GPU设备: NVIDIA GeForce RTX 4070 Laptop GPU, 共 1 个GPU
2025-08-10 13:03:11,221 - RAG_system.rag_manager - INFO - RAG管理器初始化成功，使用设备: cuda
2025-08-10 13:03:11,222 - RAG_system.rag_manager - INFO - 正在启动RAG管理器
2025-08-10 13:03:11,222 - RAG_system.rag_manager - INFO - 发现本地嵌入模型信息，正在加载
2025-08-10 13:03:11,223 - RAG_system.embedding_model - INFO - 正在加载嵌入模型: sentence-transformers/paraphrase-multilingual-MiniLM-L12-v2
2025-08-10 13:03:11,223 - RAG_system.embedding_model - INFO - 从本地加载嵌入模型: RAG_system/model\sentence-transformers_paraphrase-multilingual-MiniLM-L12-v2
2025-08-10 13:03:11,226 - sentence_transformers.SentenceTransformer - INFO - Load pretrained SentenceTransformer: RAG_system/model\sentence-transformers_paraphrase-multilingual-MiniLM-L12-v2
2025-08-10 13:03:11,227 - sentence_transformers.SentenceTransformer - WARNING - No sentence-transformers model found with name RAG_system/model\sentence-transformers_paraphrase-multilingual-MiniLM-L12-v2. Creating a new one with mean pooling.
2025-08-10 13:03:17,774 - RAG_system.embedding_model - INFO - 正在保存嵌入模型信息
2025-08-10 13:03:17,777 - RAG_system.embedding_model - INFO - 嵌入模型信息已保存到: RAG_system/model\model_info.json
2025-08-10 13:03:17,777 - RAG_system.embedding_model - INFO - 嵌入模型加载成功，使用设备: cuda
2025-08-10 13:03:17,778 - RAG_system.vector_store - INFO - 向量存储管理器初始化成功
2025-08-10 13:03:17,778 - RAG_system.rag_manager - INFO - 检查向量存储路径: RAG_system/RAG/vector_store\index.faiss
2025-08-10 13:03:17,778 - RAG_system.rag_manager - INFO - 发现本地向量存储，正在加载
2025-08-10 13:03:17,778 - RAG_system.vector_store - INFO - 正在从路径加载向量存储: vector_store
2025-08-10 13:03:20,036 - RAG_system.vector_store - INFO - 向量存储加载成功
2025-08-10 13:03:20,036 - RAG_system.retriever - INFO - 正在创建检索器
2025-08-10 13:03:20,037 - RAG_system.retriever - INFO - 检索器创建成功
2025-08-10 13:03:20,037 - RAG_system.rag_manager - INFO - RAG管理器启动成功
2025-08-10 13:03:20,038 - nodes.c_rag_retrieval_node - INFO - RAG检索节点初始化完成
2025-08-10 13:03:20,038 - graph - INFO - 添加所有节点...
2025-08-10 13:03:20,041 - graph - INFO - 配置节点间的路由逻辑...
2025-08-10 13:03:20,042 - graph - INFO - 编译图...
2025-08-10 13:03:20,043 - graph - INFO - 中医智能对话系统图创建完成
2025-08-10 13:03:20,043 - graph - INFO - 开始执行图...
2025-08-10 13:03:20,044 - nodes.a_input_node - INFO - 输入处理节点启动
2025-08-10 13:03:20,044 - nodes.a_input_node - INFO - 处理用户输入成功: '我胸痛得很厉害，呼吸困难，感觉快要死了！'
2025-08-10 13:03:20,045 - nodes.b_safety_guard_node - INFO - 安全检查节点启动
2025-08-10 13:03:20,045 - nodes.b_safety_guard_node - WARNING - 检测到紧急关键词: ['胸痛']
2025-08-10 13:03:20,045 - nodes.k_output_node - INFO - 输出处理完成，返回最终状态
2025-08-10 13:03:20,045 - graph - INFO - 图执行完成
2025-08-10 13:03:20,154 - TCMGraphTest - INFO - 执行成功: True
2025-08-10 13:03:20,155 - TCMGraphTest - INFO - 用户意图: None
2025-08-10 13:03:20,155 - TCMGraphTest - ERROR - 测试用例执行失败: object of type 'NoneType' has no len()
Traceback (most recent call last):
  File "F:\Files\比赛\挑战杯++\专项赛3\AI chatbot\V2\tests\graph_test.py", line 244, in run_test_case
    logger.info(f"提取症状数: {len(result.get('symptoms_list', []))}")
                               ^^^^^^^^^^^^^^^^^^^^^^^^^^^^^^^^^^^^
TypeError: object of type 'NoneType' has no len()
2025-08-10 13:03:20,156 - TCMGraphTest - INFO - ------------------------------------------------------------
2025-08-10 13:03:20,156 - TCMGraphTest - INFO - 执行测试 7/12
2025-08-10 13:03:20,156 - TCMGraphTest - INFO - 测试用例: 心肾不交证诊断
2025-08-10 13:03:20,157 - TCMGraphTest - INFO - 用户输入: 我最近心慌心跳，失眠严重，腰酸腿软，小便频数，记忆力也不好了。
2025-08-10 13:03:20,157 - graph - INFO - 开始处理用户输入: 我最近心慌心跳，失眠严重，腰酸腿软，小便频数，记忆力也不好了。
2025-08-10 13:03:20,157 - graph - INFO - 开始创建中医智能对话系统图...
2025-08-10 13:03:20,158 - nodes.c_rag_retrieval_node - INFO - 初始化RAG检索节点
2025-08-10 13:03:20,158 - RAG_system.embedding_model - INFO - 检测到GPU设备: NVIDIA GeForce RTX 4070 Laptop GPU, 共 1 个GPU
2025-08-10 13:03:20,158 - RAG_system.embedding_model - INFO - 嵌入模型管理器初始化成功，使用设备: cuda
2025-08-10 13:03:20,158 - RAG_system.retriever - INFO - 检索管理器初始化成功
2025-08-10 13:03:20,158 - RAG_system.embedding_model - INFO - 检测到GPU设备: NVIDIA GeForce RTX 4070 Laptop GPU, 共 1 个GPU
2025-08-10 13:03:20,158 - RAG_system.rag_manager - INFO - RAG管理器初始化成功，使用设备: cuda
2025-08-10 13:03:20,158 - RAG_system.rag_manager - INFO - 正在启动RAG管理器
2025-08-10 13:03:20,159 - RAG_system.rag_manager - INFO - 发现本地嵌入模型信息，正在加载
2025-08-10 13:03:20,160 - RAG_system.embedding_model - INFO - 正在加载嵌入模型: sentence-transformers/paraphrase-multilingual-MiniLM-L12-v2
2025-08-10 13:03:20,161 - RAG_system.embedding_model - INFO - 从本地加载嵌入模型: RAG_system/model\sentence-transformers_paraphrase-multilingual-MiniLM-L12-v2
2025-08-10 13:03:20,163 - sentence_transformers.SentenceTransformer - INFO - Load pretrained SentenceTransformer: RAG_system/model\sentence-transformers_paraphrase-multilingual-MiniLM-L12-v2
2025-08-10 13:03:20,163 - sentence_transformers.SentenceTransformer - WARNING - No sentence-transformers model found with name RAG_system/model\sentence-transformers_paraphrase-multilingual-MiniLM-L12-v2. Creating a new one with mean pooling.
2025-08-10 13:03:20,958 - RAG_system.embedding_model - INFO - 正在保存嵌入模型信息
2025-08-10 13:03:20,961 - RAG_system.embedding_model - INFO - 嵌入模型信息已保存到: RAG_system/model\model_info.json
2025-08-10 13:03:20,962 - RAG_system.embedding_model - INFO - 嵌入模型加载成功，使用设备: cuda
2025-08-10 13:03:20,962 - RAG_system.vector_store - INFO - 向量存储管理器初始化成功
2025-08-10 13:03:20,962 - RAG_system.rag_manager - INFO - 检查向量存储路径: RAG_system/RAG/vector_store\index.faiss
2025-08-10 13:03:20,963 - RAG_system.rag_manager - INFO - 发现本地向量存储，正在加载
2025-08-10 13:03:20,963 - RAG_system.vector_store - INFO - 正在从路径加载向量存储: vector_store
2025-08-10 13:03:23,567 - RAG_system.vector_store - INFO - 向量存储加载成功
2025-08-10 13:03:23,568 - RAG_system.retriever - INFO - 正在创建检索器
2025-08-10 13:03:23,569 - RAG_system.retriever - INFO - 检索器创建成功
2025-08-10 13:03:23,569 - RAG_system.rag_manager - INFO - RAG管理器启动成功
2025-08-10 13:03:23,569 - nodes.c_rag_retrieval_node - INFO - RAG检索节点初始化完成
2025-08-10 13:03:23,570 - graph - INFO - 添加所有节点...
2025-08-10 13:03:23,573 - graph - INFO - 配置节点间的路由逻辑...
2025-08-10 13:03:23,573 - graph - INFO - 编译图...
2025-08-10 13:03:23,574 - graph - INFO - 中医智能对话系统图创建完成
2025-08-10 13:03:23,574 - graph - INFO - 开始执行图...
2025-08-10 13:03:23,575 - nodes.a_input_node - INFO - 输入处理节点启动
2025-08-10 13:03:23,575 - nodes.a_input_node - INFO - 处理用户输入成功: '我最近心慌心跳，失眠严重，腰酸腿软，小便频数，记忆力也不好了...'
2025-08-10 13:03:23,575 - nodes.b_safety_guard_node - INFO - 安全检查节点启动
2025-08-10 13:03:23,575 - nodes.b_safety_guard_node - INFO - 安全检查通过，未检测到紧急关键词
2025-08-10 13:03:23,577 - nodes.c_rag_retrieval_node - INFO - RAG检索节点启动
2025-08-10 13:03:23,577 - nodes.c_rag_retrieval_node - INFO - 执行检索，查询：我最近心慌心跳，失眠严重，腰酸腿软，小便频数，记忆力也不好了。，k值：4
2025-08-10 13:03:23,577 - RAG_system.retriever - INFO - 正在执行检索操作，查询: 我最近心慌心跳，失眠严重，腰酸腿软，小便频数，记忆力也不好了。
2025-08-10 13:03:23,620 - RAG_system.retriever - INFO - 检索完成，返回 4 个结果
2025-08-10 13:03:23,621 - nodes.c_rag_retrieval_node - INFO - 成功提取上下文，共4个文档
2025-08-10 13:03:25,236 - httpx - INFO - HTTP Request: POST https://dashscope.aliyuncs.com/compatible-mode/v1/chat/completions "HTTP/1.1 200 OK"
2025-08-10 13:03:25,238 - nodes.d_recognize_intent_node - INFO - 意图识别结果: diagnosis (置信度: 0.95)
2025-08-10 13:03:25,239 - nodes.e_symptom_extraction_node - INFO - 开始提取症状...
2025-08-10 13:03:36,791 - httpx - INFO - HTTP Request: POST https://dashscope.aliyuncs.com/compatible-mode/v1/chat/completions "HTTP/1.1 200 OK"
2025-08-10 13:03:36,798 - nodes.e_symptom_extraction_node - INFO - LLM原始输出: {'user_input': '我最近心慌心跳，失眠严重，腰酸腿软，小便频数，记忆力也不好了。', 'message_history': 'human: 我最近心慌心跳，失眠严重，腰酸腿软，小便频数，记忆力也不好了。', 'relevant_context': '[文档1] 来源: data/医藏-0869部/09伤寒-49本/09伤寒-49本/证治准绳伤寒-明-王肯堂.txt\n卷三\n\n\u3000\u3000阳明病\n\n\u3000\u3000（胃实不大便 自汗 不得卧 潮热 谵语 狂乱 循衣摸床 渴 呕）\n\n[文档2] 来源: data/医藏-0869部/09伤寒-49本/09伤寒-49本/伤寒证治准绳-明-王肯堂.txt\n卷三\n\n\u3000\u3000阳明病\n\n\u3000\u3000（胃实不大便 自汗 不得卧 潮热 谵语 狂乱 循衣摸床 渴 呕）\n\n[文档3] 来源: data/医藏-0869部/09医藏-0869部/09医藏-0869部/09伤寒-49本/伤寒证治准绳-明-王肯堂_20210525211840.txt\n卷三\n\n\u3000\u3000阳明病\n\n\u3000\u3000（胃实不大便 自汗 不得卧 潮热 谵语 狂乱 循衣摸床 渴 呕）\n\n[文档4] 来源: data/医藏-0869部/09医藏-0869部/09医藏-0869部/09伤寒-49本/证治准绳伤寒-明-王肯堂.txt\n卷三\n\n\u3000\u3000阳明病\n\n\u3000\u3000（胃实不大便 自汗 不得卧 潮热 谵语 狂乱 循衣摸床 渴 呕）\n', 'format_instructions': 'The output should be a markdown code snippet formatted in the following schema, including the leading and trailing "```json" and "```":\n\n```json\n{\n\t"symptoms": array  // 从用户描述中提取的症状列表，每个症状应包含症状名称、描述、严重程度和持续时间\n\t"missing_info": array  // 需要从用户那里获取的缺失信息列表，这些信息对诊断很重要\n\t"stage": string  // 当前会话阶段，应为\'symptom_collection\'\n}\n```', 'text': {'symptoms': [{'symptom_name': '心慌心跳', 'description': '我最近心慌心跳', 'severity': '未明确说明', 'duration': '最近'}, {'symptom_name': '失眠', 'description': '失眠严重', 'severity': '严重', 'duration': '最近'}, {'symptom_name': '腰酸腿软', 'description': '腰酸腿软', 'severity': '未明确说明', 'duration': '最近'}, {'symptom_name': '小便频数', 'description': '小便频数', 'severity': '未明确说明', 'duration': '最近'}, {'symptom_name': '记忆力下降', 'description': '记忆力也不好了', 'severity': '未明确说明', 'duration': '最近'}], 'missing_info': ['心慌心跳的具体频率或诱因（如运动、情绪波动等）？', '失眠是入睡困难、易醒还是早醒？每周发生几次？', '腰酸腿软是否伴随下肢无力、麻木或疼痛？是否与劳累有关？', '小便频数是白天多、夜间多，还是全天均频？每次尿量多吗？是否有尿急、尿痛？', '记忆力下降的具体表现（如忘记近期事件、注意力不集中等）？持续多久了？', '是否有其他伴随症状，如头晕、乏力、多汗、口干、耳鸣等？', '症状开始的具体时间（几天/几周/几个月前）？', '既往是否有高血压、糖尿病、肾病、甲状腺疾病或神经系统疾病？', '近期是否有精神压力、情绪波动或睡眠环境改变？', '是否正在服用任何药物或保健品？'], 'stage': 'symptom_collection'}}
2025-08-10 13:03:36,798 - nodes.e_symptom_extraction_node - INFO - 解析后的输出: {'symptoms': [{'symptom_name': '心慌心跳', 'description': '我最近心慌心跳', 'severity': '未明确说明', 'duration': '最近'}, {'symptom_name': '失眠', 'description': '失眠严重', 'severity': '严重', 'duration': '最近'}, {'symptom_name': '腰酸腿软', 'description': '腰酸腿软', 'severity': '未明确说明', 'duration': '最近'}, {'symptom_name': '小便频数', 'description': '小便频数', 'severity': '未明确说明', 'duration': '最近'}, {'symptom_name': '记忆力下降', 'description': '记忆力也不好了', 'severity': '未明确说明', 'duration': '最近'}], 'missing_info': ['心慌心跳的具体频率或诱因（如运动、情绪波动等）？', '失眠是入睡困难、易醒还是早醒？每周发生几次？', '腰酸腿软是否伴随下肢无力、麻木或疼痛？是否与劳累有关？', '小便频数是白天多、夜间多，还是全天均频？每次尿量多吗？是否有尿急、尿痛？', '记忆力下降的具体表现（如忘记近期事件、注意力不集中等）？持续多久了？', '是否有其他伴随症状，如头晕、乏力、多汗、口干、耳鸣等？', '症状开始的具体时间（几天/几周/几个月前）？', '既往是否有高血压、糖尿病、肾病、甲状腺疾病或神经系统疾病？', '近期是否有精神压力、情绪波动或睡眠环境改变？', '是否正在服用任何药物或保健品？'], 'stage': 'symptom_collection'}
2025-08-10 13:03:36,800 - nodes.e_symptom_extraction_node - INFO - 症状: [{'symptom_name': '心慌心跳', 'description': '我最近心慌心跳', 'severity': '未明确说明', 'duration': '最近'}, {'symptom_name': '失眠', 'description': '失眠严重', 'severity': '严重', 'duration': '最近'}, {'symptom_name': '腰酸腿软', 'description': '腰酸腿软', 'severity': '未明确说明', 'duration': '最近'}, {'symptom_name': '小便频数', 'description': '小便频数', 'severity': '未明确说明', 'duration': '最近'}, {'symptom_name': '记忆力下降', 'description': '记忆力也不好了', 'severity': '未明确说明', 'duration': '最近'}]
2025-08-10 13:03:36,800 - nodes.e_symptom_extraction_node - INFO - 缺失信息: ['心慌心跳的具体频率或诱因（如运动、情绪波动等）？', '失眠是入睡困难、易醒还是早醒？每周发生几次？', '腰酸腿软是否伴随下肢无力、麻木或疼痛？是否与劳累有关？', '小便频数是白天多、夜间多，还是全天均频？每次尿量多吗？是否有尿急、尿痛？', '记忆力下降的具体表现（如忘记近期事件、注意力不集中等）？持续多久了？', '是否有其他伴随症状，如头晕、乏力、多汗、口干、耳鸣等？', '症状开始的具体时间（几天/几周/几个月前）？', '既往是否有高血压、糖尿病、肾病、甲状腺疾病或神经系统疾病？', '近期是否有精神压力、情绪波动或睡眠环境改变？', '是否正在服用任何药物或保健品？']
2025-08-10 13:03:36,800 - nodes.e_symptom_extraction_node - INFO - 提取到 5 个症状和 10 个缺失信息
2025-08-10 13:03:36,801 - nodes.e_symptom_extraction_node - INFO - 症状信息充足，路由到诊断节点
2025-08-10 13:03:36,802 - nodes.f_follow_up_question_node - INFO - 生成追问，共有 10 个缺失信息点
2025-08-10 13:03:37,009 - httpx - INFO - HTTP Request: POST https://api.deepseek.com/chat/completions "HTTP/1.1 200 OK"
2025-08-10 13:03:51,579 - nodes.f_follow_up_question_node - INFO - 生成的追问: 我理解您最近出现了心慌、失眠、腰酸腿软、小便频繁和记忆力下降等多种不适，这些症状确实会让人感到困扰。为了更准确地评估您的健康状况，我需要进一步了解一些细节：

关于心慌的情况，您是否能感觉到心跳大概每...
2025-08-10 13:03:51,582 - nodes.k_output_node - INFO - 输出处理完成，返回最终状态
2025-08-10 13:03:51,583 - graph - INFO - 图执行完成
2025-08-10 13:03:51,697 - TCMGraphTest - INFO - 执行成功: True
2025-08-10 13:03:51,697 - TCMGraphTest - INFO - 用户意图: diagnosis
2025-08-10 13:03:51,698 - TCMGraphTest - INFO - 提取症状数: 5
2025-08-10 13:03:51,698 - TCMGraphTest - INFO - 对话状态: awaiting_follow_up
2025-08-10 13:03:51,698 - TCMGraphTest - INFO - 响应长度: 416
2025-08-10 13:03:51,698 - TCMGraphTest - INFO - 响应时间: 31.54秒
2025-08-10 13:03:51,699 - TCMGraphTest - INFO - 紧急情况检测: False
2025-08-10 13:03:51,699 - TCMGraphTest - INFO - 安全评分: N/A
2025-08-10 13:03:51,699 - TCMGraphTest - INFO - 整体质量评分: 100.0/100
2025-08-10 13:03:51,700 - TCMGraphTest - INFO - ------------------------------------------------------------
2025-08-10 13:03:51,700 - TCMGraphTest - INFO - 执行测试 8/12
2025-08-10 13:03:51,700 - TCMGraphTest - INFO - 测试用例: 边界测试 - 空输入
2025-08-10 13:03:51,700 - TCMGraphTest - INFO - 用户输入: 
2025-08-10 13:03:51,701 - graph - INFO - 开始处理用户输入: 
2025-08-10 13:03:51,701 - graph - INFO - 开始创建中医智能对话系统图...
2025-08-10 13:03:51,701 - nodes.c_rag_retrieval_node - INFO - 初始化RAG检索节点
2025-08-10 13:03:51,701 - RAG_system.embedding_model - INFO - 检测到GPU设备: NVIDIA GeForce RTX 4070 Laptop GPU, 共 1 个GPU
2025-08-10 13:03:51,702 - RAG_system.embedding_model - INFO - 嵌入模型管理器初始化成功，使用设备: cuda
2025-08-10 13:03:51,702 - RAG_system.retriever - INFO - 检索管理器初始化成功
2025-08-10 13:03:51,702 - RAG_system.embedding_model - INFO - 检测到GPU设备: NVIDIA GeForce RTX 4070 Laptop GPU, 共 1 个GPU
2025-08-10 13:03:51,702 - RAG_system.rag_manager - INFO - RAG管理器初始化成功，使用设备: cuda
2025-08-10 13:03:51,702 - RAG_system.rag_manager - INFO - 正在启动RAG管理器
2025-08-10 13:03:51,702 - RAG_system.rag_manager - INFO - 发现本地嵌入模型信息，正在加载
2025-08-10 13:03:51,703 - RAG_system.embedding_model - INFO - 正在加载嵌入模型: sentence-transformers/paraphrase-multilingual-MiniLM-L12-v2
2025-08-10 13:03:51,704 - RAG_system.embedding_model - INFO - 从本地加载嵌入模型: RAG_system/model\sentence-transformers_paraphrase-multilingual-MiniLM-L12-v2
2025-08-10 13:03:51,706 - sentence_transformers.SentenceTransformer - INFO - Load pretrained SentenceTransformer: RAG_system/model\sentence-transformers_paraphrase-multilingual-MiniLM-L12-v2
2025-08-10 13:03:51,706 - sentence_transformers.SentenceTransformer - WARNING - No sentence-transformers model found with name RAG_system/model\sentence-transformers_paraphrase-multilingual-MiniLM-L12-v2. Creating a new one with mean pooling.
2025-08-10 13:03:52,525 - RAG_system.embedding_model - INFO - 正在保存嵌入模型信息
2025-08-10 13:03:52,529 - RAG_system.embedding_model - INFO - 嵌入模型信息已保存到: RAG_system/model\model_info.json
2025-08-10 13:03:52,530 - RAG_system.embedding_model - INFO - 嵌入模型加载成功，使用设备: cuda
2025-08-10 13:03:52,531 - RAG_system.vector_store - INFO - 向量存储管理器初始化成功
2025-08-10 13:03:52,531 - RAG_system.rag_manager - INFO - 检查向量存储路径: RAG_system/RAG/vector_store\index.faiss
2025-08-10 13:03:52,531 - RAG_system.rag_manager - INFO - 发现本地向量存储，正在加载
2025-08-10 13:03:52,531 - RAG_system.vector_store - INFO - 正在从路径加载向量存储: vector_store
2025-08-10 13:03:54,391 - RAG_system.vector_store - INFO - 向量存储加载成功
2025-08-10 13:03:54,392 - RAG_system.retriever - INFO - 正在创建检索器
2025-08-10 13:03:54,393 - RAG_system.retriever - INFO - 检索器创建成功
2025-08-10 13:03:54,393 - RAG_system.rag_manager - INFO - RAG管理器启动成功
2025-08-10 13:03:54,394 - nodes.c_rag_retrieval_node - INFO - RAG检索节点初始化完成
2025-08-10 13:03:54,394 - graph - INFO - 添加所有节点...
2025-08-10 13:03:54,396 - graph - INFO - 配置节点间的路由逻辑...
2025-08-10 13:03:54,397 - graph - INFO - 编译图...
2025-08-10 13:03:54,398 - graph - INFO - 中医智能对话系统图创建完成
2025-08-10 13:03:54,398 - graph - INFO - 开始执行图...
2025-08-10 13:03:54,400 - nodes.a_input_node - INFO - 输入处理节点启动
2025-08-10 13:03:54,400 - nodes.a_input_node - WARNING - 输入无效：空或仅包含空白字符
2025-08-10 13:03:54,400 - nodes.k_output_node - INFO - 输出处理完成，返回最终状态
2025-08-10 13:03:54,401 - graph - INFO - 图执行完成
2025-08-10 13:03:54,510 - TCMGraphTest - INFO - 执行成功: False
2025-08-10 13:03:54,510 - TCMGraphTest - INFO - 用户意图: None
2025-08-10 13:03:54,510 - TCMGraphTest - ERROR - 测试用例执行失败: object of type 'NoneType' has no len()
Traceback (most recent call last):
  File "F:\Files\比赛\挑战杯++\专项赛3\AI chatbot\V2\tests\graph_test.py", line 244, in run_test_case
    logger.info(f"提取症状数: {len(result.get('symptoms_list', []))}")
                               ^^^^^^^^^^^^^^^^^^^^^^^^^^^^^^^^^^^^
TypeError: object of type 'NoneType' has no len()
2025-08-10 13:03:54,512 - TCMGraphTest - INFO - ------------------------------------------------------------
2025-08-10 13:03:54,512 - TCMGraphTest - INFO - 执行测试 9/12
2025-08-10 13:03:54,512 - TCMGraphTest - INFO - 测试用例: 边界测试 - 模糊症状
2025-08-10 13:03:54,512 - TCMGraphTest - INFO - 用户输入: 我感觉不舒服
2025-08-10 13:03:54,512 - graph - INFO - 开始处理用户输入: 我感觉不舒服
2025-08-10 13:03:54,512 - graph - INFO - 开始创建中医智能对话系统图...
2025-08-10 13:03:54,512 - nodes.c_rag_retrieval_node - INFO - 初始化RAG检索节点
2025-08-10 13:03:54,513 - RAG_system.embedding_model - INFO - 检测到GPU设备: NVIDIA GeForce RTX 4070 Laptop GPU, 共 1 个GPU
2025-08-10 13:03:54,513 - RAG_system.embedding_model - INFO - 嵌入模型管理器初始化成功，使用设备: cuda
2025-08-10 13:03:54,513 - RAG_system.retriever - INFO - 检索管理器初始化成功
2025-08-10 13:03:54,514 - RAG_system.embedding_model - INFO - 检测到GPU设备: NVIDIA GeForce RTX 4070 Laptop GPU, 共 1 个GPU
2025-08-10 13:03:54,514 - RAG_system.rag_manager - INFO - RAG管理器初始化成功，使用设备: cuda
2025-08-10 13:03:54,514 - RAG_system.rag_manager - INFO - 正在启动RAG管理器
2025-08-10 13:03:54,514 - RAG_system.rag_manager - INFO - 发现本地嵌入模型信息，正在加载
2025-08-10 13:03:54,516 - RAG_system.embedding_model - INFO - 正在加载嵌入模型: sentence-transformers/paraphrase-multilingual-MiniLM-L12-v2
2025-08-10 13:03:54,516 - RAG_system.embedding_model - INFO - 从本地加载嵌入模型: RAG_system/model\sentence-transformers_paraphrase-multilingual-MiniLM-L12-v2
2025-08-10 13:03:54,518 - sentence_transformers.SentenceTransformer - INFO - Load pretrained SentenceTransformer: RAG_system/model\sentence-transformers_paraphrase-multilingual-MiniLM-L12-v2
2025-08-10 13:03:54,519 - sentence_transformers.SentenceTransformer - WARNING - No sentence-transformers model found with name RAG_system/model\sentence-transformers_paraphrase-multilingual-MiniLM-L12-v2. Creating a new one with mean pooling.
2025-08-10 13:03:55,201 - RAG_system.embedding_model - INFO - 正在保存嵌入模型信息
2025-08-10 13:03:55,204 - RAG_system.embedding_model - INFO - 嵌入模型信息已保存到: RAG_system/model\model_info.json
2025-08-10 13:03:55,204 - RAG_system.embedding_model - INFO - 嵌入模型加载成功，使用设备: cuda
2025-08-10 13:03:55,205 - RAG_system.vector_store - INFO - 向量存储管理器初始化成功
2025-08-10 13:03:55,206 - RAG_system.rag_manager - INFO - 检查向量存储路径: RAG_system/RAG/vector_store\index.faiss
2025-08-10 13:03:55,206 - RAG_system.rag_manager - INFO - 发现本地向量存储，正在加载
2025-08-10 13:03:55,206 - RAG_system.vector_store - INFO - 正在从路径加载向量存储: vector_store
2025-08-10 13:03:57,773 - RAG_system.vector_store - INFO - 向量存储加载成功
2025-08-10 13:03:57,774 - RAG_system.retriever - INFO - 正在创建检索器
2025-08-10 13:03:57,774 - RAG_system.retriever - INFO - 检索器创建成功
2025-08-10 13:03:57,775 - RAG_system.rag_manager - INFO - RAG管理器启动成功
2025-08-10 13:03:57,775 - nodes.c_rag_retrieval_node - INFO - RAG检索节点初始化完成
2025-08-10 13:03:57,775 - graph - INFO - 添加所有节点...
2025-08-10 13:03:57,778 - graph - INFO - 配置节点间的路由逻辑...
2025-08-10 13:03:57,778 - graph - INFO - 编译图...
2025-08-10 13:03:57,780 - graph - INFO - 中医智能对话系统图创建完成
2025-08-10 13:03:57,780 - graph - INFO - 开始执行图...
2025-08-10 13:03:57,781 - nodes.a_input_node - INFO - 输入处理节点启动
2025-08-10 13:03:57,781 - nodes.a_input_node - INFO - 处理用户输入成功: '我感觉不舒服'
2025-08-10 13:03:57,782 - nodes.b_safety_guard_node - INFO - 安全检查节点启动
2025-08-10 13:03:57,782 - nodes.b_safety_guard_node - INFO - 安全检查通过，未检测到紧急关键词
2025-08-10 13:03:57,783 - nodes.c_rag_retrieval_node - INFO - RAG检索节点启动
2025-08-10 13:03:57,783 - nodes.c_rag_retrieval_node - INFO - 执行检索，查询：我感觉不舒服，k值：4
2025-08-10 13:03:57,784 - RAG_system.retriever - INFO - 正在执行检索操作，查询: 我感觉不舒服
2025-08-10 13:03:57,824 - RAG_system.retriever - INFO - 检索完成，返回 4 个结果
2025-08-10 13:03:57,825 - nodes.c_rag_retrieval_node - INFO - 成功提取上下文，共4个文档
2025-08-10 13:03:58,871 - httpx - INFO - HTTP Request: POST https://dashscope.aliyuncs.com/compatible-mode/v1/chat/completions "HTTP/1.1 200 OK"
2025-08-10 13:03:58,875 - nodes.d_recognize_intent_node - INFO - 意图识别结果: diagnosis (置信度: 1.0)
2025-08-10 13:03:58,877 - nodes.e_symptom_extraction_node - INFO - 开始提取症状...
2025-08-10 13:04:04,223 - httpx - INFO - HTTP Request: POST https://dashscope.aliyuncs.com/compatible-mode/v1/chat/completions "HTTP/1.1 200 OK"
2025-08-10 13:04:04,230 - nodes.e_symptom_extraction_node - INFO - LLM原始输出: {'user_input': '我感觉不舒服', 'message_history': 'human: 我感觉不舒服', 'relevant_context': '[文档1] 来源: data/医藏-0869部/14医部全录-123本/14医部全录-123本/医部全录卷335至卷358-伤寒门.txt\n并病\n\n[文档2] 来源: data/医藏-0869部/09医藏-0869部/09医藏-0869部/14医部全录-123本/医部全录卷335至卷358-伤寒门.txt\n并病\n\n[文档3] 来源: data/医藏-0869部/09医藏-0869部/09医藏-0869部/14医部全录-123本/医部全录卷180至卷185-胸腹门.txt\n心痛\n\n[文档4] 来源: data/医藏-0869部/14医部全录-123本/14医部全录-123本/医部全录卷180至卷185-胸腹门.txt\n心痛\n', 'format_instructions': 'The output should be a markdown code snippet formatted in the following schema, including the leading and trailing "```json" and "```":\n\n```json\n{\n\t"symptoms": array  // 从用户描述中提取的症状列表，每个症状应包含症状名称、描述、严重程度和持续时间\n\t"missing_info": array  // 需要从用户那里获取的缺失信息列表，这些信息对诊断很重要\n\t"stage": string  // 当前会话阶段，应为\'symptom_collection\'\n}\n```', 'text': {'symptoms': [{'symptom': '不适', 'description': '我感觉不舒服', 'severity': None, 'duration': None}], 'missing_info': ['具体有哪些部位感到不适（如头部、胸部、腹部等）？', '不适的性质是什么（如疼痛、头晕、恶心等）？', '这种不适持续了多长时间？', '不适是持续性的还是间歇性的？', '是否有加重或缓解的因素？', '是否伴有其他症状（如发热、咳嗽、呕吐等）？', '既往是否有类似症状或相关病史？'], 'stage': 'symptom_collection'}}
2025-08-10 13:04:04,231 - nodes.e_symptom_extraction_node - INFO - 解析后的输出: {'symptoms': [{'symptom': '不适', 'description': '我感觉不舒服', 'severity': None, 'duration': None}], 'missing_info': ['具体有哪些部位感到不适（如头部、胸部、腹部等）？', '不适的性质是什么（如疼痛、头晕、恶心等）？', '这种不适持续了多长时间？', '不适是持续性的还是间歇性的？', '是否有加重或缓解的因素？', '是否伴有其他症状（如发热、咳嗽、呕吐等）？', '既往是否有类似症状或相关病史？'], 'stage': 'symptom_collection'}
2025-08-10 13:04:04,232 - nodes.e_symptom_extraction_node - INFO - 症状: [{'symptom': '不适', 'description': '我感觉不舒服', 'severity': None, 'duration': None}]
2025-08-10 13:04:04,232 - nodes.e_symptom_extraction_node - INFO - 缺失信息: ['具体有哪些部位感到不适（如头部、胸部、腹部等）？', '不适的性质是什么（如疼痛、头晕、恶心等）？', '这种不适持续了多长时间？', '不适是持续性的还是间歇性的？', '是否有加重或缓解的因素？', '是否伴有其他症状（如发热、咳嗽、呕吐等）？', '既往是否有类似症状或相关病史？']
2025-08-10 13:04:04,232 - nodes.e_symptom_extraction_node - INFO - 提取到 1 个症状和 7 个缺失信息
2025-08-10 13:04:04,233 - nodes.e_symptom_extraction_node - INFO - 需要更多信息，路由到后续问题节点
2025-08-10 13:04:04,233 - nodes.f_follow_up_question_node - INFO - 生成追问，共有 7 个缺失信息点
2025-08-10 13:04:04,400 - httpx - INFO - HTTP Request: POST https://api.deepseek.com/chat/completions "HTTP/1.1 200 OK"
2025-08-10 13:04:19,548 - nodes.f_follow_up_question_node - INFO - 生成的追问: "感谢您分享这些信息。为了更好地了解您的不适并提供帮助，我需要进一步询问一些细节。您能具体描述一下是身体的哪个部位感到不舒服吗？比如是头部、胸部、腹部还是其他部位？另外，这种不适是什么样的感觉——是疼...
2025-08-10 13:04:19,550 - nodes.k_output_node - INFO - 输出处理完成，返回最终状态
2025-08-10 13:04:19,550 - graph - INFO - 图执行完成
2025-08-10 13:04:19,663 - TCMGraphTest - INFO - 执行成功: True
2025-08-10 13:04:19,664 - TCMGraphTest - INFO - 用户意图: diagnosis
2025-08-10 13:04:19,664 - TCMGraphTest - INFO - 提取症状数: 1
2025-08-10 13:04:19,665 - TCMGraphTest - INFO - 对话状态: awaiting_follow_up
2025-08-10 13:04:19,665 - TCMGraphTest - INFO - 响应长度: 395
2025-08-10 13:04:19,665 - TCMGraphTest - INFO - 响应时间: 25.15秒
2025-08-10 13:04:19,667 - TCMGraphTest - INFO - 紧急情况检测: False
2025-08-10 13:04:19,667 - TCMGraphTest - INFO - 安全评分: N/A
2025-08-10 13:04:19,667 - TCMGraphTest - INFO - 整体质量评分: 100.0/100
2025-08-10 13:04:19,667 - TCMGraphTest - INFO - ------------------------------------------------------------
2025-08-10 13:04:19,667 - TCMGraphTest - INFO - 执行测试 10/12
2025-08-10 13:04:19,667 - TCMGraphTest - INFO - 测试用例: 复杂症状组合 - 肝肾阴虚
2025-08-10 13:04:19,667 - TCMGraphTest - INFO - 用户输入: 医生，我头晕耳鸣，腰膝酸软，口干咽燥，手心脚心发热，夜间盗汗，失眠多梦，眼睛干涩，月经不调。
2025-08-10 13:04:19,668 - graph - INFO - 开始处理用户输入: 医生，我头晕耳鸣，腰膝酸软，口干咽燥，手心脚心发热，夜间盗汗，失眠多梦，眼睛干涩，月经不调。
2025-08-10 13:04:19,668 - graph - INFO - 开始创建中医智能对话系统图...
2025-08-10 13:04:19,668 - nodes.c_rag_retrieval_node - INFO - 初始化RAG检索节点
2025-08-10 13:04:19,668 - RAG_system.embedding_model - INFO - 检测到GPU设备: NVIDIA GeForce RTX 4070 Laptop GPU, 共 1 个GPU
2025-08-10 13:04:19,669 - RAG_system.embedding_model - INFO - 嵌入模型管理器初始化成功，使用设备: cuda
2025-08-10 13:04:19,669 - RAG_system.retriever - INFO - 检索管理器初始化成功
2025-08-10 13:04:19,669 - RAG_system.embedding_model - INFO - 检测到GPU设备: NVIDIA GeForce RTX 4070 Laptop GPU, 共 1 个GPU
2025-08-10 13:04:19,669 - RAG_system.rag_manager - INFO - RAG管理器初始化成功，使用设备: cuda
2025-08-10 13:04:19,669 - RAG_system.rag_manager - INFO - 正在启动RAG管理器
2025-08-10 13:04:19,671 - RAG_system.rag_manager - INFO - 发现本地嵌入模型信息，正在加载
2025-08-10 13:04:19,672 - RAG_system.embedding_model - INFO - 正在加载嵌入模型: sentence-transformers/paraphrase-multilingual-MiniLM-L12-v2
2025-08-10 13:04:19,672 - RAG_system.embedding_model - INFO - 从本地加载嵌入模型: RAG_system/model\sentence-transformers_paraphrase-multilingual-MiniLM-L12-v2
2025-08-10 13:04:19,674 - sentence_transformers.SentenceTransformer - INFO - Load pretrained SentenceTransformer: RAG_system/model\sentence-transformers_paraphrase-multilingual-MiniLM-L12-v2
2025-08-10 13:04:19,674 - sentence_transformers.SentenceTransformer - WARNING - No sentence-transformers model found with name RAG_system/model\sentence-transformers_paraphrase-multilingual-MiniLM-L12-v2. Creating a new one with mean pooling.
2025-08-10 13:04:20,367 - RAG_system.embedding_model - INFO - 正在保存嵌入模型信息
2025-08-10 13:04:20,371 - RAG_system.embedding_model - INFO - 嵌入模型信息已保存到: RAG_system/model\model_info.json
2025-08-10 13:04:20,371 - RAG_system.embedding_model - INFO - 嵌入模型加载成功，使用设备: cuda
2025-08-10 13:04:20,372 - RAG_system.vector_store - INFO - 向量存储管理器初始化成功
2025-08-10 13:04:20,372 - RAG_system.rag_manager - INFO - 检查向量存储路径: RAG_system/RAG/vector_store\index.faiss
2025-08-10 13:04:20,372 - RAG_system.rag_manager - INFO - 发现本地向量存储，正在加载
2025-08-10 13:04:20,372 - RAG_system.vector_store - INFO - 正在从路径加载向量存储: vector_store
2025-08-10 13:04:22,201 - RAG_system.vector_store - INFO - 向量存储加载成功
2025-08-10 13:04:22,202 - RAG_system.retriever - INFO - 正在创建检索器
2025-08-10 13:04:22,202 - RAG_system.retriever - INFO - 检索器创建成功
2025-08-10 13:04:22,203 - RAG_system.rag_manager - INFO - RAG管理器启动成功
2025-08-10 13:04:22,203 - nodes.c_rag_retrieval_node - INFO - RAG检索节点初始化完成
2025-08-10 13:04:22,204 - graph - INFO - 添加所有节点...
2025-08-10 13:04:22,206 - graph - INFO - 配置节点间的路由逻辑...
2025-08-10 13:04:22,207 - graph - INFO - 编译图...
2025-08-10 13:04:22,208 - graph - INFO - 中医智能对话系统图创建完成
2025-08-10 13:04:22,208 - graph - INFO - 开始执行图...
2025-08-10 13:04:22,208 - nodes.a_input_node - INFO - 输入处理节点启动
2025-08-10 13:04:22,210 - nodes.a_input_node - INFO - 处理用户输入成功: '医生，我头晕耳鸣，腰膝酸软，口干咽燥，手心脚心发热，夜间盗汗...'
2025-08-10 13:04:22,210 - nodes.b_safety_guard_node - INFO - 安全检查节点启动
2025-08-10 13:04:22,211 - nodes.b_safety_guard_node - INFO - 安全检查通过，未检测到紧急关键词
2025-08-10 13:04:22,211 - nodes.c_rag_retrieval_node - INFO - RAG检索节点启动
2025-08-10 13:04:22,211 - nodes.c_rag_retrieval_node - INFO - 执行检索，查询：医生，我头晕耳鸣，腰膝酸软，口干咽燥，手心脚心发热，夜间盗汗，失眠多梦，眼睛干涩，月经不调。，k值：4
2025-08-10 13:04:22,212 - RAG_system.retriever - INFO - 正在执行检索操作，查询: 医生，我头晕耳鸣，腰膝酸软，口干咽燥，手心脚心发热，夜间盗汗，失眠多梦，眼睛干涩，月经不调。
2025-08-10 13:04:22,246 - RAG_system.retriever - INFO - 检索完成，返回 4 个结果
2025-08-10 13:04:22,246 - nodes.c_rag_retrieval_node - INFO - 成功提取上下文，共4个文档
2025-08-10 13:04:23,926 - httpx - INFO - HTTP Request: POST https://dashscope.aliyuncs.com/compatible-mode/v1/chat/completions "HTTP/1.1 200 OK"
2025-08-10 13:04:23,932 - nodes.d_recognize_intent_node - INFO - 意图识别结果: diagnosis (置信度: 1.0)
2025-08-10 13:04:23,933 - nodes.e_symptom_extraction_node - INFO - 开始提取症状...
2025-08-10 13:04:37,741 - httpx - INFO - HTTP Request: POST https://dashscope.aliyuncs.com/compatible-mode/v1/chat/completions "HTTP/1.1 200 OK"
2025-08-10 13:04:37,758 - nodes.e_symptom_extraction_node - INFO - LLM原始输出: {'user_input': '医生，我头晕耳鸣，腰膝酸软，口干咽燥，手心脚心发热，夜间盗汗，失眠多梦，眼睛干涩，月经不调。', 'message_history': 'human: 医生，我头晕耳鸣，腰膝酸软，口干咽燥，手心脚心发热，夜间盗汗，失眠多梦，眼睛干涩，月经不调。', 'relevant_context': '[文档1] 来源: data/医藏-0869部/09伤寒-49本/09伤寒-49本/伤寒证治准绳-明-王肯堂.txt\n卷三\n\n\u3000\u3000阳明病\n\n\u3000\u3000（胃实不大便 自汗 不得卧 潮热 谵语 狂乱 循衣摸床 渴 呕）\n\n[文档2] 来源: data/医藏-0869部/09伤寒-49本/09伤寒-49本/证治准绳伤寒-明-王肯堂.txt\n卷三\n\n\u3000\u3000阳明病\n\n\u3000\u3000（胃实不大便 自汗 不得卧 潮热 谵语 狂乱 循衣摸床 渴 呕）\n\n[文档3] 来源: data/医藏-0869部/09医藏-0869部/09医藏-0869部/09伤寒-49本/伤寒证治准绳-明-王肯堂_20210525211840.txt\n卷三\n\n\u3000\u3000阳明病\n\n\u3000\u3000（胃实不大便 自汗 不得卧 潮热 谵语 狂乱 循衣摸床 渴 呕）\n\n[文档4] 来源: data/医藏-0869部/09医藏-0869部/09医藏-0869部/09伤寒-49本/证治准绳伤寒-明-王肯堂.txt\n卷三\n\n\u3000\u3000阳明病\n\n\u3000\u3000（胃实不大便 自汗 不得卧 潮热 谵语 狂乱 循衣摸床 渴 呕）\n', 'format_instructions': 'The output should be a markdown code snippet formatted in the following schema, including the leading and trailing "```json" and "```":\n\n```json\n{\n\t"symptoms": array  // 从用户描述中提取的症状列表，每个症状应包含症状名称、描述、严重程度和持续时间\n\t"missing_info": array  // 需要从用户那里获取的缺失信息列表，这些信息对诊断很重要\n\t"stage": string  // 当前会话阶段，应为\'symptom_collection\'\n}\n```', 'text': {'symptoms': [{'symptom_name': '头晕', 'description': '头晕', 'severity': None, 'duration': None}, {'symptom_name': '耳鸣', 'description': '耳鸣', 'severity': None, 'duration': None}, {'symptom_name': '腰膝酸软', 'description': '腰膝酸软', 'severity': None, 'duration': None}, {'symptom_name': '口干咽燥', 'description': '口干咽燥', 'severity': None, 'duration': None}, {'symptom_name': '手心脚心发热', 'description': '手心脚心发热', 'severity': None, 'duration': None}, {'symptom_name': '夜间盗汗', 'description': '夜间盗汗', 'severity': None, 'duration': None}, {'symptom_name': '失眠多梦', 'description': '失眠多梦', 'severity': None, 'duration': None}, {'symptom_name': '眼睛干涩', 'description': '眼睛干涩', 'severity': None, 'duration': None}, {'symptom_name': '月经不调', 'description': '月经不调', 'severity': None, 'duration': None}], 'missing_info': ['头晕的发作频率和持续时间是怎样的？是否伴随头痛或视力模糊？', '耳鸣是单侧还是双侧？是否有听力下降？', '腰膝酸软是否在劳累后加重？是否有下肢无力或麻木？', '口干咽燥是否持续存在？是否需要夜间频繁饮水？', '手心脚心发热是否与情绪波动有关？是否有午后潮热？', '夜间盗汗的程度如何？是否需要更换衣物或床单？', '失眠多梦的具体表现是什么？入睡困难、易醒还是早醒？', '眼睛干涩是否伴有视物模糊或眼疲劳？是否使用电子屏幕较多？', '月经不调具体表现为周期延长或缩短？经量增多或减少？是否有痛经？', '是否有其他伴随症状，如心悸、乏力、体重变化等？', '既往是否有慢性疾病史，如糖尿病、甲状腺疾病或妇科疾病？', '近期是否有精神压力大、情绪波动或睡眠环境改变？'], 'stage': 'symptom_collection'}}
2025-08-10 13:04:37,760 - nodes.e_symptom_extraction_node - INFO - 解析后的输出: {'symptoms': [{'symptom_name': '头晕', 'description': '头晕', 'severity': None, 'duration': None}, {'symptom_name': '耳鸣', 'description': '耳鸣', 'severity': None, 'duration': None}, {'symptom_name': '腰膝酸软', 'description': '腰膝酸软', 'severity': None, 'duration': None}, {'symptom_name': '口干咽燥', 'description': '口干咽燥', 'severity': None, 'duration': None}, {'symptom_name': '手心脚心发热', 'description': '手心脚心发热', 'severity': None, 'duration': None}, {'symptom_name': '夜间盗汗', 'description': '夜间盗汗', 'severity': None, 'duration': None}, {'symptom_name': '失眠多梦', 'description': '失眠多梦', 'severity': None, 'duration': None}, {'symptom_name': '眼睛干涩', 'description': '眼睛干涩', 'severity': None, 'duration': None}, {'symptom_name': '月经不调', 'description': '月经不调', 'severity': None, 'duration': None}], 'missing_info': ['头晕的发作频率和持续时间是怎样的？是否伴随头痛或视力模糊？', '耳鸣是单侧还是双侧？是否有听力下降？', '腰膝酸软是否在劳累后加重？是否有下肢无力或麻木？', '口干咽燥是否持续存在？是否需要夜间频繁饮水？', '手心脚心发热是否与情绪波动有关？是否有午后潮热？', '夜间盗汗的程度如何？是否需要更换衣物或床单？', '失眠多梦的具体表现是什么？入睡困难、易醒还是早醒？', '眼睛干涩是否伴有视物模糊或眼疲劳？是否使用电子屏幕较多？', '月经不调具体表现为周期延长或缩短？经量增多或减少？是否有痛经？', '是否有其他伴随症状，如心悸、乏力、体重变化等？', '既往是否有慢性疾病史，如糖尿病、甲状腺疾病或妇科疾病？', '近期是否有精神压力大、情绪波动或睡眠环境改变？'], 'stage': 'symptom_collection'}
2025-08-10 13:04:37,760 - nodes.e_symptom_extraction_node - INFO - 症状: [{'symptom_name': '头晕', 'description': '头晕', 'severity': None, 'duration': None}, {'symptom_name': '耳鸣', 'description': '耳鸣', 'severity': None, 'duration': None}, {'symptom_name': '腰膝酸软', 'description': '腰膝酸软', 'severity': None, 'duration': None}, {'symptom_name': '口干咽燥', 'description': '口干咽燥', 'severity': None, 'duration': None}, {'symptom_name': '手心脚心发热', 'description': '手心脚心发热', 'severity': None, 'duration': None}, {'symptom_name': '夜间盗汗', 'description': '夜间盗汗', 'severity': None, 'duration': None}, {'symptom_name': '失眠多梦', 'description': '失眠多梦', 'severity': None, 'duration': None}, {'symptom_name': '眼睛干涩', 'description': '眼睛干涩', 'severity': None, 'duration': None}, {'symptom_name': '月经不调', 'description': '月经不调', 'severity': None, 'duration': None}]
2025-08-10 13:04:37,762 - nodes.e_symptom_extraction_node - INFO - 缺失信息: ['头晕的发作频率和持续时间是怎样的？是否伴随头痛或视力模糊？', '耳鸣是单侧还是双侧？是否有听力下降？', '腰膝酸软是否在劳累后加重？是否有下肢无力或麻木？', '口干咽燥是否持续存在？是否需要夜间频繁饮水？', '手心脚心发热是否与情绪波动有关？是否有午后潮热？', '夜间盗汗的程度如何？是否需要更换衣物或床单？', '失眠多梦的具体表现是什么？入睡困难、易醒还是早醒？', '眼睛干涩是否伴有视物模糊或眼疲劳？是否使用电子屏幕较多？', '月经不调具体表现为周期延长或缩短？经量增多或减少？是否有痛经？', '是否有其他伴随症状，如心悸、乏力、体重变化等？', '既往是否有慢性疾病史，如糖尿病、甲状腺疾病或妇科疾病？', '近期是否有精神压力大、情绪波动或睡眠环境改变？']
2025-08-10 13:04:37,762 - nodes.e_symptom_extraction_node - INFO - 提取到 9 个症状和 12 个缺失信息
2025-08-10 13:04:37,763 - nodes.e_symptom_extraction_node - INFO - 症状信息充足，路由到诊断节点
2025-08-10 13:04:37,763 - nodes.f_follow_up_question_node - INFO - 生成追问，共有 12 个缺失信息点
2025-08-10 13:04:37,948 - httpx - INFO - HTTP Request: POST https://api.deepseek.com/chat/completions "HTTP/1.1 200 OK"
2025-08-10 13:04:52,247 - nodes.f_follow_up_question_node - INFO - 生成的追问: 根据您描述的症状，如头晕、耳鸣、腰膝酸软等，这些可能与多种情况相关。为了更好地了解您的状况，我需要进一步询问一些细节：  

首先，关于头晕，您能具体描述一下发作的频率和持续时间吗？比如，是偶尔发生还...
2025-08-10 13:04:52,250 - nodes.k_output_node - INFO - 输出处理完成，返回最终状态
2025-08-10 13:04:52,251 - graph - INFO - 图执行完成
2025-08-10 13:04:52,363 - TCMGraphTest - INFO - 执行成功: True
2025-08-10 13:04:52,363 - TCMGraphTest - INFO - 用户意图: diagnosis
2025-08-10 13:04:52,364 - TCMGraphTest - INFO - 提取症状数: 9
2025-08-10 13:04:52,365 - TCMGraphTest - INFO - 对话状态: awaiting_follow_up
2025-08-10 13:04:52,365 - TCMGraphTest - INFO - 响应长度: 440
2025-08-10 13:04:52,366 - TCMGraphTest - INFO - 响应时间: 32.69秒
2025-08-10 13:04:52,366 - TCMGraphTest - INFO - 紧急情况检测: False
2025-08-10 13:04:52,367 - TCMGraphTest - INFO - 安全评分: N/A
2025-08-10 13:04:52,367 - TCMGraphTest - INFO - 整体质量评分: 100.0/100
2025-08-10 13:04:52,368 - TCMGraphTest - INFO - ------------------------------------------------------------
2025-08-10 13:04:52,369 - TCMGraphTest - INFO - 执行测试 11/12
2025-08-10 13:04:52,369 - TCMGraphTest - INFO - 测试用例: 性能测试 - 长文本输入
2025-08-10 13:04:52,369 - TCMGraphTest - INFO - 用户输入: 医生您好，我想详细描述一下我的症状，希望您能给我一个准确的诊断。我最近几个月来一直感觉身体不适，我最近几个月来一直感觉身体不适，我最近几个月来一直感觉身体不适，我最近几个月来一直感觉身体不适，我最近几个月来一直感觉身体不适，我最近几个月来一直感觉身体不适，我最近几个月来一直感觉身体不适，我最近几个月来一直感觉身体不适，我最近几个月来一直感觉身体不适，我最近几个月来一直感觉身体不适，我最近几个月来一直感觉身体不适，我最近几个月来一直感觉身体不适，我最近几个月来一直感觉身体不适，我最近几个月来一直感觉身体不适，我最近几个月来一直感觉身体不适，我最近几个月来一直感觉身体不适，我最近几个月来一直感觉身体不适，我最近几个月来一直感觉身体不适，我最近几个月来一直感觉身体不适，我最近几个月来一直感觉身体不适，主要症状是头晕、乏力、失眠。
2025-08-10 13:04:52,370 - graph - INFO - 开始处理用户输入: 医生您好，我想详细描述一下我的症状，希望您能给我一个准确的诊断。我最近几个月来一直感觉身体不适，我最近几个月来一直感觉身体不适，我最近几个月来一直感觉身体不适，我最近几个月来一直感觉身体不适，我最近几个月来一直感觉身体不适，我最近几个月来一直感觉身体不适，我最近几个月来一直感觉身体不适，我最近几个月来一直感觉身体不适，我最近几个月来一直感觉身体不适，我最近几个月来一直感觉身体不适，我最近几个月来一直感觉身体不适，我最近几个月来一直感觉身体不适，我最近几个月来一直感觉身体不适，我最近几个月来一直感觉身体不适，我最近几个月来一直感觉身体不适，我最近几个月来一直感觉身体不适，我最近几个月来一直感觉身体不适，我最近几个月来一直感觉身体不适，我最近几个月来一直感觉身体不适，我最近几个月来一直感觉身体不适，主要症状是头晕、乏力、失眠。
2025-08-10 13:04:52,371 - graph - INFO - 开始创建中医智能对话系统图...
2025-08-10 13:04:52,371 - nodes.c_rag_retrieval_node - INFO - 初始化RAG检索节点
2025-08-10 13:04:52,371 - RAG_system.embedding_model - INFO - 检测到GPU设备: NVIDIA GeForce RTX 4070 Laptop GPU, 共 1 个GPU
2025-08-10 13:04:52,372 - RAG_system.embedding_model - INFO - 嵌入模型管理器初始化成功，使用设备: cuda
2025-08-10 13:04:52,372 - RAG_system.retriever - INFO - 检索管理器初始化成功
2025-08-10 13:04:52,373 - RAG_system.embedding_model - INFO - 检测到GPU设备: NVIDIA GeForce RTX 4070 Laptop GPU, 共 1 个GPU
2025-08-10 13:04:52,373 - RAG_system.rag_manager - INFO - RAG管理器初始化成功，使用设备: cuda
2025-08-10 13:04:52,373 - RAG_system.rag_manager - INFO - 正在启动RAG管理器
2025-08-10 13:04:52,374 - RAG_system.rag_manager - INFO - 发现本地嵌入模型信息，正在加载
2025-08-10 13:04:52,375 - RAG_system.embedding_model - INFO - 正在加载嵌入模型: sentence-transformers/paraphrase-multilingual-MiniLM-L12-v2
2025-08-10 13:04:52,376 - RAG_system.embedding_model - INFO - 从本地加载嵌入模型: RAG_system/model\sentence-transformers_paraphrase-multilingual-MiniLM-L12-v2
2025-08-10 13:04:52,379 - sentence_transformers.SentenceTransformer - INFO - Load pretrained SentenceTransformer: RAG_system/model\sentence-transformers_paraphrase-multilingual-MiniLM-L12-v2
2025-08-10 13:04:52,380 - sentence_transformers.SentenceTransformer - WARNING - No sentence-transformers model found with name RAG_system/model\sentence-transformers_paraphrase-multilingual-MiniLM-L12-v2. Creating a new one with mean pooling.
2025-08-10 13:04:53,134 - RAG_system.embedding_model - INFO - 正在保存嵌入模型信息
2025-08-10 13:04:53,137 - RAG_system.embedding_model - INFO - 嵌入模型信息已保存到: RAG_system/model\model_info.json
2025-08-10 13:04:53,138 - RAG_system.embedding_model - INFO - 嵌入模型加载成功，使用设备: cuda
2025-08-10 13:04:53,139 - RAG_system.vector_store - INFO - 向量存储管理器初始化成功
2025-08-10 13:04:53,139 - RAG_system.rag_manager - INFO - 检查向量存储路径: RAG_system/RAG/vector_store\index.faiss
2025-08-10 13:04:53,140 - RAG_system.rag_manager - INFO - 发现本地向量存储，正在加载
2025-08-10 13:04:53,140 - RAG_system.vector_store - INFO - 正在从路径加载向量存储: vector_store
2025-08-10 13:04:55,851 - RAG_system.vector_store - INFO - 向量存储加载成功
2025-08-10 13:04:55,852 - RAG_system.retriever - INFO - 正在创建检索器
2025-08-10 13:04:55,853 - RAG_system.retriever - INFO - 检索器创建成功
2025-08-10 13:04:55,853 - RAG_system.rag_manager - INFO - RAG管理器启动成功
2025-08-10 13:04:55,854 - nodes.c_rag_retrieval_node - INFO - RAG检索节点初始化完成
2025-08-10 13:04:55,854 - graph - INFO - 添加所有节点...
2025-08-10 13:04:55,858 - graph - INFO - 配置节点间的路由逻辑...
2025-08-10 13:04:55,858 - graph - INFO - 编译图...
2025-08-10 13:04:55,861 - graph - INFO - 中医智能对话系统图创建完成
2025-08-10 13:04:55,861 - graph - INFO - 开始执行图...
2025-08-10 13:04:55,862 - nodes.a_input_node - INFO - 输入处理节点启动
2025-08-10 13:04:55,863 - nodes.a_input_node - INFO - 处理用户输入成功: '医生您好，我想详细描述一下我的症状，希望您能给我一个准确的诊...'
2025-08-10 13:04:55,863 - nodes.b_safety_guard_node - INFO - 安全检查节点启动
2025-08-10 13:04:55,864 - nodes.b_safety_guard_node - INFO - 安全检查通过，未检测到紧急关键词
2025-08-10 13:04:55,865 - nodes.c_rag_retrieval_node - INFO - RAG检索节点启动
2025-08-10 13:04:55,866 - nodes.c_rag_retrieval_node - INFO - 执行检索，查询：医生您好，我想详细描述一下我的症状，希望您能给我一个准确的诊断。我最近几个月来一直感觉身体不适，我最近几个月来一直感觉身体不适，我最近几个月来一直感觉身体不适，我最近几个月来一直感觉身体不适，我最近几个月来一直感觉身体不适，我最近几个月来一直感觉身体不适，我最近几个月来一直感觉身体不适，我最近几个月来一直感觉身体不适，我最近几个月来一直感觉身体不适，我最近几个月来一直感觉身体不适，我最近几个月来一直感觉身体不适，我最近几个月来一直感觉身体不适，我最近几个月来一直感觉身体不适，我最近几个月来一直感觉身体不适，我最近几个月来一直感觉身体不适，我最近几个月来一直感觉身体不适，我最近几个月来一直感觉身体不适，我最近几个月来一直感觉身体不适，我最近几个月来一直感觉身体不适，我最近几个月来一直感觉身体不适，主要症状是头晕、乏力、失眠。，k值：4
2025-08-10 13:04:55,866 - RAG_system.retriever - INFO - 正在执行检索操作，查询: 医生您好，我想详细描述一下我的症状，希望您能给我一个准确的诊断。我最近几个月来一直感觉身体不适，我最近几个月来一直感觉身体不适，我最近几个月来一直感觉身体不适，我最近几个月来一直感觉身体不适，我最近几个月来一直感觉身体不适，我最近几个月来一直感觉身体不适，我最近几个月来一直感觉身体不适，我最近几个月来一直感觉身体不适，我最近几个月来一直感觉身体不适，我最近几个月来一直感觉身体不适，我最近几个月来一直感觉身体不适，我最近几个月来一直感觉身体不适，我最近几个月来一直感觉身体不适，我最近几个月来一直感觉身体不适，我最近几个月来一直感觉身体不适，我最近几个月来一直感觉身体不适，我最近几个月来一直感觉身体不适，我最近几个月来一直感觉身体不适，我最近几个月来一直感觉身体不适，我最近几个月来一直感觉身体不适，主要症状是头晕、乏力、失眠。
2025-08-10 13:04:55,914 - RAG_system.retriever - INFO - 检索完成，返回 4 个结果
2025-08-10 13:04:55,915 - nodes.c_rag_retrieval_node - INFO - 成功提取上下文，共4个文档
2025-08-10 13:04:57,694 - httpx - INFO - HTTP Request: POST https://dashscope.aliyuncs.com/compatible-mode/v1/chat/completions "HTTP/1.1 200 OK"
2025-08-10 13:04:57,701 - nodes.d_recognize_intent_node - INFO - 意图识别结果: diagnosis (置信度: 1.0)
2025-08-10 13:04:57,703 - nodes.e_symptom_extraction_node - INFO - 开始提取症状...
2025-08-10 13:05:11,575 - httpx - INFO - HTTP Request: POST https://dashscope.aliyuncs.com/compatible-mode/v1/chat/completions "HTTP/1.1 200 OK"
2025-08-10 13:05:11,587 - nodes.e_symptom_extraction_node - INFO - LLM原始输出: {'user_input': '医生您好，我想详细描述一下我的症状，希望您能给我一个准确的诊断。我最近几个月来一直感觉身体不适，我最近几个月来一直感觉身体不适，我最近几个月来一直感觉身体不适，我最近几个月来一直感觉身体不适，我最近几个月来一直感觉身体不适，我最近几个月来一直感觉身体不适，我最近几个月来一直感觉身体不适，我最近几个月来一直感觉身体不适，我最近几个月来一直感觉身体不适，我最近几个月来一直感觉身体不适，我最近几个月来一直感觉身体不适，我最近几个月来一直感觉身体不适，我最近几个月来一直感觉身体不适，我最近几个月来一直感觉身体不适，我最近几个月来一直感觉身体不适，我最近几个月来一直感觉身体不适，我最近几个月来一直感觉身体不适，我最近几个月来一直感觉身体不适，我最近几个月来一直感觉身体不适，我最近几个月来一直感觉身体不适，主要症状是头晕、乏力、失眠。', 'message_history': 'human: 医生您好，我想详细描述一下我的症状，希望您能给我一个准确的诊断。我最近几个月来一直感觉身体不适，我最近几个月来一直感觉身体不适，我最近几个月来一直感觉身体不适，我最近几个月来一直感觉身体不适，我最近几个月来一直感觉身体不适，我最近几个月来一直感觉身体不适，我最近几个月来一直感觉身体不适，我最近几个月来一直感觉身体不适，我最近几个月来一直感觉身体不适，我最近几个月来一直感觉身体不适，我最近几个月来一直感觉身体不适，我最近几个月来一直感觉身体不适，我最近几个月来一直感觉身体不适，我最近几个月来一直感觉身体不适，我最近几个月来一直感觉身体不适，我最近几个月来一直感觉身体不适，我最近几个月来一直感觉身体不适，我最近几个月来一直感觉身体不适，我最近几个月来一直感觉身体不适，我最近几个月来一直感觉身体不适，主要症状是头晕、乏力、失眠。', 'relevant_context': '[文档1] 来源: data/医藏-0869部/09伤寒-49本/09伤寒-49本/重订通俗伤寒论-清-俞根.txt\n若系垢胎。必每月行经。须问其经行多少。及腹中果动否。此皆妇科扼要之问法也。至若景岳十问歌。一问寒热二问汗。三问头身四问便。五问饮食六问胸。七聋八渴俱当辨。九问旧病十问因。再兼服药参机变。妇人尤必问经期。恶露有无产后验。亦属问法之要略。惟赵晴初老医。谓诊病虽须详问。又当色脉合参。不可徇病患之言。为其所惑。\n\n\u3000\u3000【荣斋按】木章俞氏所讲和转载喻西昌等八家对于诊察伤寒的各种方法，是很符合现代“调查病史”的要求的。本节所谓“察新久”，就是采取“现下病史”和过去病史”，它不仅能给予诊断上许多佐证，而且在某些特殊条件下它还可以作为诊断的根据；这就是我们“四诊”中的“问诊”。我认为采取病史的范围，除本章所说各项外，还应该注意到：（一）起病的时间和情形──时间要愈准确愈好。可以用各种记时的方法，如某日几点几分钟或某日清晨、正午、黄昏或半夜，或起床前后，早饭前后，午饭前后……等。起病情形有骤起的（如大叶肺炎和疟疾），有渐起的（如伤寒），但也有不知不觉中而起病的（如各种慢性疾病）。（二）症状与时间的关系──各种症状的表现都有它一定时间的规律。如果忽略了它的时间性，则症状就失掉了它对诊断上的意义。\n\n\u3000\u3000如疟疾病患的发热，有间日一次的，也有三日一次的。每次发热时间有数十分钟的，也有几个钟点以上的。伤寒病患是继续不断的高热，而肺结核病患则是每日下午发微热。\n\n\u3000\u3000因此，要注意它发生的时间。（三）症状与症状之间的关系──各种症状的表现都是互相关联的，它们之间都有一定的关系。如疟疾病患应该是先发寒、再发热、后出汗，这三个疟疾的主要症状，有它们时间先后的关系，这种关系是诊断疟疾的标志。又如发热和头痛的关系，一般急性热病都是热度愈高的时候头痛愈厉害，热度降低头痛也减轻了。凭着这个关系就可以知道这个头痛是因为发热而起的，绝不是其他原因。因此，我们的问症状就应注意它们互相之间的关系，而不应把每一个症状孤立起来，否则，就会造成诊断上的错误。\n\n\u3000\u3000其他，如症状对生理功能的影响，症状本身的分析，各个系统详细状症的采取，可能致病的诱因等；都应该加以注意和考虑。至于询问“过去病史”，应根据现下病史的情形而变化，现下病史中那一个系统是最主要的症状，过去病史也应详细询问那个系统。所谓“新病引起旧病”如第九章伤寒夹证中的夹痰、夹血、夹疝、夹痨等，这些病史的早日获得，对诊断和将来的治疗是很有意义的。\n\n[文档2] 来源: data/医藏-0869部/09医藏-0869部/09医藏-0869部/09伤寒-49本/重订通俗伤寒论-清-俞根.txt\n若系垢胎。必每月行经。须问其经行多少。及腹中果动否。此皆妇科扼要之问法也。至若景岳十问歌。一问寒热二问汗。三问头身四问便。五问饮食六问胸。七聋八渴俱当辨。九问旧病十问因。再兼服药参机变。妇人尤必问经期。恶露有无产后验。亦属问法之要略。惟赵晴初老医。谓诊病虽须详问。又当色脉合参。不可徇病患之言。为其所惑。\n\n\u3000\u3000【荣斋按】木章俞氏所讲和转载喻西昌等八家对于诊察伤寒的各种方法，是很符合现代“调查病史”的要求的。本节所谓“察新久”，就是采取“现下病史”和过去病史”，它不仅能给予诊断上许多佐证，而且在某些特殊条件下它还可以作为诊断的根据；这就是我们“四诊”中的“问诊”。我认为采取病史的范围，除本章所说各项外，还应该注意到：（一）起病的时间和情形──时间要愈准确愈好。可以用各种记时的方法，如某日几点几分钟或某日清晨、正午、黄昏或半夜，或起床前后，早饭前后，午饭前后……等。起病情形有骤起的（如大叶肺炎和疟疾），有渐起的（如伤寒），但也有不知不觉中而起病的（如各种慢性疾病）。（二）症状与时间的关系──各种症状的表现都有它一定时间的规律。如果忽略了它的时间性，则症状就失掉了它对诊断上的意义。\n\n\u3000\u3000如疟疾病患的发热，有间日一次的，也有三日一次的。每次发热时间有数十分钟的，也有几个钟点以上的。伤寒病患是继续不断的高热，而肺结核病患则是每日下午发微热。\n\n\u3000\u3000因此，要注意它发生的时间。（三）症状与症状之间的关系──各种症状的表现都是互相关联的，它们之间都有一定的关系。如疟疾病患应该是先发寒、再发热、后出汗，这三个疟疾的主要症状，有它们时间先后的关系，这种关系是诊断疟疾的标志。又如发热和头痛的关系，一般急性热病都是热度愈高的时候头痛愈厉害，热度降低头痛也减轻了。凭着这个关系就可以知道这个头痛是因为发热而起的，绝不是其他原因。因此，我们的问症状就应注意它们互相之间的关系，而不应把每一个症状孤立起来，否则，就会造成诊断上的错误。\n\n\u3000\u3000其他，如症状对生理功能的影响，症状本身的分析，各个系统详细状症的采取，可能致病的诱因等；都应该加以注意和考虑。至于询问“过去病史”，应根据现下病史的情形而变化，现下病史中那一个系统是最主要的症状，过去病史也应详细询问那个系统。所谓“新病引起旧病”如第九章伤寒夹证中的夹痰、夹血、夹疝、夹痨等，这些病史的早日获得，对诊断和将来的治疗是很有意义的。\n\n[文档3] 来源: data/医藏-0869部/09伤寒-49本/09伤寒-49本/重订通俗伤寒论-清-俞根.txt\n【荣斋按】“黄耳伤寒”这病名不知起于何时？我最初看到的，是张石顽《伤寒绪论》，他说：“黄耳者，耳中策策痛，两耳叶黄，风入于肾也；卒然变恶寒发热，脊强直如痉状，此属太阳类伤寒也。”所谓“黄耳”，大概由于“两耳叶黄”，从症状中得出了病名。至于这些症状，巢氏《诸病源候总论》已有记载，他说：“凡患耳中策策痛者，皆是风入于肾之经也；不治流入肾，则卒然变脊强直成痉也。”不过，巢氏所载，无“恶寒发热”，因此，也就不名“类伤寒”。现下我觉得“黄耳”病名，似始于张石顽，症状则早见于巢元方，其间递嬗变易，有同有异，与俞氏所述。更有不同之外。据本节所列症状，相当于西医书的“耳疖”和“中耳炎”；西医书描写耳疖的症状说：“常有强度耳痛，尤于夜间为甚，患部皮肤红肿，且可波及耳壳周遭，全身恶寒战栗，或有发高热者。”描述中耳炎的症状是：“全身症状──常发高热，恶寒战栗、呕吐、头痛、不安等，与其他急性传染病之症状同。若发生于小孩，则可有脑膜刺激症状，如感觉过敏，痉挛、呕吐、谵语与真性脑膜炎同。局部症状──患侧有听力障碍，耳痛、耳鸣、耳内搏动感等。”（以上是概括大意，非原文。）从中西医学理论所记录的症状，互相对勘，似乎“黄耳伤寒”的名称，不十分妥贴。至于治法，则俞何两先生所采集的验方，是足够应用的。\n\n\u3000\u3000第八章·伤寒兼证\n\n\u3000\u3000第十七节·赤膈伤寒\n\n\u3000\u3000【因】风温时毒。先犯少阳阳明。续被暴寒搏动而发。乃三阳合病。状类伤寒。以其胸膈赤肿热痛。故见形定名曰赤膈伤寒。病亦多发于春令。\n\n\u3000\u3000【证】初起先发热恶寒。头疼身痛。继即胸膈 赤肿病HT 。甚或外发紫 。舌苔边红。中黄糙起刺。甚或黄中夹现黑点。若胸中剧疼。口秽喷人。痰嗽气喘。咯出浊唾腥臭者。毒已内陷伤肺。欲酿内痈。舌苔多白浓起腐。\n\n\u3000\u3000【脉】左浮弦急数。右洪盛弦滑者。张石顽所谓赤膈属少阳风热。非正伤寒。实则二阳合病之风温时毒。猝被太阳客寒引动而发也。\n\n\u3000\u3000【治】法当内外兼施。内治、轻则荆防败毒散加减。冲犀角汁（一瓢）。金汁（一两）。重则通圣消毒散加减。（方载大头伤寒治法中）。表里双解以逐毒。表证已退。\n\n[文档4] 来源: data/医藏-0869部/09医藏-0869部/09医藏-0869部/09伤寒-49本/重订通俗伤寒论-清-俞根.txt\n【荣斋按】“黄耳伤寒”这病名不知起于何时？我最初看到的，是张石顽《伤寒绪论》，他说：“黄耳者，耳中策策痛，两耳叶黄，风入于肾也；卒然变恶寒发热，脊强直如痉状，此属太阳类伤寒也。”所谓“黄耳”，大概由于“两耳叶黄”，从症状中得出了病名。至于这些症状，巢氏《诸病源候总论》已有记载，他说：“凡患耳中策策痛者，皆是风入于肾之经也；不治流入肾，则卒然变脊强直成痉也。”不过，巢氏所载，无“恶寒发热”，因此，也就不名“类伤寒”。现下我觉得“黄耳”病名，似始于张石顽，症状则早见于巢元方，其间递嬗变易，有同有异，与俞氏所述。更有不同之外。据本节所列症状，相当于西医书的“耳疖”和“中耳炎”；西医书描写耳疖的症状说：“常有强度耳痛，尤于夜间为甚，患部皮肤红肿，且可波及耳壳周遭，全身恶寒战栗，或有发高热者。”描述中耳炎的症状是：“全身症状──常发高热，恶寒战栗、呕吐、头痛、不安等，与其他急性传染病之症状同。若发生于小孩，则可有脑膜刺激症状，如感觉过敏，痉挛、呕吐、谵语与真性脑膜炎同。局部症状──患侧有听力障碍，耳痛、耳鸣、耳内搏动感等。”（以上是概括大意，非原文。）从中西医学理论所记录的症状，互相对勘，似乎“黄耳伤寒”的名称，不十分妥贴。至于治法，则俞何两先生所采集的验方，是足够应用的。\n\n\u3000\u3000第八章·伤寒兼证\n\n\u3000\u3000第十七节·赤膈伤寒\n\n\u3000\u3000【因】风温时毒。先犯少阳阳明。续被暴寒搏动而发。乃三阳合病。状类伤寒。以其胸膈赤肿热痛。故见形定名曰赤膈伤寒。病亦多发于春令。\n\n\u3000\u3000【证】初起先发热恶寒。头疼身痛。继即胸膈 赤肿病HT 。甚或外发紫 。舌苔边红。中黄糙起刺。甚或黄中夹现黑点。若胸中剧疼。口秽喷人。痰嗽气喘。咯出浊唾腥臭者。毒已内陷伤肺。欲酿内痈。舌苔多白浓起腐。\n\n\u3000\u3000【脉】左浮弦急数。右洪盛弦滑者。张石顽所谓赤膈属少阳风热。非正伤寒。实则二阳合病之风温时毒。猝被太阳客寒引动而发也。\n\n\u3000\u3000【治】法当内外兼施。内治、轻则荆防败毒散加减。冲犀角汁（一瓢）。金汁（一两）。重则通圣消毒散加减。（方载大头伤寒治法中）。表里双解以逐毒。表证已退。\n', 'format_instructions': 'The output should be a markdown code snippet formatted in the following schema, including the leading and trailing "```json" and "```":\n\n```json\n{\n\t"symptoms": array  // 从用户描述中提取的症状列表，每个症状应包含症状名称、描述、严重程度和持续时间\n\t"missing_info": array  // 需要从用户那里获取的缺失信息列表，这些信息对诊断很重要\n\t"stage": string  // 当前会话阶段，应为\'symptom_collection\'\n}\n```', 'text': {'symptoms': [{'symptom_name': '头晕', 'description': '主要症状之一，持续数月', 'severity': None, 'duration': '最近几个月'}, {'symptom_name': '乏力', 'description': '主要症状之一，持续数月', 'severity': None, 'duration': '最近几个月'}, {'symptom_name': '失眠', 'description': '主要症状之一，持续数月', 'severity': None, 'duration': '最近几个月'}], 'missing_info': ['头晕的具体性质（如旋转性、昏沉感、体位相关等）及其发作频率和时间规律', '乏力的严重程度（如是否影响日常活动）以及是否伴随虚弱、易疲劳或肌肉无力', '失眠的具体表现（如入睡困难、早醒、多梦等）及其每日睡眠时长', '是否有伴随症状，如头痛、心悸、出汗、发热、恶心、耳鸣等', '症状的起病方式（突然或逐渐）以及是否有明确诱因（如压力、感染、外伤等）', '既往病史（如高血压、糖尿病、贫血、甲状腺疾病、抑郁症等）', '用药史，包括近期是否服用镇静药、降压药或其他可能影响症状的药物', '饮食、体重变化情况（如近期是否有体重下降、食欲减退）', '精神心理状态（如是否有焦虑、情绪低落、抑郁等）', '女性患者需询问月经史（如周期、经量变化），以排除内分泌或妇科相关病因'], 'stage': 'symptom_collection'}}
2025-08-10 13:05:11,589 - nodes.e_symptom_extraction_node - INFO - 解析后的输出: {'symptoms': [{'symptom_name': '头晕', 'description': '主要症状之一，持续数月', 'severity': None, 'duration': '最近几个月'}, {'symptom_name': '乏力', 'description': '主要症状之一，持续数月', 'severity': None, 'duration': '最近几个月'}, {'symptom_name': '失眠', 'description': '主要症状之一，持续数月', 'severity': None, 'duration': '最近几个月'}], 'missing_info': ['头晕的具体性质（如旋转性、昏沉感、体位相关等）及其发作频率和时间规律', '乏力的严重程度（如是否影响日常活动）以及是否伴随虚弱、易疲劳或肌肉无力', '失眠的具体表现（如入睡困难、早醒、多梦等）及其每日睡眠时长', '是否有伴随症状，如头痛、心悸、出汗、发热、恶心、耳鸣等', '症状的起病方式（突然或逐渐）以及是否有明确诱因（如压力、感染、外伤等）', '既往病史（如高血压、糖尿病、贫血、甲状腺疾病、抑郁症等）', '用药史，包括近期是否服用镇静药、降压药或其他可能影响症状的药物', '饮食、体重变化情况（如近期是否有体重下降、食欲减退）', '精神心理状态（如是否有焦虑、情绪低落、抑郁等）', '女性患者需询问月经史（如周期、经量变化），以排除内分泌或妇科相关病因'], 'stage': 'symptom_collection'}
2025-08-10 13:05:11,590 - nodes.e_symptom_extraction_node - INFO - 症状: [{'symptom_name': '头晕', 'description': '主要症状之一，持续数月', 'severity': None, 'duration': '最近几个月'}, {'symptom_name': '乏力', 'description': '主要症状之一，持续数月', 'severity': None, 'duration': '最近几个月'}, {'symptom_name': '失眠', 'description': '主要症状之一，持续数月', 'severity': None, 'duration': '最近几个月'}]
2025-08-10 13:05:11,590 - nodes.e_symptom_extraction_node - INFO - 缺失信息: ['头晕的具体性质（如旋转性、昏沉感、体位相关等）及其发作频率和时间规律', '乏力的严重程度（如是否影响日常活动）以及是否伴随虚弱、易疲劳或肌肉无力', '失眠的具体表现（如入睡困难、早醒、多梦等）及其每日睡眠时长', '是否有伴随症状，如头痛、心悸、出汗、发热、恶心、耳鸣等', '症状的起病方式（突然或逐渐）以及是否有明确诱因（如压力、感染、外伤等）', '既往病史（如高血压、糖尿病、贫血、甲状腺疾病、抑郁症等）', '用药史，包括近期是否服用镇静药、降压药或其他可能影响症状的药物', '饮食、体重变化情况（如近期是否有体重下降、食欲减退）', '精神心理状态（如是否有焦虑、情绪低落、抑郁等）', '女性患者需询问月经史（如周期、经量变化），以排除内分泌或妇科相关病因']
2025-08-10 13:05:11,590 - nodes.e_symptom_extraction_node - INFO - 提取到 3 个症状和 10 个缺失信息
2025-08-10 13:05:11,591 - nodes.e_symptom_extraction_node - INFO - 症状信息充足，路由到诊断节点
2025-08-10 13:05:11,592 - nodes.f_follow_up_question_node - INFO - 生成追问，共有 10 个缺失信息点
2025-08-10 13:05:11,771 - httpx - INFO - HTTP Request: POST https://api.deepseek.com/chat/completions "HTTP/1.1 200 OK"
2025-08-10 13:05:30,652 - nodes.f_follow_up_question_node - INFO - 生成的追问: "感谢您分享这些症状信息。为了更准确地评估您的情况，我需要进一步了解一些细节。您提到有三个主要症状持续了数月，能否具体描述一下这些症状的表现？比如，是否有头晕的感觉？如果是，这种头晕是像天旋地转，还是...
2025-08-10 13:05:30,654 - nodes.k_output_node - INFO - 输出处理完成，返回最终状态
2025-08-10 13:05:30,655 - graph - INFO - 图执行完成
2025-08-10 13:05:30,771 - TCMGraphTest - INFO - 执行成功: True
2025-08-10 13:05:30,771 - TCMGraphTest - INFO - 用户意图: diagnosis
2025-08-10 13:05:30,772 - TCMGraphTest - INFO - 提取症状数: 3
2025-08-10 13:05:30,772 - TCMGraphTest - INFO - 对话状态: awaiting_follow_up
2025-08-10 13:05:30,773 - TCMGraphTest - INFO - 响应长度: 561
2025-08-10 13:05:30,773 - TCMGraphTest - INFO - 响应时间: 38.40秒
2025-08-10 13:05:30,774 - TCMGraphTest - INFO - 紧急情况检测: False
2025-08-10 13:05:30,774 - TCMGraphTest - INFO - 安全评分: N/A
2025-08-10 13:05:30,774 - TCMGraphTest - INFO - 整体质量评分: 100.0/100
2025-08-10 13:05:30,775 - TCMGraphTest - INFO - ------------------------------------------------------------
2025-08-10 13:05:30,775 - TCMGraphTest - INFO - 执行测试 12/12
2025-08-10 13:05:30,777 - TCMGraphTest - INFO - 测试用例: 药物咨询
2025-08-10 13:05:30,777 - TCMGraphTest - INFO - 用户输入: 请问六味地黄丸的功效和适应症是什么？
2025-08-10 13:05:30,777 - graph - INFO - 开始处理用户输入: 请问六味地黄丸的功效和适应症是什么？
2025-08-10 13:05:30,777 - graph - INFO - 开始创建中医智能对话系统图...
2025-08-10 13:05:30,777 - nodes.c_rag_retrieval_node - INFO - 初始化RAG检索节点
2025-08-10 13:05:30,778 - RAG_system.embedding_model - INFO - 检测到GPU设备: NVIDIA GeForce RTX 4070 Laptop GPU, 共 1 个GPU
2025-08-10 13:05:30,778 - RAG_system.embedding_model - INFO - 嵌入模型管理器初始化成功，使用设备: cuda
2025-08-10 13:05:30,779 - RAG_system.retriever - INFO - 检索管理器初始化成功
2025-08-10 13:05:30,780 - RAG_system.embedding_model - INFO - 检测到GPU设备: NVIDIA GeForce RTX 4070 Laptop GPU, 共 1 个GPU
2025-08-10 13:05:30,780 - RAG_system.rag_manager - INFO - RAG管理器初始化成功，使用设备: cuda
2025-08-10 13:05:30,780 - RAG_system.rag_manager - INFO - 正在启动RAG管理器
2025-08-10 13:05:30,781 - RAG_system.rag_manager - INFO - 发现本地嵌入模型信息，正在加载
2025-08-10 13:05:30,782 - RAG_system.embedding_model - INFO - 正在加载嵌入模型: sentence-transformers/paraphrase-multilingual-MiniLM-L12-v2
2025-08-10 13:05:30,782 - RAG_system.embedding_model - INFO - 从本地加载嵌入模型: RAG_system/model\sentence-transformers_paraphrase-multilingual-MiniLM-L12-v2
2025-08-10 13:05:30,785 - sentence_transformers.SentenceTransformer - INFO - Load pretrained SentenceTransformer: RAG_system/model\sentence-transformers_paraphrase-multilingual-MiniLM-L12-v2
2025-08-10 13:05:30,785 - sentence_transformers.SentenceTransformer - WARNING - No sentence-transformers model found with name RAG_system/model\sentence-transformers_paraphrase-multilingual-MiniLM-L12-v2. Creating a new one with mean pooling.
2025-08-10 13:05:31,534 - RAG_system.embedding_model - INFO - 正在保存嵌入模型信息
2025-08-10 13:05:31,538 - RAG_system.embedding_model - INFO - 嵌入模型信息已保存到: RAG_system/model\model_info.json
2025-08-10 13:05:31,538 - RAG_system.embedding_model - INFO - 嵌入模型加载成功，使用设备: cuda
2025-08-10 13:05:31,540 - RAG_system.vector_store - INFO - 向量存储管理器初始化成功
2025-08-10 13:05:31,540 - RAG_system.rag_manager - INFO - 检查向量存储路径: RAG_system/RAG/vector_store\index.faiss
2025-08-10 13:05:31,541 - RAG_system.rag_manager - INFO - 发现本地向量存储，正在加载
2025-08-10 13:05:31,541 - RAG_system.vector_store - INFO - 正在从路径加载向量存储: vector_store
2025-08-10 13:05:33,481 - RAG_system.vector_store - INFO - 向量存储加载成功
2025-08-10 13:05:33,481 - RAG_system.retriever - INFO - 正在创建检索器
2025-08-10 13:05:33,483 - RAG_system.retriever - INFO - 检索器创建成功
2025-08-10 13:05:33,483 - RAG_system.rag_manager - INFO - RAG管理器启动成功
2025-08-10 13:05:33,484 - nodes.c_rag_retrieval_node - INFO - RAG检索节点初始化完成
2025-08-10 13:05:33,485 - graph - INFO - 添加所有节点...
2025-08-10 13:05:33,488 - graph - INFO - 配置节点间的路由逻辑...
2025-08-10 13:05:33,488 - graph - INFO - 编译图...
2025-08-10 13:05:33,490 - graph - INFO - 中医智能对话系统图创建完成
2025-08-10 13:05:33,490 - graph - INFO - 开始执行图...
2025-08-10 13:05:33,491 - nodes.a_input_node - INFO - 输入处理节点启动
2025-08-10 13:05:33,492 - nodes.a_input_node - INFO - 处理用户输入成功: '请问六味地黄丸的功效和适应症是什么？'
2025-08-10 13:05:33,492 - nodes.b_safety_guard_node - INFO - 安全检查节点启动
2025-08-10 13:05:33,493 - nodes.b_safety_guard_node - INFO - 安全检查通过，未检测到紧急关键词
2025-08-10 13:05:33,494 - nodes.c_rag_retrieval_node - INFO - RAG检索节点启动
2025-08-10 13:05:33,494 - nodes.c_rag_retrieval_node - INFO - 执行检索，查询：请问六味地黄丸的功效和适应症是什么？，k值：4
2025-08-10 13:05:33,495 - RAG_system.retriever - INFO - 正在执行检索操作，查询: 请问六味地黄丸的功效和适应症是什么？
2025-08-10 13:05:33,534 - RAG_system.retriever - INFO - 检索完成，返回 4 个结果
2025-08-10 13:05:33,535 - nodes.c_rag_retrieval_node - INFO - 成功提取上下文，共4个文档
2025-08-10 13:05:34,810 - httpx - INFO - HTTP Request: POST https://dashscope.aliyuncs.com/compatible-mode/v1/chat/completions "HTTP/1.1 200 OK"
2025-08-10 13:05:34,813 - nodes.d_recognize_intent_node - INFO - 意图识别结果: question (置信度: 1)
2025-08-10 13:05:34,815 - nodes.i_conversation_chain_node - INFO - 处理用户输入: 请问六味地黄丸的功效和适应症是什么？...
2025-08-10 13:05:34,815 - nodes.i_conversation_chain_node - INFO - 开始生成对话回复...
2025-08-10 13:06:02,895 - httpx - INFO - HTTP Request: POST https://dashscope.aliyuncs.com/compatible-mode/v1/chat/completions "HTTP/1.1 200 OK"
2025-08-10 13:06:02,900 - nodes.i_conversation_chain_node - INFO - 生成的回复: 六味地黄丸是中医经典方剂之一，源自宋代医家钱乙所著《小儿药证直诀》，原名为“地黄丸”，后世称为“六味地黄丸”。它由六味药材组成：熟地黄、山茱萸、山药、泽泻、牡丹皮、茯苓，具有“三补三泻”的配伍特点，是...
2025-08-10 13:06:02,902 - nodes.j_response_safety_node - INFO - 未检测到安全违规
2025-08-10 13:06:02,903 - nodes.k_output_node - INFO - 输出处理完成，返回最终状态
2025-08-10 13:06:02,904 - graph - INFO - 图执行完成
2025-08-10 13:06:03,021 - TCMGraphTest - INFO - 执行成功: True
2025-08-10 13:06:03,023 - TCMGraphTest - INFO - 用户意图: question
2025-08-10 13:06:03,023 - TCMGraphTest - ERROR - 测试用例执行失败: object of type 'NoneType' has no len()
Traceback (most recent call last):
  File "F:\Files\比赛\挑战杯++\专项赛3\AI chatbot\V2\tests\graph_test.py", line 244, in run_test_case
    logger.info(f"提取症状数: {len(result.get('symptoms_list', []))}")
                               ^^^^^^^^^^^^^^^^^^^^^^^^^^^^^^^^^^^^
TypeError: object of type 'NoneType' has no len()
2025-08-10 13:06:03,024 - TCMGraphTest - INFO - ------------------------------------------------------------
2025-08-10 13:06:03,024 - TCMGraphTest - INFO - ============================================================
2025-08-10 13:06:03,025 - TCMGraphTest - INFO - 测试结果摘要
2025-08-10 13:06:03,025 - TCMGraphTest - INFO - ============================================================
2025-08-10 13:06:03,025 - TCMGraphTest - INFO - 总测试数: 12
2025-08-10 13:06:03,026 - TCMGraphTest - INFO - 成功测试数: 8
2025-08-10 13:06:03,027 - TCMGraphTest - INFO - 成功率: 66.67%
2025-08-10 13:06:03,027 - TCMGraphTest - INFO - 平均响应时间: 37.57秒
2025-08-10 13:06:03,027 - TCMGraphTest - INFO - 平均质量评分: 100.0/100
2025-08-10 13:06:03,028 - TCMGraphTest - INFO - 意图识别准确率: 100.00%
2025-08-10 13:06:03,028 - TCMGraphTest - INFO - 
分类测试结果:
2025-08-10 13:06:03,028 - TCMGraphTest - INFO -   complete_diagnosis: 1/1 (100.0%)
2025-08-10 13:06:03,030 - TCMGraphTest - INFO -   follow_up_needed: 1/1 (100.0%)
2025-08-10 13:06:03,030 - TCMGraphTest - INFO -   spleen_deficiency: 1/1 (100.0%)
2025-08-10 13:06:03,030 - TCMGraphTest - INFO -   liver_qi_stagnation: 1/1 (100.0%)
2025-08-10 13:06:03,031 - TCMGraphTest - INFO -   general_consultation: 0/1 (0.0%)
2025-08-10 13:06:03,031 - TCMGraphTest - INFO -   emergency: 0/1 (0.0%)
2025-08-10 13:06:03,031 - TCMGraphTest - INFO -   heart_kidney_disharmony: 1/1 (100.0%)
2025-08-10 13:06:03,032 - TCMGraphTest - INFO -   boundary_test: 0/1 (0.0%)
2025-08-10 13:06:03,032 - TCMGraphTest - INFO -   vague_symptoms: 1/1 (100.0%)
2025-08-10 13:06:03,032 - TCMGraphTest - INFO -   complex_symptoms: 1/1 (100.0%)
2025-08-10 13:06:03,033 - TCMGraphTest - INFO -   performance_test: 1/1 (100.0%)
2025-08-10 13:06:03,033 - TCMGraphTest - INFO -   medicine_consultation: 0/1 (0.0%)
2025-08-10 13:06:03,045 - TCMGraphTest - INFO - 
详细结果已保存到: tests/logs/tcm_graph_results_20250810_125832.json
2025-08-10 13:06:03,055 - TCMGraphTest - INFO - 测试报告已保存到: tests/logs/tcm_graph_report_20250810_125832.json
2025-08-10 13:06:03,056 - TCMGraphTest - INFO - 
============================================================
2025-08-10 13:06:03,057 - TCMGraphTest - INFO - 最终测试结果
2025-08-10 13:06:03,057 - TCMGraphTest - INFO - ============================================================
2025-08-10 13:06:03,063 - TCMGraphTest - INFO - 
失败的测试用例 (4):
2025-08-10 13:06:03,064 - TCMGraphTest - INFO -   1. 一般咨询 - 非诊断意图
2025-08-10 13:06:03,064 - TCMGraphTest - INFO -      错误: object of type 'NoneType' has no len()
2025-08-10 13:06:03,064 - TCMGraphTest - INFO -   2. 紧急情况 - 安全检查
2025-08-10 13:06:03,065 - TCMGraphTest - INFO -      错误: object of type 'NoneType' has no len()
2025-08-10 13:06:03,065 - TCMGraphTest - INFO -   3. 边界测试 - 空输入
2025-08-10 13:06:03,065 - TCMGraphTest - INFO -      错误: object of type 'NoneType' has no len()
2025-08-10 13:06:03,065 - TCMGraphTest - INFO -   4. 药物咨询
2025-08-10 13:06:03,066 - TCMGraphTest - INFO -      错误: object of type 'NoneType' has no len()
2025-08-10 13:50:13,190 - TCMGraphTest - INFO - 日志将保存到: tests/logs/tcm_graph_test_20250810_135013.log
2025-08-10 13:50:13,192 - TCMGraphTest - INFO - ================================================================================
2025-08-10 13:50:13,192 - TCMGraphTest - INFO - 中医智能对话系统LangGraph测试
2025-08-10 13:50:13,193 - TCMGraphTest - INFO - ================================================================================
2025-08-10 13:50:13,193 - TCMGraphTest - INFO - 开始中医智能对话系统图测试
2025-08-10 13:50:13,194 - TCMGraphTest - INFO - 执行测试 1/12
2025-08-10 13:50:13,194 - TCMGraphTest - INFO - 测试用例: 完整诊断流程 - 典型症状
2025-08-10 13:50:13,195 - TCMGraphTest - INFO - 用户输入: 医生，我最近总是感到头晕目眩，还有腰膝酸软，晚上失眠多梦，手心脚心发热，请帮我看看是什么问题？
2025-08-10 13:50:13,196 - graph - INFO - 开始处理用户输入: 医生，我最近总是感到头晕目眩，还有腰膝酸软，晚上失眠多梦，手心脚心发热，请帮我看看是什么问题？
2025-08-10 13:50:13,196 - graph - INFO - 开始创建中医智能对话系统图...
2025-08-10 13:50:13,196 - nodes.c_rag_retrieval_node - INFO - 初始化RAG检索节点
2025-08-10 13:50:13,196 - RAG_system.embedding_model - INFO - 检测到GPU设备: NVIDIA GeForce RTX 4070 Laptop GPU, 共 1 个GPU
2025-08-10 13:50:13,197 - RAG_system.embedding_model - INFO - 嵌入模型管理器初始化成功，使用设备: cuda
2025-08-10 13:50:13,197 - RAG_system.retriever - INFO - 检索管理器初始化成功
2025-08-10 13:50:13,198 - RAG_system.embedding_model - INFO - 检测到GPU设备: NVIDIA GeForce RTX 4070 Laptop GPU, 共 1 个GPU
2025-08-10 13:50:13,199 - RAG_system.rag_manager - INFO - RAG管理器初始化成功，使用设备: cuda
2025-08-10 13:50:13,199 - RAG_system.rag_manager - INFO - 正在启动RAG管理器
2025-08-10 13:50:13,200 - RAG_system.rag_manager - INFO - 发现本地嵌入模型信息，正在加载
2025-08-10 13:50:13,201 - RAG_system.embedding_model - INFO - 正在加载嵌入模型: sentence-transformers/paraphrase-multilingual-MiniLM-L12-v2
2025-08-10 13:50:13,201 - RAG_system.embedding_model - INFO - 从本地加载嵌入模型: RAG_system/model\sentence-transformers_paraphrase-multilingual-MiniLM-L12-v2
2025-08-10 13:50:13,206 - sentence_transformers.SentenceTransformer - INFO - Load pretrained SentenceTransformer: RAG_system/model\sentence-transformers_paraphrase-multilingual-MiniLM-L12-v2
2025-08-10 13:50:13,206 - sentence_transformers.SentenceTransformer - WARNING - No sentence-transformers model found with name RAG_system/model\sentence-transformers_paraphrase-multilingual-MiniLM-L12-v2. Creating a new one with mean pooling.
2025-08-10 13:50:20,675 - RAG_system.embedding_model - INFO - 正在保存嵌入模型信息
2025-08-10 13:50:20,680 - RAG_system.embedding_model - INFO - 嵌入模型信息已保存到: RAG_system/model\model_info.json
2025-08-10 13:50:20,681 - RAG_system.embedding_model - INFO - 嵌入模型加载成功，使用设备: cuda
2025-08-10 13:50:20,681 - RAG_system.vector_store - INFO - 向量存储管理器初始化成功
2025-08-10 13:50:20,682 - RAG_system.rag_manager - INFO - 检查向量存储路径: RAG_system/RAG/vector_store\index.faiss
2025-08-10 13:50:20,683 - RAG_system.rag_manager - INFO - 发现本地向量存储，正在加载
2025-08-10 13:50:20,683 - RAG_system.vector_store - INFO - 正在从路径加载向量存储: vector_store
2025-08-10 13:50:46,603 - RAG_system.vector_store - INFO - 向量存储加载成功
2025-08-10 13:50:46,605 - RAG_system.retriever - INFO - 正在创建检索器
2025-08-10 13:50:46,606 - RAG_system.retriever - INFO - 检索器创建成功
2025-08-10 13:50:46,606 - RAG_system.rag_manager - INFO - RAG管理器启动成功
2025-08-10 13:50:46,607 - nodes.c_rag_retrieval_node - INFO - RAG检索节点初始化完成
2025-08-10 13:50:46,608 - graph - INFO - 添加所有节点...
2025-08-10 13:50:46,614 - graph - INFO - 配置节点间的路由逻辑...
2025-08-10 13:50:46,614 - graph - INFO - 编译图...
2025-08-10 13:50:46,617 - graph - INFO - 中医智能对话系统图创建完成
2025-08-10 13:50:46,617 - graph - INFO - 开始执行图...
2025-08-10 13:50:46,625 - nodes.a_input_node - INFO - 输入处理节点启动
2025-08-10 13:50:46,634 - nodes.a_input_node - INFO - 处理用户输入成功: '医生，我最近总是感到头晕目眩，还有腰膝酸软，晚上失眠多梦，手...'
2025-08-10 13:50:46,637 - nodes.b_safety_guard_node - INFO - 安全检查节点启动
2025-08-10 13:50:46,638 - nodes.b_safety_guard_node - INFO - 安全检查通过，未检测到紧急关键词
2025-08-10 13:50:46,639 - nodes.c_rag_retrieval_node - INFO - RAG检索节点启动
2025-08-10 13:50:46,639 - nodes.c_rag_retrieval_node - INFO - 执行检索，查询：医生，我最近总是感到头晕目眩，还有腰膝酸软，晚上失眠多梦，手心脚心发热，请帮我看看是什么问题？，k值：4
2025-08-10 13:50:46,640 - RAG_system.retriever - INFO - 正在执行检索操作，查询: 医生，我最近总是感到头晕目眩，还有腰膝酸软，晚上失眠多梦，手心脚心发热，请帮我看看是什么问题？
2025-08-10 13:50:48,176 - RAG_system.retriever - INFO - 检索完成，返回 4 个结果
2025-08-10 13:50:48,176 - nodes.c_rag_retrieval_node - INFO - 成功提取上下文，共4个文档
2025-08-10 13:51:00,794 - httpx - INFO - HTTP Request: POST https://dashscope.aliyuncs.com/compatible-mode/v1/chat/completions "HTTP/1.1 200 OK"
2025-08-10 13:51:00,808 - nodes.d_recognize_intent_node - INFO - 意图识别结果: diagnosis (置信度: 0.95)
2025-08-10 13:51:00,810 - nodes.e_symptom_extraction_node - INFO - 开始提取症状...
2025-08-10 13:51:14,264 - httpx - INFO - HTTP Request: POST https://dashscope.aliyuncs.com/compatible-mode/v1/chat/completions "HTTP/1.1 200 OK"
2025-08-10 13:51:14,283 - nodes.e_symptom_extraction_node - INFO - LLM原始输出: {'user_input': '医生，我最近总是感到头晕目眩，还有腰膝酸软，晚上失眠多梦，手心脚心发热，请帮我看看是什么问题？', 'message_history': 'human: 医生，我最近总是感到头晕目眩，还有腰膝酸软，晚上失眠多梦，手心脚心发热，请帮我看看是什么问题？', 'relevant_context': '[文档1] 来源: data/医藏-0869部/09伤寒-49本/09伤寒-49本/证治准绳伤寒-明-王肯堂.txt\n卷三\n\n\u3000\u3000阳明病\n\n\u3000\u3000（胃实不大便 自汗 不得卧 潮热 谵语 狂乱 循衣摸床 渴 呕）\n\n[文档2] 来源: data/医藏-0869部/09伤寒-49本/09伤寒-49本/伤寒证治准绳-明-王肯堂.txt\n卷三\n\n\u3000\u3000阳明病\n\n\u3000\u3000（胃实不大便 自汗 不得卧 潮热 谵语 狂乱 循衣摸床 渴 呕）\n\n[文档3] 来源: data/医藏-0869部/09医藏-0869部/09医藏-0869部/09伤寒-49本/伤寒证治准绳-明-王肯堂_20210525211840.txt\n卷三\n\n\u3000\u3000阳明病\n\n\u3000\u3000（胃实不大便 自汗 不得卧 潮热 谵语 狂乱 循衣摸床 渴 呕）\n\n[文档4] 来源: data/医藏-0869部/09医藏-0869部/09医藏-0869部/09伤寒-49本/证治准绳伤寒-明-王肯堂.txt\n卷三\n\n\u3000\u3000阳明病\n\n\u3000\u3000（胃实不大便 自汗 不得卧 潮热 谵语 狂乱 循衣摸床 渴 呕）\n', 'format_instructions': 'The output should be a markdown code snippet formatted in the following schema, including the leading and trailing "```json" and "```":\n\n```json\n{\n\t"symptoms": array  // 从用户描述中提取的症状列表，每个症状应包含症状名称、描述、严重程度和持续时间\n\t"missing_info": array  // 需要从用户那里获取的缺失信息列表，这些信息对诊断很重要\n\t"stage": string  // 当前会话阶段，应为\'symptom_collection\'\n}\n```', 'text': {'symptoms': [{'symptom_name': '头晕目眩', 'description': '最近总是感到头晕目眩', 'severity': None, 'duration': '最近'}, {'symptom_name': '腰膝酸软', 'description': '有腰膝酸软', 'severity': None, 'duration': '最近'}, {'symptom_name': '失眠', 'description': '晚上失眠多梦', 'severity': None, 'duration': '最近'}, {'symptom_name': '多梦', 'description': '晚上失眠多梦', 'severity': None, 'duration': '最近'}, {'symptom_name': '手心脚心发热', 'description': '手心脚心发热', 'severity': None, 'duration': '最近'}], 'missing_info': ['头晕目眩的具体发作频率和持续时间（例如：每天几次，每次持续多久）？', '是否有伴随恶心、呕吐、视力模糊或耳鸣等症状？', '腰膝酸软是否在劳累后加重？是否有下肢无力或麻木？', '失眠的具体情况：入睡困难、易醒、早醒或睡眠质量差？每周发生几次？', '多梦是否影响白天精神状态？梦境是否频繁或令人困扰？', '手心脚心发热是否夜间加重？是否伴有盗汗或潮热？', '是否有午后低热、口干咽燥、心烦易怒等阴虚内热表现？', '近期是否有体重变化、食欲改变或排便异常？', '既往是否有高血压、贫血、糖尿病或肾脏疾病？', '月经情况（如适用）：是否有月经不调、经量变化？'], 'stage': 'symptom_collection'}}
2025-08-10 13:51:14,284 - nodes.e_symptom_extraction_node - INFO - 解析后的输出: {'symptoms': [{'symptom_name': '头晕目眩', 'description': '最近总是感到头晕目眩', 'severity': None, 'duration': '最近'}, {'symptom_name': '腰膝酸软', 'description': '有腰膝酸软', 'severity': None, 'duration': '最近'}, {'symptom_name': '失眠', 'description': '晚上失眠多梦', 'severity': None, 'duration': '最近'}, {'symptom_name': '多梦', 'description': '晚上失眠多梦', 'severity': None, 'duration': '最近'}, {'symptom_name': '手心脚心发热', 'description': '手心脚心发热', 'severity': None, 'duration': '最近'}], 'missing_info': ['头晕目眩的具体发作频率和持续时间（例如：每天几次，每次持续多久）？', '是否有伴随恶心、呕吐、视力模糊或耳鸣等症状？', '腰膝酸软是否在劳累后加重？是否有下肢无力或麻木？', '失眠的具体情况：入睡困难、易醒、早醒或睡眠质量差？每周发生几次？', '多梦是否影响白天精神状态？梦境是否频繁或令人困扰？', '手心脚心发热是否夜间加重？是否伴有盗汗或潮热？', '是否有午后低热、口干咽燥、心烦易怒等阴虚内热表现？', '近期是否有体重变化、食欲改变或排便异常？', '既往是否有高血压、贫血、糖尿病或肾脏疾病？', '月经情况（如适用）：是否有月经不调、经量变化？'], 'stage': 'symptom_collection'}
2025-08-10 13:51:14,284 - nodes.e_symptom_extraction_node - INFO - 症状: [{'symptom_name': '头晕目眩', 'description': '最近总是感到头晕目眩', 'severity': None, 'duration': '最近'}, {'symptom_name': '腰膝酸软', 'description': '有腰膝酸软', 'severity': None, 'duration': '最近'}, {'symptom_name': '失眠', 'description': '晚上失眠多梦', 'severity': None, 'duration': '最近'}, {'symptom_name': '多梦', 'description': '晚上失眠多梦', 'severity': None, 'duration': '最近'}, {'symptom_name': '手心脚心发热', 'description': '手心脚心发热', 'severity': None, 'duration': '最近'}]
2025-08-10 13:51:14,286 - nodes.e_symptom_extraction_node - INFO - 缺失信息: ['头晕目眩的具体发作频率和持续时间（例如：每天几次，每次持续多久）？', '是否有伴随恶心、呕吐、视力模糊或耳鸣等症状？', '腰膝酸软是否在劳累后加重？是否有下肢无力或麻木？', '失眠的具体情况：入睡困难、易醒、早醒或睡眠质量差？每周发生几次？', '多梦是否影响白天精神状态？梦境是否频繁或令人困扰？', '手心脚心发热是否夜间加重？是否伴有盗汗或潮热？', '是否有午后低热、口干咽燥、心烦易怒等阴虚内热表现？', '近期是否有体重变化、食欲改变或排便异常？', '既往是否有高血压、贫血、糖尿病或肾脏疾病？', '月经情况（如适用）：是否有月经不调、经量变化？']
2025-08-10 13:51:14,286 - nodes.e_symptom_extraction_node - INFO - 提取到 5 个症状和 10 个缺失信息
2025-08-10 13:51:14,286 - nodes.e_symptom_extraction_node - INFO - 提取到5个症状，达到阈值2，信息充足
2025-08-10 13:51:14,287 - nodes.f_follow_up_question_node - INFO - 生成追问，共有 10 个缺失信息点
2025-08-10 13:51:14,658 - httpx - INFO - HTTP Request: POST https://api.deepseek.com/chat/completions "HTTP/1.1 200 OK"
2025-08-10 13:51:32,280 - nodes.f_follow_up_question_node - INFO - 生成的追问: 为了更全面地了解您的健康状况，我需要进一步询问一些细节，这对我们明确病因和制定合适的干预方案非常重要。  

您提到最近常感到头晕目眩，能否具体描述一下发作的频率和每次持续的时间？例如每天发生几次，每...
2025-08-10 13:51:32,281 - nodes.k_output_node - INFO - 输出处理完成，返回最终状态
2025-08-10 13:51:32,282 - graph - INFO - 图执行完成
2025-08-10 13:51:32,457 - TCMGraphTest - INFO - 执行成功: True
2025-08-10 13:51:32,457 - TCMGraphTest - INFO - 用户意图: diagnosis
2025-08-10 13:51:32,458 - TCMGraphTest - INFO - 提取症状数: 5
2025-08-10 13:51:32,458 - TCMGraphTest - INFO - 对话状态: awaiting_follow_up
2025-08-10 13:51:32,459 - TCMGraphTest - INFO - 响应长度: 465
2025-08-10 13:51:32,459 - TCMGraphTest - INFO - 响应时间: 79.26秒
2025-08-10 13:51:32,460 - TCMGraphTest - INFO - 紧急情况检测: False
2025-08-10 13:51:32,460 - TCMGraphTest - INFO - 安全评分: N/A
2025-08-10 13:51:32,460 - TCMGraphTest - INFO - 整体质量评分: 100.0/100
2025-08-10 13:51:32,461 - TCMGraphTest - INFO - ------------------------------------------------------------
2025-08-10 13:51:32,461 - TCMGraphTest - INFO - 执行测试 2/12
2025-08-10 13:51:32,461 - TCMGraphTest - INFO - 测试用例: 需要追问的诊断流程 - 症状不足
2025-08-10 13:51:32,461 - TCMGraphTest - INFO - 用户输入: 我咳嗽
2025-08-10 13:51:32,461 - graph - INFO - 开始处理用户输入: 我咳嗽
2025-08-10 13:51:32,462 - graph - INFO - 开始创建中医智能对话系统图...
2025-08-10 13:51:32,462 - nodes.c_rag_retrieval_node - INFO - 初始化RAG检索节点
2025-08-10 13:51:32,462 - RAG_system.embedding_model - INFO - 检测到GPU设备: NVIDIA GeForce RTX 4070 Laptop GPU, 共 1 个GPU
2025-08-10 13:51:32,463 - RAG_system.embedding_model - INFO - 嵌入模型管理器初始化成功，使用设备: cuda
2025-08-10 13:51:32,463 - RAG_system.retriever - INFO - 检索管理器初始化成功
2025-08-10 13:51:32,463 - RAG_system.embedding_model - INFO - 检测到GPU设备: NVIDIA GeForce RTX 4070 Laptop GPU, 共 1 个GPU
2025-08-10 13:51:32,464 - RAG_system.rag_manager - INFO - RAG管理器初始化成功，使用设备: cuda
2025-08-10 13:51:32,464 - RAG_system.rag_manager - INFO - 正在启动RAG管理器
2025-08-10 13:51:32,464 - RAG_system.rag_manager - INFO - 发现本地嵌入模型信息，正在加载
2025-08-10 13:51:32,465 - RAG_system.embedding_model - INFO - 正在加载嵌入模型: sentence-transformers/paraphrase-multilingual-MiniLM-L12-v2
2025-08-10 13:51:32,465 - RAG_system.embedding_model - INFO - 从本地加载嵌入模型: RAG_system/model\sentence-transformers_paraphrase-multilingual-MiniLM-L12-v2
2025-08-10 13:51:32,469 - sentence_transformers.SentenceTransformer - INFO - Load pretrained SentenceTransformer: RAG_system/model\sentence-transformers_paraphrase-multilingual-MiniLM-L12-v2
2025-08-10 13:51:32,469 - sentence_transformers.SentenceTransformer - WARNING - No sentence-transformers model found with name RAG_system/model\sentence-transformers_paraphrase-multilingual-MiniLM-L12-v2. Creating a new one with mean pooling.
2025-08-10 13:51:45,610 - RAG_system.embedding_model - INFO - 正在保存嵌入模型信息
2025-08-10 13:51:45,613 - RAG_system.embedding_model - INFO - 嵌入模型信息已保存到: RAG_system/model\model_info.json
2025-08-10 13:51:45,613 - RAG_system.embedding_model - INFO - 嵌入模型加载成功，使用设备: cuda
2025-08-10 13:51:45,613 - RAG_system.vector_store - INFO - 向量存储管理器初始化成功
2025-08-10 13:51:45,613 - RAG_system.rag_manager - INFO - 检查向量存储路径: RAG_system/RAG/vector_store\index.faiss
2025-08-10 13:51:45,614 - RAG_system.rag_manager - INFO - 发现本地向量存储，正在加载
2025-08-10 13:51:45,614 - RAG_system.vector_store - INFO - 正在从路径加载向量存储: vector_store
2025-08-10 13:52:11,444 - RAG_system.vector_store - INFO - 向量存储加载成功
2025-08-10 13:52:11,444 - RAG_system.retriever - INFO - 正在创建检索器
2025-08-10 13:52:11,444 - RAG_system.retriever - INFO - 检索器创建成功
2025-08-10 13:52:11,446 - RAG_system.rag_manager - INFO - RAG管理器启动成功
2025-08-10 13:52:11,446 - nodes.c_rag_retrieval_node - INFO - RAG检索节点初始化完成
2025-08-10 13:52:11,446 - graph - INFO - 添加所有节点...
2025-08-10 13:52:11,449 - graph - INFO - 配置节点间的路由逻辑...
2025-08-10 13:52:11,450 - graph - INFO - 编译图...
2025-08-10 13:52:11,451 - graph - INFO - 中医智能对话系统图创建完成
2025-08-10 13:52:11,451 - graph - INFO - 开始执行图...
2025-08-10 13:52:11,452 - nodes.a_input_node - INFO - 输入处理节点启动
2025-08-10 13:52:11,452 - nodes.a_input_node - INFO - 处理用户输入成功: '我咳嗽'
2025-08-10 13:52:11,453 - nodes.b_safety_guard_node - INFO - 安全检查节点启动
2025-08-10 13:52:11,454 - nodes.b_safety_guard_node - INFO - 安全检查通过，未检测到紧急关键词
2025-08-10 13:52:11,455 - nodes.c_rag_retrieval_node - INFO - RAG检索节点启动
2025-08-10 13:52:11,455 - nodes.c_rag_retrieval_node - INFO - 执行检索，查询：我咳嗽，k值：4
2025-08-10 13:52:11,455 - RAG_system.retriever - INFO - 正在执行检索操作，查询: 我咳嗽
2025-08-10 13:52:11,504 - RAG_system.retriever - INFO - 检索完成，返回 4 个结果
2025-08-10 13:52:11,505 - nodes.c_rag_retrieval_node - INFO - 成功提取上下文，共4个文档
2025-08-10 13:52:12,583 - httpx - INFO - HTTP Request: POST https://dashscope.aliyuncs.com/compatible-mode/v1/chat/completions "HTTP/1.1 200 OK"
2025-08-10 13:52:12,585 - nodes.d_recognize_intent_node - INFO - 意图识别结果: diagnosis (置信度: 1)
2025-08-10 13:52:12,586 - nodes.e_symptom_extraction_node - INFO - 开始提取症状...
2025-08-10 13:52:17,330 - httpx - INFO - HTTP Request: POST https://dashscope.aliyuncs.com/compatible-mode/v1/chat/completions "HTTP/1.1 200 OK"
2025-08-10 13:52:17,336 - nodes.e_symptom_extraction_node - INFO - LLM原始输出: {'user_input': '我咳嗽', 'message_history': 'human: 我咳嗽', 'relevant_context': '[文档1] 来源: data/医藏-0869部/09医藏-0869部/09医藏-0869部/14医部全录-123本/医部全录卷422至卷423-小儿嗽喘门.txt\n欬嗽\n\n[文档2] 来源: data/医藏-0869部/14医部全录-123本/14医部全录-123本/医部全录卷422至卷423-小儿嗽喘门.txt\n欬嗽\n\n[文档3] 来源: data/医藏-0869部/07素问-18本/07素问-18本/读素问钞-元-滑寿.txt\n下满（ 亦胁也）脾咳之状咳则右 下痛阴阴引肩背甚则不可以动动则咳剧（续脾气连肺故痛引肩背也脾气主右故右\n\n[文档4] 来源: data/医藏-0869部/09医藏-0869部/09医藏-0869部/07素问-18本/读素问钞-元-滑寿.txt\n下满（ 亦胁也）脾咳之状咳则右 下痛阴阴引肩背甚则不可以动动则咳剧（续脾气连肺故痛引肩背也脾气主右故右\n', 'format_instructions': 'The output should be a markdown code snippet formatted in the following schema, including the leading and trailing "```json" and "```":\n\n```json\n{\n\t"symptoms": array  // 从用户描述中提取的症状列表，每个症状应包含症状名称、描述、严重程度和持续时间\n\t"missing_info": array  // 需要从用户那里获取的缺失信息列表，这些信息对诊断很重要\n\t"stage": string  // 当前会话阶段，应为\'symptom_collection\'\n}\n```', 'text': {'symptoms': [{'symptom': '咳嗽', 'description': '我咳嗽', 'severity': None, 'duration': None}], 'missing_info': ['咳嗽持续了多长时间？', '咳嗽是干咳还是有痰？', '痰的颜色和性状是什么？', '是否有发热、胸痛、呼吸困难等症状？', '咳嗽在什么时间加重（如夜间、清晨）？', '是否有过敏史或近期接触刺激性物质？', '是否有吸烟史或环境暴露史？'], 'stage': 'symptom_collection'}}
2025-08-10 13:52:17,337 - nodes.e_symptom_extraction_node - INFO - 解析后的输出: {'symptoms': [{'symptom': '咳嗽', 'description': '我咳嗽', 'severity': None, 'duration': None}], 'missing_info': ['咳嗽持续了多长时间？', '咳嗽是干咳还是有痰？', '痰的颜色和性状是什么？', '是否有发热、胸痛、呼吸困难等症状？', '咳嗽在什么时间加重（如夜间、清晨）？', '是否有过敏史或近期接触刺激性物质？', '是否有吸烟史或环境暴露史？'], 'stage': 'symptom_collection'}
2025-08-10 13:52:17,337 - nodes.e_symptom_extraction_node - INFO - 症状: [{'symptom': '咳嗽', 'description': '我咳嗽', 'severity': None, 'duration': None}]
2025-08-10 13:52:17,338 - nodes.e_symptom_extraction_node - INFO - 缺失信息: ['咳嗽持续了多长时间？', '咳嗽是干咳还是有痰？', '痰的颜色和性状是什么？', '是否有发热、胸痛、呼吸困难等症状？', '咳嗽在什么时间加重（如夜间、清晨）？', '是否有过敏史或近期接触刺激性物质？', '是否有吸烟史或环境暴露史？']
2025-08-10 13:52:17,338 - nodes.e_symptom_extraction_node - INFO - 提取到 1 个症状和 7 个缺失信息
2025-08-10 13:52:17,339 - nodes.e_symptom_extraction_node - INFO - 提取到1个症状，少于阈值2，需要更多信息
2025-08-10 13:52:17,341 - nodes.f_follow_up_question_node - INFO - 生成追问，共有 7 个缺失信息点
2025-08-10 13:52:17,498 - httpx - INFO - HTTP Request: POST https://api.deepseek.com/chat/completions "HTTP/1.1 200 OK"
2025-08-10 13:52:33,808 - nodes.f_follow_up_question_node - INFO - 生成的追问: "感谢您描述您的症状。为了更好地了解您的咳嗽情况并为您提供更准确的建议，我需要进一步询问一些细节。您能告诉我这种咳嗽已经持续多久了吗？另外，咳嗽时是否有痰液产生？如果有的话，痰液的颜色和粘稠度是怎样的...
2025-08-10 13:52:33,810 - nodes.k_output_node - INFO - 输出处理完成，返回最终状态
2025-08-10 13:52:33,810 - graph - INFO - 图执行完成
2025-08-10 13:52:33,939 - TCMGraphTest - INFO - 执行成功: True
2025-08-10 13:52:33,940 - TCMGraphTest - INFO - 用户意图: diagnosis
2025-08-10 13:52:33,940 - TCMGraphTest - INFO - 提取症状数: 1
2025-08-10 13:52:33,942 - TCMGraphTest - INFO - 对话状态: awaiting_follow_up
2025-08-10 13:52:33,942 - TCMGraphTest - INFO - 响应长度: 389
2025-08-10 13:52:33,942 - TCMGraphTest - INFO - 响应时间: 61.48秒
2025-08-10 13:52:33,942 - TCMGraphTest - INFO - 紧急情况检测: False
2025-08-10 13:52:33,943 - TCMGraphTest - INFO - 安全评分: N/A
2025-08-10 13:52:33,943 - TCMGraphTest - INFO - 整体质量评分: 100.0/100
2025-08-10 13:52:33,943 - TCMGraphTest - INFO - ------------------------------------------------------------
2025-08-10 13:52:33,943 - TCMGraphTest - INFO - 执行测试 3/12
2025-08-10 13:52:33,943 - TCMGraphTest - INFO - 测试用例: 典型脾虚证诊断
2025-08-10 13:52:33,943 - TCMGraphTest - INFO - 用户输入: 我最近总是感到疲乏无力，不想吃饭，大便也不成形，容易腹胀，请医生帮我诊断一下。
2025-08-10 13:52:33,944 - graph - INFO - 开始处理用户输入: 我最近总是感到疲乏无力，不想吃饭，大便也不成形，容易腹胀，请医生帮我诊断一下。
2025-08-10 13:52:33,944 - graph - INFO - 开始创建中医智能对话系统图...
2025-08-10 13:52:33,944 - nodes.c_rag_retrieval_node - INFO - 初始化RAG检索节点
2025-08-10 13:52:33,944 - RAG_system.embedding_model - INFO - 检测到GPU设备: NVIDIA GeForce RTX 4070 Laptop GPU, 共 1 个GPU
2025-08-10 13:52:33,944 - RAG_system.embedding_model - INFO - 嵌入模型管理器初始化成功，使用设备: cuda
2025-08-10 13:52:33,944 - RAG_system.retriever - INFO - 检索管理器初始化成功
2025-08-10 13:52:33,945 - RAG_system.embedding_model - INFO - 检测到GPU设备: NVIDIA GeForce RTX 4070 Laptop GPU, 共 1 个GPU
2025-08-10 13:52:33,945 - RAG_system.rag_manager - INFO - RAG管理器初始化成功，使用设备: cuda
2025-08-10 13:52:33,946 - RAG_system.rag_manager - INFO - 正在启动RAG管理器
2025-08-10 13:52:33,946 - RAG_system.rag_manager - INFO - 发现本地嵌入模型信息，正在加载
2025-08-10 13:52:33,947 - RAG_system.embedding_model - INFO - 正在加载嵌入模型: sentence-transformers/paraphrase-multilingual-MiniLM-L12-v2
2025-08-10 13:52:33,947 - RAG_system.embedding_model - INFO - 从本地加载嵌入模型: RAG_system/model\sentence-transformers_paraphrase-multilingual-MiniLM-L12-v2
2025-08-10 13:52:33,951 - sentence_transformers.SentenceTransformer - INFO - Load pretrained SentenceTransformer: RAG_system/model\sentence-transformers_paraphrase-multilingual-MiniLM-L12-v2
2025-08-10 13:52:33,951 - sentence_transformers.SentenceTransformer - WARNING - No sentence-transformers model found with name RAG_system/model\sentence-transformers_paraphrase-multilingual-MiniLM-L12-v2. Creating a new one with mean pooling.
2025-08-10 13:52:47,375 - RAG_system.embedding_model - INFO - 正在保存嵌入模型信息
2025-08-10 13:52:47,378 - RAG_system.embedding_model - INFO - 嵌入模型信息已保存到: RAG_system/model\model_info.json
2025-08-10 13:52:47,378 - RAG_system.embedding_model - INFO - 嵌入模型加载成功，使用设备: cuda
2025-08-10 13:52:47,379 - RAG_system.vector_store - INFO - 向量存储管理器初始化成功
2025-08-10 13:52:47,379 - RAG_system.rag_manager - INFO - 检查向量存储路径: RAG_system/RAG/vector_store\index.faiss
2025-08-10 13:52:47,379 - RAG_system.rag_manager - INFO - 发现本地向量存储，正在加载
2025-08-10 13:52:47,379 - RAG_system.vector_store - INFO - 正在从路径加载向量存储: vector_store
2025-08-10 13:52:49,660 - RAG_system.vector_store - INFO - 向量存储加载成功
2025-08-10 13:52:49,661 - RAG_system.retriever - INFO - 正在创建检索器
2025-08-10 13:52:49,662 - RAG_system.retriever - INFO - 检索器创建成功
2025-08-10 13:52:49,663 - RAG_system.rag_manager - INFO - RAG管理器启动成功
2025-08-10 13:52:49,663 - nodes.c_rag_retrieval_node - INFO - RAG检索节点初始化完成
2025-08-10 13:52:49,664 - graph - INFO - 添加所有节点...
2025-08-10 13:52:49,666 - graph - INFO - 配置节点间的路由逻辑...
2025-08-10 13:52:49,666 - graph - INFO - 编译图...
2025-08-10 13:52:49,668 - graph - INFO - 中医智能对话系统图创建完成
2025-08-10 13:52:49,668 - graph - INFO - 开始执行图...
2025-08-10 13:52:49,669 - nodes.a_input_node - INFO - 输入处理节点启动
2025-08-10 13:52:49,670 - nodes.a_input_node - INFO - 处理用户输入成功: '我最近总是感到疲乏无力，不想吃饭，大便也不成形，容易腹胀，请...'
2025-08-10 13:52:49,670 - nodes.b_safety_guard_node - INFO - 安全检查节点启动
2025-08-10 13:52:49,671 - nodes.b_safety_guard_node - INFO - 安全检查通过，未检测到紧急关键词
2025-08-10 13:52:49,671 - nodes.c_rag_retrieval_node - INFO - RAG检索节点启动
2025-08-10 13:52:49,672 - nodes.c_rag_retrieval_node - INFO - 执行检索，查询：我最近总是感到疲乏无力，不想吃饭，大便也不成形，容易腹胀，请医生帮我诊断一下。，k值：4
2025-08-10 13:52:49,672 - RAG_system.retriever - INFO - 正在执行检索操作，查询: 我最近总是感到疲乏无力，不想吃饭，大便也不成形，容易腹胀，请医生帮我诊断一下。
2025-08-10 13:52:49,707 - RAG_system.retriever - INFO - 检索完成，返回 4 个结果
2025-08-10 13:52:49,708 - nodes.c_rag_retrieval_node - INFO - 成功提取上下文，共4个文档
2025-08-10 13:52:51,225 - httpx - INFO - HTTP Request: POST https://dashscope.aliyuncs.com/compatible-mode/v1/chat/completions "HTTP/1.1 200 OK"
2025-08-10 13:52:51,230 - nodes.d_recognize_intent_node - INFO - 意图识别结果: diagnosis (置信度: 0.9)
2025-08-10 13:52:51,231 - nodes.e_symptom_extraction_node - INFO - 开始提取症状...
2025-08-10 13:52:59,602 - httpx - INFO - HTTP Request: POST https://dashscope.aliyuncs.com/compatible-mode/v1/chat/completions "HTTP/1.1 200 OK"
2025-08-10 13:52:59,613 - nodes.e_symptom_extraction_node - INFO - LLM原始输出: {'user_input': '我最近总是感到疲乏无力，不想吃饭，大便也不成形，容易腹胀，请医生帮我诊断一下。', 'message_history': 'human: 我最近总是感到疲乏无力，不想吃饭，大便也不成形，容易腹胀，请医生帮我诊断一下。', 'relevant_context': '[文档1] 来源: data/医藏-0869部/09伤寒-49本/09伤寒-49本/证治准绳伤寒-明-王肯堂.txt\n卷三\n\n\u3000\u3000阳明病\n\n\u3000\u3000（胃实不大便 自汗 不得卧 潮热 谵语 狂乱 循衣摸床 渴 呕）\n\n[文档2] 来源: data/医藏-0869部/09伤寒-49本/09伤寒-49本/伤寒证治准绳-明-王肯堂.txt\n卷三\n\n\u3000\u3000阳明病\n\n\u3000\u3000（胃实不大便 自汗 不得卧 潮热 谵语 狂乱 循衣摸床 渴 呕）\n\n[文档3] 来源: data/医藏-0869部/09医藏-0869部/09医藏-0869部/09伤寒-49本/伤寒证治准绳-明-王肯堂_20210525211840.txt\n卷三\n\n\u3000\u3000阳明病\n\n\u3000\u3000（胃实不大便 自汗 不得卧 潮热 谵语 狂乱 循衣摸床 渴 呕）\n\n[文档4] 来源: data/医藏-0869部/09医藏-0869部/09医藏-0869部/09伤寒-49本/证治准绳伤寒-明-王肯堂.txt\n卷三\n\n\u3000\u3000阳明病\n\n\u3000\u3000（胃实不大便 自汗 不得卧 潮热 谵语 狂乱 循衣摸床 渴 呕）\n', 'format_instructions': 'The output should be a markdown code snippet formatted in the following schema, including the leading and trailing "```json" and "```":\n\n```json\n{\n\t"symptoms": array  // 从用户描述中提取的症状列表，每个症状应包含症状名称、描述、严重程度和持续时间\n\t"missing_info": array  // 需要从用户那里获取的缺失信息列表，这些信息对诊断很重要\n\t"stage": string  // 当前会话阶段，应为\'symptom_collection\'\n}\n```', 'text': {'symptoms': [{'symptom_name': '疲乏无力', 'description': '我最近总是感到疲乏无力', 'severity': None, 'duration': '最近'}, {'symptom_name': '食欲减退', 'description': '不想吃饭', 'severity': None, 'duration': '最近'}, {'symptom_name': '大便不成形', 'description': '大便也不成形', 'severity': None, 'duration': '最近'}, {'symptom_name': '腹胀', 'description': '容易腹胀', 'severity': None, 'duration': '最近'}], 'missing_info': ['疲乏无力的具体程度如何？是否影响日常活动？', '食欲减退是从什么时候开始的？是否有体重下降？', '大便不成形的频率是多少？是否伴有腹泻或黏液、血便？', '腹胀是否与进食有关？是持续性还是间歇性？', '是否有发热、恶心、呕吐、腹痛等症状？', '症状持续的具体时间（如几天、几周或更久）？', '是否有既往胃肠疾病史或近期用药史？', '是否有精神压力大、睡眠障碍等其他相关因素？'], 'stage': 'symptom_collection'}}
2025-08-10 13:52:59,614 - nodes.e_symptom_extraction_node - INFO - 解析后的输出: {'symptoms': [{'symptom_name': '疲乏无力', 'description': '我最近总是感到疲乏无力', 'severity': None, 'duration': '最近'}, {'symptom_name': '食欲减退', 'description': '不想吃饭', 'severity': None, 'duration': '最近'}, {'symptom_name': '大便不成形', 'description': '大便也不成形', 'severity': None, 'duration': '最近'}, {'symptom_name': '腹胀', 'description': '容易腹胀', 'severity': None, 'duration': '最近'}], 'missing_info': ['疲乏无力的具体程度如何？是否影响日常活动？', '食欲减退是从什么时候开始的？是否有体重下降？', '大便不成形的频率是多少？是否伴有腹泻或黏液、血便？', '腹胀是否与进食有关？是持续性还是间歇性？', '是否有发热、恶心、呕吐、腹痛等症状？', '症状持续的具体时间（如几天、几周或更久）？', '是否有既往胃肠疾病史或近期用药史？', '是否有精神压力大、睡眠障碍等其他相关因素？'], 'stage': 'symptom_collection'}
2025-08-10 13:52:59,614 - nodes.e_symptom_extraction_node - INFO - 症状: [{'symptom_name': '疲乏无力', 'description': '我最近总是感到疲乏无力', 'severity': None, 'duration': '最近'}, {'symptom_name': '食欲减退', 'description': '不想吃饭', 'severity': None, 'duration': '最近'}, {'symptom_name': '大便不成形', 'description': '大便也不成形', 'severity': None, 'duration': '最近'}, {'symptom_name': '腹胀', 'description': '容易腹胀', 'severity': None, 'duration': '最近'}]
2025-08-10 13:52:59,614 - nodes.e_symptom_extraction_node - INFO - 缺失信息: ['疲乏无力的具体程度如何？是否影响日常活动？', '食欲减退是从什么时候开始的？是否有体重下降？', '大便不成形的频率是多少？是否伴有腹泻或黏液、血便？', '腹胀是否与进食有关？是持续性还是间歇性？', '是否有发热、恶心、呕吐、腹痛等症状？', '症状持续的具体时间（如几天、几周或更久）？', '是否有既往胃肠疾病史或近期用药史？', '是否有精神压力大、睡眠障碍等其他相关因素？']
2025-08-10 13:52:59,614 - nodes.e_symptom_extraction_node - INFO - 提取到 4 个症状和 8 个缺失信息
2025-08-10 13:52:59,615 - nodes.e_symptom_extraction_node - INFO - 提取到4个症状，达到阈值2，信息充足
2025-08-10 13:52:59,615 - nodes.f_follow_up_question_node - INFO - 生成追问，共有 8 个缺失信息点
2025-08-10 13:53:10,797 - httpx - INFO - HTTP Request: POST https://api.deepseek.com/chat/completions "HTTP/1.1 200 OK"
2025-08-10 13:53:24,754 - nodes.f_follow_up_question_node - INFO - 生成的追问: "感谢您详细描述这些不适症状。为了更好地了解您的状况，我需要进一步询问一些细节。您提到感到疲乏无力，这种疲劳感是否已经影响到日常活动，比如工作或家务？另外，食欲减退和大便不成形是从什么时候开始的？是否...
2025-08-10 13:53:24,755 - nodes.k_output_node - INFO - 输出处理完成，返回最终状态
2025-08-10 13:53:24,756 - graph - INFO - 图执行完成
2025-08-10 13:53:24,904 - TCMGraphTest - INFO - 执行成功: True
2025-08-10 13:53:24,904 - TCMGraphTest - INFO - 用户意图: diagnosis
2025-08-10 13:53:24,905 - TCMGraphTest - INFO - 提取症状数: 4
2025-08-10 13:53:24,905 - TCMGraphTest - INFO - 对话状态: awaiting_follow_up
2025-08-10 13:53:24,905 - TCMGraphTest - INFO - 响应长度: 322
2025-08-10 13:53:24,906 - TCMGraphTest - INFO - 响应时间: 50.96秒
2025-08-10 13:53:24,907 - TCMGraphTest - INFO - 紧急情况检测: False
2025-08-10 13:53:24,907 - TCMGraphTest - INFO - 安全评分: N/A
2025-08-10 13:53:24,907 - TCMGraphTest - INFO - 整体质量评分: 100.0/100
2025-08-10 13:53:24,908 - TCMGraphTest - INFO - ------------------------------------------------------------
2025-08-10 13:53:24,908 - TCMGraphTest - INFO - 执行测试 4/12
2025-08-10 13:53:24,908 - TCMGraphTest - INFO - 测试用例: 肝郁气滞证诊断
2025-08-10 13:53:24,908 - TCMGraphTest - INFO - 用户输入: 医生，我胸胁部位经常胀痛，心情抑郁，容易生气，还经常嗳气，这是怎么回事？
2025-08-10 13:53:24,909 - graph - INFO - 开始处理用户输入: 医生，我胸胁部位经常胀痛，心情抑郁，容易生气，还经常嗳气，这是怎么回事？
2025-08-10 13:53:24,909 - graph - INFO - 开始创建中医智能对话系统图...
2025-08-10 13:53:24,909 - nodes.c_rag_retrieval_node - INFO - 初始化RAG检索节点
2025-08-10 13:53:24,910 - RAG_system.embedding_model - INFO - 检测到GPU设备: NVIDIA GeForce RTX 4070 Laptop GPU, 共 1 个GPU
2025-08-10 13:53:24,910 - RAG_system.embedding_model - INFO - 嵌入模型管理器初始化成功，使用设备: cuda
2025-08-10 13:53:24,910 - RAG_system.retriever - INFO - 检索管理器初始化成功
2025-08-10 13:53:24,910 - RAG_system.embedding_model - INFO - 检测到GPU设备: NVIDIA GeForce RTX 4070 Laptop GPU, 共 1 个GPU
2025-08-10 13:53:24,910 - RAG_system.rag_manager - INFO - RAG管理器初始化成功，使用设备: cuda
2025-08-10 13:53:24,911 - RAG_system.rag_manager - INFO - 正在启动RAG管理器
2025-08-10 13:53:24,911 - RAG_system.rag_manager - INFO - 发现本地嵌入模型信息，正在加载
2025-08-10 13:53:24,912 - RAG_system.embedding_model - INFO - 正在加载嵌入模型: sentence-transformers/paraphrase-multilingual-MiniLM-L12-v2
2025-08-10 13:53:24,912 - RAG_system.embedding_model - INFO - 从本地加载嵌入模型: RAG_system/model\sentence-transformers_paraphrase-multilingual-MiniLM-L12-v2
2025-08-10 13:53:24,914 - sentence_transformers.SentenceTransformer - INFO - Load pretrained SentenceTransformer: RAG_system/model\sentence-transformers_paraphrase-multilingual-MiniLM-L12-v2
2025-08-10 13:53:24,914 - sentence_transformers.SentenceTransformer - WARNING - No sentence-transformers model found with name RAG_system/model\sentence-transformers_paraphrase-multilingual-MiniLM-L12-v2. Creating a new one with mean pooling.
2025-08-10 13:53:25,744 - RAG_system.embedding_model - INFO - 正在保存嵌入模型信息
2025-08-10 13:53:25,746 - RAG_system.embedding_model - INFO - 嵌入模型信息已保存到: RAG_system/model\model_info.json
2025-08-10 13:53:25,748 - RAG_system.embedding_model - INFO - 嵌入模型加载成功，使用设备: cuda
2025-08-10 13:53:25,748 - RAG_system.vector_store - INFO - 向量存储管理器初始化成功
2025-08-10 13:53:25,749 - RAG_system.rag_manager - INFO - 检查向量存储路径: RAG_system/RAG/vector_store\index.faiss
2025-08-10 13:53:25,749 - RAG_system.rag_manager - INFO - 发现本地向量存储，正在加载
2025-08-10 13:53:25,749 - RAG_system.vector_store - INFO - 正在从路径加载向量存储: vector_store
2025-08-10 13:53:28,381 - RAG_system.vector_store - INFO - 向量存储加载成功
2025-08-10 13:53:28,382 - RAG_system.retriever - INFO - 正在创建检索器
2025-08-10 13:53:28,382 - RAG_system.retriever - INFO - 检索器创建成功
2025-08-10 13:53:28,383 - RAG_system.rag_manager - INFO - RAG管理器启动成功
2025-08-10 13:53:28,383 - nodes.c_rag_retrieval_node - INFO - RAG检索节点初始化完成
2025-08-10 13:53:28,384 - graph - INFO - 添加所有节点...
2025-08-10 13:53:28,387 - graph - INFO - 配置节点间的路由逻辑...
2025-08-10 13:53:28,387 - graph - INFO - 编译图...
2025-08-10 13:53:28,388 - graph - INFO - 中医智能对话系统图创建完成
2025-08-10 13:53:28,389 - graph - INFO - 开始执行图...
2025-08-10 13:53:28,390 - nodes.a_input_node - INFO - 输入处理节点启动
2025-08-10 13:53:28,390 - nodes.a_input_node - INFO - 处理用户输入成功: '医生，我胸胁部位经常胀痛，心情抑郁，容易生气，还经常嗳气，这...'
2025-08-10 13:53:28,390 - nodes.b_safety_guard_node - INFO - 安全检查节点启动
2025-08-10 13:53:28,390 - nodes.b_safety_guard_node - INFO - 安全检查通过，未检测到紧急关键词
2025-08-10 13:53:28,391 - nodes.c_rag_retrieval_node - INFO - RAG检索节点启动
2025-08-10 13:53:28,391 - nodes.c_rag_retrieval_node - INFO - 执行检索，查询：医生，我胸胁部位经常胀痛，心情抑郁，容易生气，还经常嗳气，这是怎么回事？，k值：4
2025-08-10 13:53:28,392 - RAG_system.retriever - INFO - 正在执行检索操作，查询: 医生，我胸胁部位经常胀痛，心情抑郁，容易生气，还经常嗳气，这是怎么回事？
2025-08-10 13:53:28,432 - RAG_system.retriever - INFO - 检索完成，返回 4 个结果
2025-08-10 13:53:28,432 - nodes.c_rag_retrieval_node - INFO - 成功提取上下文，共4个文档
2025-08-10 13:53:29,841 - httpx - INFO - HTTP Request: POST https://dashscope.aliyuncs.com/compatible-mode/v1/chat/completions "HTTP/1.1 200 OK"
2025-08-10 13:53:29,844 - nodes.d_recognize_intent_node - INFO - 意图识别结果: diagnosis (置信度: 0.95)
2025-08-10 13:53:29,846 - nodes.e_symptom_extraction_node - INFO - 开始提取症状...
2025-08-10 13:53:40,314 - httpx - INFO - HTTP Request: POST https://dashscope.aliyuncs.com/compatible-mode/v1/chat/completions "HTTP/1.1 200 OK"
2025-08-10 13:53:40,323 - nodes.e_symptom_extraction_node - INFO - LLM原始输出: {'user_input': '医生，我胸胁部位经常胀痛，心情抑郁，容易生气，还经常嗳气，这是怎么回事？', 'message_history': 'human: 医生，我胸胁部位经常胀痛，心情抑郁，容易生气，还经常嗳气，这是怎么回事？', 'relevant_context': '[文档1] 来源: data/医藏-0869部/09医藏-0869部/09医藏-0869部/14医部全录-123本/医部全录卷180至卷185-胸腹门.txt\n腹痛\n\n[文档2] 来源: data/医藏-0869部/14医部全录-123本/14医部全录-123本/医部全录卷180至卷185-胸腹门.txt\n腹痛\n\n[文档3] 来源: data/医藏-0869部/09医藏-0869部/09医藏-0869部/14医部全录-123本/医部全录卷180至卷185-胸腹门.txt\n心痛\n\n[文档4] 来源: data/医藏-0869部/14医部全录-123本/14医部全录-123本/医部全录卷180至卷185-胸腹门.txt\n心痛\n', 'format_instructions': 'The output should be a markdown code snippet formatted in the following schema, including the leading and trailing "```json" and "```":\n\n```json\n{\n\t"symptoms": array  // 从用户描述中提取的症状列表，每个症状应包含症状名称、描述、严重程度和持续时间\n\t"missing_info": array  // 需要从用户那里获取的缺失信息列表，这些信息对诊断很重要\n\t"stage": string  // 当前会话阶段，应为\'symptom_collection\'\n}\n```', 'text': {'symptoms': [{'symptom_name': '胸胁胀痛', 'description': '胸胁部位经常胀痛', 'severity': None, 'duration': '经常'}, {'symptom_name': '心情抑郁', 'description': '心情抑郁', 'severity': None, 'duration': None}, {'symptom_name': '易怒', 'description': '容易生气', 'severity': None, 'duration': None}, {'symptom_name': '嗳气', 'description': '经常嗳气', 'severity': None, 'duration': '经常'}], 'missing_info': ['胸胁胀痛的具体位置是单侧还是双侧？是否向其他部位放射？', '胸胁胀痛的性质（如胀痛、刺痛、隐痛、灼痛等）是什么？', '症状是否与饮食、情绪波动或体位变化有关？', '嗳气是否伴有反酸、胃灼热、食欲改变或体重下降？', '心情抑郁和易怒的持续时间有多久？是否有精神压力或生活事件诱因？', '是否有消化系统疾病史或肝胆疾病史？', '是否有睡眠障碍、疲劳或其他伴随症状？', '症状首次出现的时间以及发作频率如何？', '是否已进行过相关检查（如肝胆B超、胃镜等）？结果如何？'], 'stage': 'symptom_collection'}}
2025-08-10 13:53:40,324 - nodes.e_symptom_extraction_node - INFO - 解析后的输出: {'symptoms': [{'symptom_name': '胸胁胀痛', 'description': '胸胁部位经常胀痛', 'severity': None, 'duration': '经常'}, {'symptom_name': '心情抑郁', 'description': '心情抑郁', 'severity': None, 'duration': None}, {'symptom_name': '易怒', 'description': '容易生气', 'severity': None, 'duration': None}, {'symptom_name': '嗳气', 'description': '经常嗳气', 'severity': None, 'duration': '经常'}], 'missing_info': ['胸胁胀痛的具体位置是单侧还是双侧？是否向其他部位放射？', '胸胁胀痛的性质（如胀痛、刺痛、隐痛、灼痛等）是什么？', '症状是否与饮食、情绪波动或体位变化有关？', '嗳气是否伴有反酸、胃灼热、食欲改变或体重下降？', '心情抑郁和易怒的持续时间有多久？是否有精神压力或生活事件诱因？', '是否有消化系统疾病史或肝胆疾病史？', '是否有睡眠障碍、疲劳或其他伴随症状？', '症状首次出现的时间以及发作频率如何？', '是否已进行过相关检查（如肝胆B超、胃镜等）？结果如何？'], 'stage': 'symptom_collection'}
2025-08-10 13:53:40,324 - nodes.e_symptom_extraction_node - INFO - 症状: [{'symptom_name': '胸胁胀痛', 'description': '胸胁部位经常胀痛', 'severity': None, 'duration': '经常'}, {'symptom_name': '心情抑郁', 'description': '心情抑郁', 'severity': None, 'duration': None}, {'symptom_name': '易怒', 'description': '容易生气', 'severity': None, 'duration': None}, {'symptom_name': '嗳气', 'description': '经常嗳气', 'severity': None, 'duration': '经常'}]
2025-08-10 13:53:40,325 - nodes.e_symptom_extraction_node - INFO - 缺失信息: ['胸胁胀痛的具体位置是单侧还是双侧？是否向其他部位放射？', '胸胁胀痛的性质（如胀痛、刺痛、隐痛、灼痛等）是什么？', '症状是否与饮食、情绪波动或体位变化有关？', '嗳气是否伴有反酸、胃灼热、食欲改变或体重下降？', '心情抑郁和易怒的持续时间有多久？是否有精神压力或生活事件诱因？', '是否有消化系统疾病史或肝胆疾病史？', '是否有睡眠障碍、疲劳或其他伴随症状？', '症状首次出现的时间以及发作频率如何？', '是否已进行过相关检查（如肝胆B超、胃镜等）？结果如何？']
2025-08-10 13:53:40,325 - nodes.e_symptom_extraction_node - INFO - 提取到 4 个症状和 9 个缺失信息
2025-08-10 13:53:40,326 - nodes.e_symptom_extraction_node - INFO - 提取到4个症状，达到阈值2，信息充足
2025-08-10 13:53:40,327 - nodes.f_follow_up_question_node - INFO - 生成追问，共有 9 个缺失信息点
2025-08-10 13:53:40,484 - httpx - INFO - HTTP Request: POST https://api.deepseek.com/chat/completions "HTTP/1.1 200 OK"
2025-08-10 13:53:55,573 - nodes.f_follow_up_question_node - INFO - 生成的追问: 我理解您目前正经历胸胁胀痛、情绪波动和嗳气等不适，这些症状确实会影响生活质量。为了更准确地评估您的情况，我需要进一步了解一些细节：

关于胸胁部位的胀痛，您能具体描述是左侧、右侧还是两侧都痛吗？这种疼...
2025-08-10 13:53:55,574 - nodes.k_output_node - INFO - 输出处理完成，返回最终状态
2025-08-10 13:53:55,574 - graph - INFO - 图执行完成
2025-08-10 13:53:55,705 - TCMGraphTest - INFO - 执行成功: True
2025-08-10 13:53:55,706 - TCMGraphTest - INFO - 用户意图: diagnosis
2025-08-10 13:53:55,706 - TCMGraphTest - INFO - 提取症状数: 4
2025-08-10 13:53:55,707 - TCMGraphTest - INFO - 对话状态: awaiting_follow_up
2025-08-10 13:53:55,707 - TCMGraphTest - INFO - 响应长度: 327
2025-08-10 13:53:55,708 - TCMGraphTest - INFO - 响应时间: 30.80秒
2025-08-10 13:53:55,709 - TCMGraphTest - INFO - 紧急情况检测: False
2025-08-10 13:53:55,709 - TCMGraphTest - INFO - 安全评分: N/A
2025-08-10 13:53:55,709 - TCMGraphTest - INFO - 整体质量评分: 100.0/100
2025-08-10 13:53:55,709 - TCMGraphTest - INFO - ------------------------------------------------------------
2025-08-10 13:53:55,709 - TCMGraphTest - INFO - 执行测试 5/12
2025-08-10 13:53:55,709 - TCMGraphTest - INFO - 测试用例: 一般咨询 - 非诊断意图
2025-08-10 13:53:55,710 - TCMGraphTest - INFO - 用户输入: 请问中医的基本理论是什么？
2025-08-10 13:53:55,710 - graph - INFO - 开始处理用户输入: 请问中医的基本理论是什么？
2025-08-10 13:53:55,710 - graph - INFO - 开始创建中医智能对话系统图...
2025-08-10 13:53:55,710 - nodes.c_rag_retrieval_node - INFO - 初始化RAG检索节点
2025-08-10 13:53:55,710 - RAG_system.embedding_model - INFO - 检测到GPU设备: NVIDIA GeForce RTX 4070 Laptop GPU, 共 1 个GPU
2025-08-10 13:53:55,710 - RAG_system.embedding_model - INFO - 嵌入模型管理器初始化成功，使用设备: cuda
2025-08-10 13:53:55,710 - RAG_system.retriever - INFO - 检索管理器初始化成功
2025-08-10 13:53:55,711 - RAG_system.embedding_model - INFO - 检测到GPU设备: NVIDIA GeForce RTX 4070 Laptop GPU, 共 1 个GPU
2025-08-10 13:53:55,711 - RAG_system.rag_manager - INFO - RAG管理器初始化成功，使用设备: cuda
2025-08-10 13:53:55,711 - RAG_system.rag_manager - INFO - 正在启动RAG管理器
2025-08-10 13:53:55,711 - RAG_system.rag_manager - INFO - 发现本地嵌入模型信息，正在加载
2025-08-10 13:53:55,712 - RAG_system.embedding_model - INFO - 正在加载嵌入模型: sentence-transformers/paraphrase-multilingual-MiniLM-L12-v2
2025-08-10 13:53:55,712 - RAG_system.embedding_model - INFO - 从本地加载嵌入模型: RAG_system/model\sentence-transformers_paraphrase-multilingual-MiniLM-L12-v2
2025-08-10 13:53:55,716 - sentence_transformers.SentenceTransformer - INFO - Load pretrained SentenceTransformer: RAG_system/model\sentence-transformers_paraphrase-multilingual-MiniLM-L12-v2
2025-08-10 13:53:55,717 - sentence_transformers.SentenceTransformer - WARNING - No sentence-transformers model found with name RAG_system/model\sentence-transformers_paraphrase-multilingual-MiniLM-L12-v2. Creating a new one with mean pooling.
2025-08-10 13:53:56,546 - RAG_system.embedding_model - INFO - 正在保存嵌入模型信息
2025-08-10 13:53:56,548 - RAG_system.embedding_model - INFO - 嵌入模型信息已保存到: RAG_system/model\model_info.json
2025-08-10 13:53:56,549 - RAG_system.embedding_model - INFO - 嵌入模型加载成功，使用设备: cuda
2025-08-10 13:53:56,549 - RAG_system.vector_store - INFO - 向量存储管理器初始化成功
2025-08-10 13:53:56,550 - RAG_system.rag_manager - INFO - 检查向量存储路径: RAG_system/RAG/vector_store\index.faiss
2025-08-10 13:53:56,550 - RAG_system.rag_manager - INFO - 发现本地向量存储，正在加载
2025-08-10 13:53:56,550 - RAG_system.vector_store - INFO - 正在从路径加载向量存储: vector_store
2025-08-10 13:53:58,425 - RAG_system.vector_store - INFO - 向量存储加载成功
2025-08-10 13:53:58,426 - RAG_system.retriever - INFO - 正在创建检索器
2025-08-10 13:53:58,426 - RAG_system.retriever - INFO - 检索器创建成功
2025-08-10 13:53:58,427 - RAG_system.rag_manager - INFO - RAG管理器启动成功
2025-08-10 13:53:58,427 - nodes.c_rag_retrieval_node - INFO - RAG检索节点初始化完成
2025-08-10 13:53:58,427 - graph - INFO - 添加所有节点...
2025-08-10 13:53:58,430 - graph - INFO - 配置节点间的路由逻辑...
2025-08-10 13:53:58,430 - graph - INFO - 编译图...
2025-08-10 13:53:58,431 - graph - INFO - 中医智能对话系统图创建完成
2025-08-10 13:53:58,432 - graph - INFO - 开始执行图...
2025-08-10 13:53:58,432 - nodes.a_input_node - INFO - 输入处理节点启动
2025-08-10 13:53:58,433 - nodes.a_input_node - INFO - 处理用户输入成功: '请问中医的基本理论是什么？'
2025-08-10 13:53:58,433 - nodes.b_safety_guard_node - INFO - 安全检查节点启动
2025-08-10 13:53:58,434 - nodes.b_safety_guard_node - INFO - 安全检查通过，未检测到紧急关键词
2025-08-10 13:53:58,434 - nodes.c_rag_retrieval_node - INFO - RAG检索节点启动
2025-08-10 13:53:58,434 - nodes.c_rag_retrieval_node - INFO - 执行检索，查询：请问中医的基本理论是什么？，k值：4
2025-08-10 13:53:58,434 - RAG_system.retriever - INFO - 正在执行检索操作，查询: 请问中医的基本理论是什么？
2025-08-10 13:53:58,471 - RAG_system.retriever - INFO - 检索完成，返回 4 个结果
2025-08-10 13:53:58,472 - nodes.c_rag_retrieval_node - INFO - 成功提取上下文，共4个文档
2025-08-10 13:53:59,692 - httpx - INFO - HTTP Request: POST https://dashscope.aliyuncs.com/compatible-mode/v1/chat/completions "HTTP/1.1 200 OK"
2025-08-10 13:53:59,695 - nodes.d_recognize_intent_node - INFO - 意图识别结果: question (置信度: 1.0)
2025-08-10 13:53:59,697 - nodes.i_conversation_chain_node - INFO - 处理用户输入: 请问中医的基本理论是什么？...
2025-08-10 13:53:59,698 - nodes.i_conversation_chain_node - INFO - 开始生成对话回复...
2025-08-10 13:54:29,705 - openai._base_client - INFO - Retrying request to /chat/completions in 0.401693 seconds
2025-08-10 13:54:58,008 - httpx - INFO - HTTP Request: POST https://dashscope.aliyuncs.com/compatible-mode/v1/chat/completions "HTTP/1.1 200 OK"
2025-08-10 13:54:58,011 - nodes.i_conversation_chain_node - INFO - 生成的回复: 中医的基本理论是建立在长期临床实践和中国古代哲学思想基础上的一套独特医学体系，其核心内容主要包括以下几个方面：

### 1. **阴阳学说**
阴阳是中医理论的总纲。古人认为，宇宙万物都由阴阳两种对...
2025-08-10 13:54:58,012 - nodes.j_response_safety_node - INFO - 仅检测到低风险违规，添加免责声明
2025-08-10 13:54:58,012 - nodes.k_output_node - INFO - 输出处理完成，返回最终状态
2025-08-10 13:54:58,013 - graph - INFO - 图执行完成
2025-08-10 13:54:58,133 - TCMGraphTest - INFO - 执行成功: True
2025-08-10 13:54:58,133 - TCMGraphTest - INFO - 用户意图: question
2025-08-10 13:54:58,134 - TCMGraphTest - ERROR - 测试用例执行失败: object of type 'NoneType' has no len()
Traceback (most recent call last):
  File "F:\Files\比赛\挑战杯++\专项赛3\AI chatbot\V2\tests\graph_test.py", line 244, in run_test_case
    logger.info(f"提取症状数: {len(result.get('symptoms_list', []))}")
                               ^^^^^^^^^^^^^^^^^^^^^^^^^^^^^^^^^^^^
TypeError: object of type 'NoneType' has no len()
2025-08-10 13:54:58,135 - TCMGraphTest - INFO - ------------------------------------------------------------
2025-08-10 13:54:58,135 - TCMGraphTest - INFO - 执行测试 6/12
2025-08-10 13:54:58,136 - TCMGraphTest - INFO - 测试用例: 紧急情况 - 安全检查
2025-08-10 13:54:58,136 - TCMGraphTest - INFO - 用户输入: 我胸痛得很厉害，呼吸困难，感觉快要死了！
2025-08-10 13:54:58,136 - graph - INFO - 开始处理用户输入: 我胸痛得很厉害，呼吸困难，感觉快要死了！
2025-08-10 13:54:58,136 - graph - INFO - 开始创建中医智能对话系统图...
2025-08-10 13:54:58,137 - nodes.c_rag_retrieval_node - INFO - 初始化RAG检索节点
2025-08-10 13:54:58,138 - RAG_system.embedding_model - INFO - 检测到GPU设备: NVIDIA GeForce RTX 4070 Laptop GPU, 共 1 个GPU
2025-08-10 13:54:58,138 - RAG_system.embedding_model - INFO - 嵌入模型管理器初始化成功，使用设备: cuda
2025-08-10 13:54:58,138 - RAG_system.retriever - INFO - 检索管理器初始化成功
2025-08-10 13:54:58,139 - RAG_system.embedding_model - INFO - 检测到GPU设备: NVIDIA GeForce RTX 4070 Laptop GPU, 共 1 个GPU
2025-08-10 13:54:58,139 - RAG_system.rag_manager - INFO - RAG管理器初始化成功，使用设备: cuda
2025-08-10 13:54:58,139 - RAG_system.rag_manager - INFO - 正在启动RAG管理器
2025-08-10 13:54:58,139 - RAG_system.rag_manager - INFO - 发现本地嵌入模型信息，正在加载
2025-08-10 13:54:58,141 - RAG_system.embedding_model - INFO - 正在加载嵌入模型: sentence-transformers/paraphrase-multilingual-MiniLM-L12-v2
2025-08-10 13:54:58,141 - RAG_system.embedding_model - INFO - 从本地加载嵌入模型: RAG_system/model\sentence-transformers_paraphrase-multilingual-MiniLM-L12-v2
2025-08-10 13:54:58,144 - sentence_transformers.SentenceTransformer - INFO - Load pretrained SentenceTransformer: RAG_system/model\sentence-transformers_paraphrase-multilingual-MiniLM-L12-v2
2025-08-10 13:54:58,145 - sentence_transformers.SentenceTransformer - WARNING - No sentence-transformers model found with name RAG_system/model\sentence-transformers_paraphrase-multilingual-MiniLM-L12-v2. Creating a new one with mean pooling.
2025-08-10 13:55:10,752 - RAG_system.embedding_model - INFO - 正在保存嵌入模型信息
2025-08-10 13:55:10,756 - RAG_system.embedding_model - INFO - 嵌入模型信息已保存到: RAG_system/model\model_info.json
2025-08-10 13:55:10,756 - RAG_system.embedding_model - INFO - 嵌入模型加载成功，使用设备: cuda
2025-08-10 13:55:10,757 - RAG_system.vector_store - INFO - 向量存储管理器初始化成功
2025-08-10 13:55:10,757 - RAG_system.rag_manager - INFO - 检查向量存储路径: RAG_system/RAG/vector_store\index.faiss
2025-08-10 13:55:10,758 - RAG_system.rag_manager - INFO - 发现本地向量存储，正在加载
2025-08-10 13:55:10,758 - RAG_system.vector_store - INFO - 正在从路径加载向量存储: vector_store
2025-08-10 13:55:36,354 - RAG_system.vector_store - INFO - 向量存储加载成功
2025-08-10 13:55:36,356 - RAG_system.retriever - INFO - 正在创建检索器
2025-08-10 13:55:36,356 - RAG_system.retriever - INFO - 检索器创建成功
2025-08-10 13:55:36,357 - RAG_system.rag_manager - INFO - RAG管理器启动成功
2025-08-10 13:55:36,357 - nodes.c_rag_retrieval_node - INFO - RAG检索节点初始化完成
2025-08-10 13:55:36,358 - graph - INFO - 添加所有节点...
2025-08-10 13:55:36,360 - graph - INFO - 配置节点间的路由逻辑...
2025-08-10 13:55:36,360 - graph - INFO - 编译图...
2025-08-10 13:55:36,361 - graph - INFO - 中医智能对话系统图创建完成
2025-08-10 13:55:36,362 - graph - INFO - 开始执行图...
2025-08-10 13:55:36,363 - nodes.a_input_node - INFO - 输入处理节点启动
2025-08-10 13:55:36,363 - nodes.a_input_node - INFO - 处理用户输入成功: '我胸痛得很厉害，呼吸困难，感觉快要死了！'
2025-08-10 13:55:36,363 - nodes.b_safety_guard_node - INFO - 安全检查节点启动
2025-08-10 13:55:36,364 - nodes.b_safety_guard_node - WARNING - 检测到紧急关键词: ['胸痛']
2025-08-10 13:55:36,364 - nodes.k_output_node - INFO - 输出处理完成，返回最终状态
2025-08-10 13:55:36,366 - graph - INFO - 图执行完成
2025-08-10 13:55:36,478 - TCMGraphTest - INFO - 执行成功: True
2025-08-10 13:55:36,480 - TCMGraphTest - INFO - 用户意图: None
2025-08-10 13:55:36,480 - TCMGraphTest - ERROR - 测试用例执行失败: object of type 'NoneType' has no len()
Traceback (most recent call last):
  File "F:\Files\比赛\挑战杯++\专项赛3\AI chatbot\V2\tests\graph_test.py", line 244, in run_test_case
    logger.info(f"提取症状数: {len(result.get('symptoms_list', []))}")
                               ^^^^^^^^^^^^^^^^^^^^^^^^^^^^^^^^^^^^
TypeError: object of type 'NoneType' has no len()
2025-08-10 13:55:36,480 - TCMGraphTest - INFO - ------------------------------------------------------------
2025-08-10 13:55:36,480 - TCMGraphTest - INFO - 执行测试 7/12
2025-08-10 13:55:36,480 - TCMGraphTest - INFO - 测试用例: 心肾不交证诊断
2025-08-10 13:55:36,481 - TCMGraphTest - INFO - 用户输入: 我最近心慌心跳，失眠严重，腰酸腿软，小便频数，记忆力也不好了。
2025-08-10 13:55:36,481 - graph - INFO - 开始处理用户输入: 我最近心慌心跳，失眠严重，腰酸腿软，小便频数，记忆力也不好了。
2025-08-10 13:55:36,481 - graph - INFO - 开始创建中医智能对话系统图...
2025-08-10 13:55:36,481 - nodes.c_rag_retrieval_node - INFO - 初始化RAG检索节点
2025-08-10 13:55:36,482 - RAG_system.embedding_model - INFO - 检测到GPU设备: NVIDIA GeForce RTX 4070 Laptop GPU, 共 1 个GPU
2025-08-10 13:55:36,482 - RAG_system.embedding_model - INFO - 嵌入模型管理器初始化成功，使用设备: cuda
2025-08-10 13:55:36,482 - RAG_system.retriever - INFO - 检索管理器初始化成功
2025-08-10 13:55:36,483 - RAG_system.embedding_model - INFO - 检测到GPU设备: NVIDIA GeForce RTX 4070 Laptop GPU, 共 1 个GPU
2025-08-10 13:55:36,484 - RAG_system.rag_manager - INFO - RAG管理器初始化成功，使用设备: cuda
2025-08-10 13:55:36,484 - RAG_system.rag_manager - INFO - 正在启动RAG管理器
2025-08-10 13:55:36,484 - RAG_system.rag_manager - INFO - 发现本地嵌入模型信息，正在加载
2025-08-10 13:55:36,485 - RAG_system.embedding_model - INFO - 正在加载嵌入模型: sentence-transformers/paraphrase-multilingual-MiniLM-L12-v2
2025-08-10 13:55:36,485 - RAG_system.embedding_model - INFO - 从本地加载嵌入模型: RAG_system/model\sentence-transformers_paraphrase-multilingual-MiniLM-L12-v2
2025-08-10 13:55:36,487 - sentence_transformers.SentenceTransformer - INFO - Load pretrained SentenceTransformer: RAG_system/model\sentence-transformers_paraphrase-multilingual-MiniLM-L12-v2
2025-08-10 13:55:36,487 - sentence_transformers.SentenceTransformer - WARNING - No sentence-transformers model found with name RAG_system/model\sentence-transformers_paraphrase-multilingual-MiniLM-L12-v2. Creating a new one with mean pooling.
2025-08-10 13:55:37,310 - RAG_system.embedding_model - INFO - 正在保存嵌入模型信息
2025-08-10 13:55:37,314 - RAG_system.embedding_model - INFO - 嵌入模型信息已保存到: RAG_system/model\model_info.json
2025-08-10 13:55:37,314 - RAG_system.embedding_model - INFO - 嵌入模型加载成功，使用设备: cuda
2025-08-10 13:55:37,314 - RAG_system.vector_store - INFO - 向量存储管理器初始化成功
2025-08-10 13:55:37,315 - RAG_system.rag_manager - INFO - 检查向量存储路径: RAG_system/RAG/vector_store\index.faiss
2025-08-10 13:55:37,315 - RAG_system.rag_manager - INFO - 发现本地向量存储，正在加载
2025-08-10 13:55:37,315 - RAG_system.vector_store - INFO - 正在从路径加载向量存储: vector_store
2025-08-10 13:55:40,045 - RAG_system.vector_store - INFO - 向量存储加载成功
2025-08-10 13:55:40,046 - RAG_system.retriever - INFO - 正在创建检索器
2025-08-10 13:55:40,046 - RAG_system.retriever - INFO - 检索器创建成功
2025-08-10 13:55:40,047 - RAG_system.rag_manager - INFO - RAG管理器启动成功
2025-08-10 13:55:40,047 - nodes.c_rag_retrieval_node - INFO - RAG检索节点初始化完成
2025-08-10 13:55:40,047 - graph - INFO - 添加所有节点...
2025-08-10 13:55:40,050 - graph - INFO - 配置节点间的路由逻辑...
2025-08-10 13:55:40,050 - graph - INFO - 编译图...
2025-08-10 13:55:40,050 - graph - INFO - 中医智能对话系统图创建完成
2025-08-10 13:55:40,050 - graph - INFO - 开始执行图...
2025-08-10 13:55:40,051 - nodes.a_input_node - INFO - 输入处理节点启动
2025-08-10 13:55:40,052 - nodes.a_input_node - INFO - 处理用户输入成功: '我最近心慌心跳，失眠严重，腰酸腿软，小便频数，记忆力也不好了...'
2025-08-10 13:55:40,052 - nodes.b_safety_guard_node - INFO - 安全检查节点启动
2025-08-10 13:55:40,052 - nodes.b_safety_guard_node - INFO - 安全检查通过，未检测到紧急关键词
2025-08-10 13:55:40,053 - nodes.c_rag_retrieval_node - INFO - RAG检索节点启动
2025-08-10 13:55:40,053 - nodes.c_rag_retrieval_node - INFO - 执行检索，查询：我最近心慌心跳，失眠严重，腰酸腿软，小便频数，记忆力也不好了。，k值：4
2025-08-10 13:55:40,053 - RAG_system.retriever - INFO - 正在执行检索操作，查询: 我最近心慌心跳，失眠严重，腰酸腿软，小便频数，记忆力也不好了。
2025-08-10 13:55:40,094 - RAG_system.retriever - INFO - 检索完成，返回 4 个结果
2025-08-10 13:55:40,095 - nodes.c_rag_retrieval_node - INFO - 成功提取上下文，共4个文档
2025-08-10 13:55:41,727 - httpx - INFO - HTTP Request: POST https://dashscope.aliyuncs.com/compatible-mode/v1/chat/completions "HTTP/1.1 200 OK"
2025-08-10 13:55:41,731 - nodes.d_recognize_intent_node - INFO - 意图识别结果: diagnosis (置信度: 0.95)
2025-08-10 13:55:41,733 - nodes.e_symptom_extraction_node - INFO - 开始提取症状...
2025-08-10 13:55:50,593 - httpx - INFO - HTTP Request: POST https://dashscope.aliyuncs.com/compatible-mode/v1/chat/completions "HTTP/1.1 200 OK"
2025-08-10 13:55:50,604 - nodes.e_symptom_extraction_node - INFO - LLM原始输出: {'user_input': '我最近心慌心跳，失眠严重，腰酸腿软，小便频数，记忆力也不好了。', 'message_history': 'human: 我最近心慌心跳，失眠严重，腰酸腿软，小便频数，记忆力也不好了。', 'relevant_context': '[文档1] 来源: data/医藏-0869部/09伤寒-49本/09伤寒-49本/证治准绳伤寒-明-王肯堂.txt\n卷三\n\n\u3000\u3000阳明病\n\n\u3000\u3000（胃实不大便 自汗 不得卧 潮热 谵语 狂乱 循衣摸床 渴 呕）\n\n[文档2] 来源: data/医藏-0869部/09伤寒-49本/09伤寒-49本/伤寒证治准绳-明-王肯堂.txt\n卷三\n\n\u3000\u3000阳明病\n\n\u3000\u3000（胃实不大便 自汗 不得卧 潮热 谵语 狂乱 循衣摸床 渴 呕）\n\n[文档3] 来源: data/医藏-0869部/09医藏-0869部/09医藏-0869部/09伤寒-49本/伤寒证治准绳-明-王肯堂_20210525211840.txt\n卷三\n\n\u3000\u3000阳明病\n\n\u3000\u3000（胃实不大便 自汗 不得卧 潮热 谵语 狂乱 循衣摸床 渴 呕）\n\n[文档4] 来源: data/医藏-0869部/09医藏-0869部/09医藏-0869部/09伤寒-49本/证治准绳伤寒-明-王肯堂.txt\n卷三\n\n\u3000\u3000阳明病\n\n\u3000\u3000（胃实不大便 自汗 不得卧 潮热 谵语 狂乱 循衣摸床 渴 呕）\n', 'format_instructions': 'The output should be a markdown code snippet formatted in the following schema, including the leading and trailing "```json" and "```":\n\n```json\n{\n\t"symptoms": array  // 从用户描述中提取的症状列表，每个症状应包含症状名称、描述、严重程度和持续时间\n\t"missing_info": array  // 需要从用户那里获取的缺失信息列表，这些信息对诊断很重要\n\t"stage": string  // 当前会话阶段，应为\'symptom_collection\'\n}\n```', 'text': {'symptoms': [{'symptom_name': '心慌心跳', 'description': '我最近心慌心跳', 'severity': '', 'duration': '最近'}, {'symptom_name': '失眠', 'description': '失眠严重', 'severity': '严重', 'duration': '最近'}, {'symptom_name': '腰酸腿软', 'description': '腰酸腿软', 'severity': '', 'duration': '最近'}, {'symptom_name': '小便频数', 'description': '小便频数', 'severity': '', 'duration': '最近'}, {'symptom_name': '记忆力下降', 'description': '记忆力也不好了', 'severity': '', 'duration': '最近'}], 'missing_info': ['心慌心跳的具体频率或诱因（如运动、情绪波动等）？', '失眠是入睡困难、易醒还是早醒？每晚睡眠大约几小时？', '腰酸腿软是否伴随下肢无力、麻木或疼痛？是否与劳累有关？', '小便频数是白天为主、夜间为主，还是昼夜均频？每次尿量多吗？', '记忆力下降的具体表现（如忘记近期事件、注意力不集中等）？', '这些症状持续了多长时间（如几天、几周或几个月）？', '是否有其他伴随症状，如口干、盗汗、头晕、乏力等？', '是否有慢性疾病史（如糖尿病、高血压、甲状腺疾病）或用药史？', '是否有精神压力大、焦虑或抑郁的情绪背景？', '是否有发热、体重变化、食欲改变等全身性症状？'], 'stage': 'symptom_collection'}}
2025-08-10 13:55:50,605 - nodes.e_symptom_extraction_node - INFO - 解析后的输出: {'symptoms': [{'symptom_name': '心慌心跳', 'description': '我最近心慌心跳', 'severity': '', 'duration': '最近'}, {'symptom_name': '失眠', 'description': '失眠严重', 'severity': '严重', 'duration': '最近'}, {'symptom_name': '腰酸腿软', 'description': '腰酸腿软', 'severity': '', 'duration': '最近'}, {'symptom_name': '小便频数', 'description': '小便频数', 'severity': '', 'duration': '最近'}, {'symptom_name': '记忆力下降', 'description': '记忆力也不好了', 'severity': '', 'duration': '最近'}], 'missing_info': ['心慌心跳的具体频率或诱因（如运动、情绪波动等）？', '失眠是入睡困难、易醒还是早醒？每晚睡眠大约几小时？', '腰酸腿软是否伴随下肢无力、麻木或疼痛？是否与劳累有关？', '小便频数是白天为主、夜间为主，还是昼夜均频？每次尿量多吗？', '记忆力下降的具体表现（如忘记近期事件、注意力不集中等）？', '这些症状持续了多长时间（如几天、几周或几个月）？', '是否有其他伴随症状，如口干、盗汗、头晕、乏力等？', '是否有慢性疾病史（如糖尿病、高血压、甲状腺疾病）或用药史？', '是否有精神压力大、焦虑或抑郁的情绪背景？', '是否有发热、体重变化、食欲改变等全身性症状？'], 'stage': 'symptom_collection'}
2025-08-10 13:55:50,605 - nodes.e_symptom_extraction_node - INFO - 症状: [{'symptom_name': '心慌心跳', 'description': '我最近心慌心跳', 'severity': '', 'duration': '最近'}, {'symptom_name': '失眠', 'description': '失眠严重', 'severity': '严重', 'duration': '最近'}, {'symptom_name': '腰酸腿软', 'description': '腰酸腿软', 'severity': '', 'duration': '最近'}, {'symptom_name': '小便频数', 'description': '小便频数', 'severity': '', 'duration': '最近'}, {'symptom_name': '记忆力下降', 'description': '记忆力也不好了', 'severity': '', 'duration': '最近'}]
2025-08-10 13:55:50,605 - nodes.e_symptom_extraction_node - INFO - 缺失信息: ['心慌心跳的具体频率或诱因（如运动、情绪波动等）？', '失眠是入睡困难、易醒还是早醒？每晚睡眠大约几小时？', '腰酸腿软是否伴随下肢无力、麻木或疼痛？是否与劳累有关？', '小便频数是白天为主、夜间为主，还是昼夜均频？每次尿量多吗？', '记忆力下降的具体表现（如忘记近期事件、注意力不集中等）？', '这些症状持续了多长时间（如几天、几周或几个月）？', '是否有其他伴随症状，如口干、盗汗、头晕、乏力等？', '是否有慢性疾病史（如糖尿病、高血压、甲状腺疾病）或用药史？', '是否有精神压力大、焦虑或抑郁的情绪背景？', '是否有发热、体重变化、食欲改变等全身性症状？']
2025-08-10 13:55:50,605 - nodes.e_symptom_extraction_node - INFO - 提取到 5 个症状和 10 个缺失信息
2025-08-10 13:55:50,605 - nodes.e_symptom_extraction_node - INFO - 提取到5个症状，达到阈值2，信息充足
2025-08-10 13:55:50,606 - nodes.f_follow_up_question_node - INFO - 生成追问，共有 10 个缺失信息点
2025-08-10 13:56:01,811 - httpx - INFO - HTTP Request: POST https://api.deepseek.com/chat/completions "HTTP/1.1 200 OK"
2025-08-10 13:56:19,709 - nodes.f_follow_up_question_node - INFO - 生成的追问: 我理解您最近被这些不适症状困扰一定很辛苦。为了更准确地评估您的情况，我需要进一步了解一些细节：

关于心慌的情况，您能具体描述一下心跳加快的频率吗？比如每分钟大约多少次？是否在特定情况下更容易发生，比...
2025-08-10 13:56:19,710 - nodes.k_output_node - INFO - 输出处理完成，返回最终状态
2025-08-10 13:56:19,711 - graph - INFO - 图执行完成
2025-08-10 13:56:19,823 - TCMGraphTest - INFO - 执行成功: True
2025-08-10 13:56:19,824 - TCMGraphTest - INFO - 用户意图: diagnosis
2025-08-10 13:56:19,824 - TCMGraphTest - INFO - 提取症状数: 5
2025-08-10 13:56:19,824 - TCMGraphTest - INFO - 对话状态: awaiting_follow_up
2025-08-10 13:56:19,825 - TCMGraphTest - INFO - 响应长度: 419
2025-08-10 13:56:19,825 - TCMGraphTest - INFO - 响应时间: 43.34秒
2025-08-10 13:56:19,825 - TCMGraphTest - INFO - 紧急情况检测: False
2025-08-10 13:56:19,825 - TCMGraphTest - INFO - 安全评分: N/A
2025-08-10 13:56:19,826 - TCMGraphTest - INFO - 整体质量评分: 100.0/100
2025-08-10 13:56:19,826 - TCMGraphTest - INFO - ------------------------------------------------------------
2025-08-10 13:56:19,826 - TCMGraphTest - INFO - 执行测试 8/12
2025-08-10 13:56:19,826 - TCMGraphTest - INFO - 测试用例: 边界测试 - 空输入
2025-08-10 13:56:19,826 - TCMGraphTest - INFO - 用户输入: 
2025-08-10 13:56:19,826 - graph - INFO - 开始处理用户输入: 
2025-08-10 13:56:19,826 - graph - INFO - 开始创建中医智能对话系统图...
2025-08-10 13:56:19,827 - nodes.c_rag_retrieval_node - INFO - 初始化RAG检索节点
2025-08-10 13:56:19,827 - RAG_system.embedding_model - INFO - 检测到GPU设备: NVIDIA GeForce RTX 4070 Laptop GPU, 共 1 个GPU
2025-08-10 13:56:19,827 - RAG_system.embedding_model - INFO - 嵌入模型管理器初始化成功，使用设备: cuda
2025-08-10 13:56:19,827 - RAG_system.retriever - INFO - 检索管理器初始化成功
2025-08-10 13:56:19,828 - RAG_system.embedding_model - INFO - 检测到GPU设备: NVIDIA GeForce RTX 4070 Laptop GPU, 共 1 个GPU
2025-08-10 13:56:19,828 - RAG_system.rag_manager - INFO - RAG管理器初始化成功，使用设备: cuda
2025-08-10 13:56:19,828 - RAG_system.rag_manager - INFO - 正在启动RAG管理器
2025-08-10 13:56:19,828 - RAG_system.rag_manager - INFO - 发现本地嵌入模型信息，正在加载
2025-08-10 13:56:19,830 - RAG_system.embedding_model - INFO - 正在加载嵌入模型: sentence-transformers/paraphrase-multilingual-MiniLM-L12-v2
2025-08-10 13:56:19,830 - RAG_system.embedding_model - INFO - 从本地加载嵌入模型: RAG_system/model\sentence-transformers_paraphrase-multilingual-MiniLM-L12-v2
2025-08-10 13:56:19,833 - sentence_transformers.SentenceTransformer - INFO - Load pretrained SentenceTransformer: RAG_system/model\sentence-transformers_paraphrase-multilingual-MiniLM-L12-v2
2025-08-10 13:56:19,833 - sentence_transformers.SentenceTransformer - WARNING - No sentence-transformers model found with name RAG_system/model\sentence-transformers_paraphrase-multilingual-MiniLM-L12-v2. Creating a new one with mean pooling.
2025-08-10 13:56:20,684 - RAG_system.embedding_model - INFO - 正在保存嵌入模型信息
2025-08-10 13:56:20,687 - RAG_system.embedding_model - INFO - 嵌入模型信息已保存到: RAG_system/model\model_info.json
2025-08-10 13:56:20,687 - RAG_system.embedding_model - INFO - 嵌入模型加载成功，使用设备: cuda
2025-08-10 13:56:20,688 - RAG_system.vector_store - INFO - 向量存储管理器初始化成功
2025-08-10 13:56:20,688 - RAG_system.rag_manager - INFO - 检查向量存储路径: RAG_system/RAG/vector_store\index.faiss
2025-08-10 13:56:20,688 - RAG_system.rag_manager - INFO - 发现本地向量存储，正在加载
2025-08-10 13:56:20,688 - RAG_system.vector_store - INFO - 正在从路径加载向量存储: vector_store
2025-08-10 13:56:22,540 - RAG_system.vector_store - INFO - 向量存储加载成功
2025-08-10 13:56:22,541 - RAG_system.retriever - INFO - 正在创建检索器
2025-08-10 13:56:22,541 - RAG_system.retriever - INFO - 检索器创建成功
2025-08-10 13:56:22,542 - RAG_system.rag_manager - INFO - RAG管理器启动成功
2025-08-10 13:56:22,542 - nodes.c_rag_retrieval_node - INFO - RAG检索节点初始化完成
2025-08-10 13:56:22,543 - graph - INFO - 添加所有节点...
2025-08-10 13:56:22,545 - graph - INFO - 配置节点间的路由逻辑...
2025-08-10 13:56:22,546 - graph - INFO - 编译图...
2025-08-10 13:56:22,546 - graph - INFO - 中医智能对话系统图创建完成
2025-08-10 13:56:22,547 - graph - INFO - 开始执行图...
2025-08-10 13:56:22,548 - nodes.a_input_node - INFO - 输入处理节点启动
2025-08-10 13:56:22,548 - nodes.a_input_node - WARNING - 输入无效：空或仅包含空白字符
2025-08-10 13:56:22,549 - nodes.k_output_node - INFO - 输出处理完成，返回最终状态
2025-08-10 13:56:22,549 - graph - INFO - 图执行完成
2025-08-10 13:56:22,654 - TCMGraphTest - INFO - 执行成功: False
2025-08-10 13:56:22,654 - TCMGraphTest - INFO - 用户意图: None
2025-08-10 13:56:22,654 - TCMGraphTest - ERROR - 测试用例执行失败: object of type 'NoneType' has no len()
Traceback (most recent call last):
  File "F:\Files\比赛\挑战杯++\专项赛3\AI chatbot\V2\tests\graph_test.py", line 244, in run_test_case
    logger.info(f"提取症状数: {len(result.get('symptoms_list', []))}")
                               ^^^^^^^^^^^^^^^^^^^^^^^^^^^^^^^^^^^^
TypeError: object of type 'NoneType' has no len()
2025-08-10 13:56:22,654 - TCMGraphTest - INFO - ------------------------------------------------------------
2025-08-10 13:56:22,654 - TCMGraphTest - INFO - 执行测试 9/12
2025-08-10 13:56:22,654 - TCMGraphTest - INFO - 测试用例: 边界测试 - 模糊症状
2025-08-10 13:56:22,654 - TCMGraphTest - INFO - 用户输入: 我感觉不舒服
2025-08-10 13:56:22,656 - graph - INFO - 开始处理用户输入: 我感觉不舒服
2025-08-10 13:56:22,656 - graph - INFO - 开始创建中医智能对话系统图...
2025-08-10 13:56:22,656 - nodes.c_rag_retrieval_node - INFO - 初始化RAG检索节点
2025-08-10 13:56:22,656 - RAG_system.embedding_model - INFO - 检测到GPU设备: NVIDIA GeForce RTX 4070 Laptop GPU, 共 1 个GPU
2025-08-10 13:56:22,656 - RAG_system.embedding_model - INFO - 嵌入模型管理器初始化成功，使用设备: cuda
2025-08-10 13:56:22,657 - RAG_system.retriever - INFO - 检索管理器初始化成功
2025-08-10 13:56:22,657 - RAG_system.embedding_model - INFO - 检测到GPU设备: NVIDIA GeForce RTX 4070 Laptop GPU, 共 1 个GPU
2025-08-10 13:56:22,657 - RAG_system.rag_manager - INFO - RAG管理器初始化成功，使用设备: cuda
2025-08-10 13:56:22,657 - RAG_system.rag_manager - INFO - 正在启动RAG管理器
2025-08-10 13:56:22,658 - RAG_system.rag_manager - INFO - 发现本地嵌入模型信息，正在加载
2025-08-10 13:56:22,659 - RAG_system.embedding_model - INFO - 正在加载嵌入模型: sentence-transformers/paraphrase-multilingual-MiniLM-L12-v2
2025-08-10 13:56:22,659 - RAG_system.embedding_model - INFO - 从本地加载嵌入模型: RAG_system/model\sentence-transformers_paraphrase-multilingual-MiniLM-L12-v2
2025-08-10 13:56:22,661 - sentence_transformers.SentenceTransformer - INFO - Load pretrained SentenceTransformer: RAG_system/model\sentence-transformers_paraphrase-multilingual-MiniLM-L12-v2
2025-08-10 13:56:22,662 - sentence_transformers.SentenceTransformer - WARNING - No sentence-transformers model found with name RAG_system/model\sentence-transformers_paraphrase-multilingual-MiniLM-L12-v2. Creating a new one with mean pooling.
2025-08-10 13:56:23,360 - RAG_system.embedding_model - INFO - 正在保存嵌入模型信息
2025-08-10 13:56:23,362 - RAG_system.embedding_model - INFO - 嵌入模型信息已保存到: RAG_system/model\model_info.json
2025-08-10 13:56:23,364 - RAG_system.embedding_model - INFO - 嵌入模型加载成功，使用设备: cuda
2025-08-10 13:56:23,364 - RAG_system.vector_store - INFO - 向量存储管理器初始化成功
2025-08-10 13:56:23,364 - RAG_system.rag_manager - INFO - 检查向量存储路径: RAG_system/RAG/vector_store\index.faiss
2025-08-10 13:56:23,365 - RAG_system.rag_manager - INFO - 发现本地向量存储，正在加载
2025-08-10 13:56:23,365 - RAG_system.vector_store - INFO - 正在从路径加载向量存储: vector_store
2025-08-10 13:56:25,975 - RAG_system.vector_store - INFO - 向量存储加载成功
2025-08-10 13:56:25,976 - RAG_system.retriever - INFO - 正在创建检索器
2025-08-10 13:56:25,977 - RAG_system.retriever - INFO - 检索器创建成功
2025-08-10 13:56:25,977 - RAG_system.rag_manager - INFO - RAG管理器启动成功
2025-08-10 13:56:25,977 - nodes.c_rag_retrieval_node - INFO - RAG检索节点初始化完成
2025-08-10 13:56:25,978 - graph - INFO - 添加所有节点...
2025-08-10 13:56:25,980 - graph - INFO - 配置节点间的路由逻辑...
2025-08-10 13:56:25,981 - graph - INFO - 编译图...
2025-08-10 13:56:25,981 - graph - INFO - 中医智能对话系统图创建完成
2025-08-10 13:56:25,982 - graph - INFO - 开始执行图...
2025-08-10 13:56:25,983 - nodes.a_input_node - INFO - 输入处理节点启动
2025-08-10 13:56:25,983 - nodes.a_input_node - INFO - 处理用户输入成功: '我感觉不舒服'
2025-08-10 13:56:25,983 - nodes.b_safety_guard_node - INFO - 安全检查节点启动
2025-08-10 13:56:25,984 - nodes.b_safety_guard_node - INFO - 安全检查通过，未检测到紧急关键词
2025-08-10 13:56:25,984 - nodes.c_rag_retrieval_node - INFO - RAG检索节点启动
2025-08-10 13:56:25,985 - nodes.c_rag_retrieval_node - INFO - 执行检索，查询：我感觉不舒服，k值：4
2025-08-10 13:56:25,985 - RAG_system.retriever - INFO - 正在执行检索操作，查询: 我感觉不舒服
2025-08-10 13:56:26,025 - RAG_system.retriever - INFO - 检索完成，返回 4 个结果
2025-08-10 13:56:26,025 - nodes.c_rag_retrieval_node - INFO - 成功提取上下文，共4个文档
2025-08-10 13:56:27,186 - httpx - INFO - HTTP Request: POST https://dashscope.aliyuncs.com/compatible-mode/v1/chat/completions "HTTP/1.1 200 OK"
2025-08-10 13:56:27,190 - nodes.d_recognize_intent_node - INFO - 意图识别结果: question (置信度: 0.8)
2025-08-10 13:56:27,191 - nodes.i_conversation_chain_node - INFO - 处理用户输入: 我感觉不舒服...
2025-08-10 13:56:27,191 - nodes.i_conversation_chain_node - INFO - 开始生成对话回复...
2025-08-10 13:56:40,788 - httpx - INFO - HTTP Request: POST https://dashscope.aliyuncs.com/compatible-mode/v1/chat/completions "HTTP/1.1 200 OK"
2025-08-10 13:56:40,789 - nodes.i_conversation_chain_node - INFO - 生成的回复: 您好，您说“感觉不舒服”，这是一个比较笼统的表述，在中医看来，身体的不适往往与气血阴阳失衡、脏腑功能失调、外感六淫（风、寒、暑、湿、燥、火）或内伤七情（喜、怒、忧、思、悲、恐、惊）等因素有关。

为了...
2025-08-10 13:56:40,790 - nodes.j_response_safety_node - INFO - 仅检测到低风险违规，添加免责声明
2025-08-10 13:56:40,791 - nodes.k_output_node - INFO - 输出处理完成，返回最终状态
2025-08-10 13:56:40,792 - graph - INFO - 图执行完成
2025-08-10 13:56:40,922 - TCMGraphTest - INFO - 执行成功: True
2025-08-10 13:56:40,923 - TCMGraphTest - INFO - 用户意图: question
2025-08-10 13:56:40,923 - TCMGraphTest - ERROR - 测试用例执行失败: object of type 'NoneType' has no len()
Traceback (most recent call last):
  File "F:\Files\比赛\挑战杯++\专项赛3\AI chatbot\V2\tests\graph_test.py", line 244, in run_test_case
    logger.info(f"提取症状数: {len(result.get('symptoms_list', []))}")
                               ^^^^^^^^^^^^^^^^^^^^^^^^^^^^^^^^^^^^
TypeError: object of type 'NoneType' has no len()
2025-08-10 13:56:40,924 - TCMGraphTest - INFO - ------------------------------------------------------------
2025-08-10 13:56:40,924 - TCMGraphTest - INFO - 执行测试 10/12
2025-08-10 13:56:40,925 - TCMGraphTest - INFO - 测试用例: 复杂症状组合 - 肝肾阴虚
2025-08-10 13:56:40,925 - TCMGraphTest - INFO - 用户输入: 医生，我头晕耳鸣，腰膝酸软，口干咽燥，手心脚心发热，夜间盗汗，失眠多梦，眼睛干涩，月经不调。
2025-08-10 13:56:40,925 - graph - INFO - 开始处理用户输入: 医生，我头晕耳鸣，腰膝酸软，口干咽燥，手心脚心发热，夜间盗汗，失眠多梦，眼睛干涩，月经不调。
2025-08-10 13:56:40,925 - graph - INFO - 开始创建中医智能对话系统图...
2025-08-10 13:56:40,925 - nodes.c_rag_retrieval_node - INFO - 初始化RAG检索节点
2025-08-10 13:56:40,925 - RAG_system.embedding_model - INFO - 检测到GPU设备: NVIDIA GeForce RTX 4070 Laptop GPU, 共 1 个GPU
2025-08-10 13:56:40,926 - RAG_system.embedding_model - INFO - 嵌入模型管理器初始化成功，使用设备: cuda
2025-08-10 13:56:40,926 - RAG_system.retriever - INFO - 检索管理器初始化成功
2025-08-10 13:56:40,927 - RAG_system.embedding_model - INFO - 检测到GPU设备: NVIDIA GeForce RTX 4070 Laptop GPU, 共 1 个GPU
2025-08-10 13:56:40,927 - RAG_system.rag_manager - INFO - RAG管理器初始化成功，使用设备: cuda
2025-08-10 13:56:40,927 - RAG_system.rag_manager - INFO - 正在启动RAG管理器
2025-08-10 13:56:40,927 - RAG_system.rag_manager - INFO - 发现本地嵌入模型信息，正在加载
2025-08-10 13:56:40,928 - RAG_system.embedding_model - INFO - 正在加载嵌入模型: sentence-transformers/paraphrase-multilingual-MiniLM-L12-v2
2025-08-10 13:56:40,929 - RAG_system.embedding_model - INFO - 从本地加载嵌入模型: RAG_system/model\sentence-transformers_paraphrase-multilingual-MiniLM-L12-v2
2025-08-10 13:56:40,931 - sentence_transformers.SentenceTransformer - INFO - Load pretrained SentenceTransformer: RAG_system/model\sentence-transformers_paraphrase-multilingual-MiniLM-L12-v2
2025-08-10 13:56:40,932 - sentence_transformers.SentenceTransformer - WARNING - No sentence-transformers model found with name RAG_system/model\sentence-transformers_paraphrase-multilingual-MiniLM-L12-v2. Creating a new one with mean pooling.
2025-08-10 13:56:41,713 - RAG_system.embedding_model - INFO - 正在保存嵌入模型信息
2025-08-10 13:56:41,717 - RAG_system.embedding_model - INFO - 嵌入模型信息已保存到: RAG_system/model\model_info.json
2025-08-10 13:56:41,717 - RAG_system.embedding_model - INFO - 嵌入模型加载成功，使用设备: cuda
2025-08-10 13:56:41,717 - RAG_system.vector_store - INFO - 向量存储管理器初始化成功
2025-08-10 13:56:41,717 - RAG_system.rag_manager - INFO - 检查向量存储路径: RAG_system/RAG/vector_store\index.faiss
2025-08-10 13:56:41,718 - RAG_system.rag_manager - INFO - 发现本地向量存储，正在加载
2025-08-10 13:56:41,718 - RAG_system.vector_store - INFO - 正在从路径加载向量存储: vector_store
2025-08-10 13:56:43,706 - RAG_system.vector_store - INFO - 向量存储加载成功
2025-08-10 13:56:43,711 - RAG_system.retriever - INFO - 正在创建检索器
2025-08-10 13:56:43,711 - RAG_system.retriever - INFO - 检索器创建成功
2025-08-10 13:56:43,711 - RAG_system.rag_manager - INFO - RAG管理器启动成功
2025-08-10 13:56:43,711 - nodes.c_rag_retrieval_node - INFO - RAG检索节点初始化完成
2025-08-10 13:56:43,711 - graph - INFO - 添加所有节点...
2025-08-10 13:56:43,714 - graph - INFO - 配置节点间的路由逻辑...
2025-08-10 13:56:43,716 - graph - INFO - 编译图...
2025-08-10 13:56:43,717 - graph - INFO - 中医智能对话系统图创建完成
2025-08-10 13:56:43,717 - graph - INFO - 开始执行图...
2025-08-10 13:56:43,718 - nodes.a_input_node - INFO - 输入处理节点启动
2025-08-10 13:56:43,718 - nodes.a_input_node - INFO - 处理用户输入成功: '医生，我头晕耳鸣，腰膝酸软，口干咽燥，手心脚心发热，夜间盗汗...'
2025-08-10 13:56:43,719 - nodes.b_safety_guard_node - INFO - 安全检查节点启动
2025-08-10 13:56:43,719 - nodes.b_safety_guard_node - INFO - 安全检查通过，未检测到紧急关键词
2025-08-10 13:56:43,719 - nodes.c_rag_retrieval_node - INFO - RAG检索节点启动
2025-08-10 13:56:43,719 - nodes.c_rag_retrieval_node - INFO - 执行检索，查询：医生，我头晕耳鸣，腰膝酸软，口干咽燥，手心脚心发热，夜间盗汗，失眠多梦，眼睛干涩，月经不调。，k值：4
2025-08-10 13:56:43,720 - RAG_system.retriever - INFO - 正在执行检索操作，查询: 医生，我头晕耳鸣，腰膝酸软，口干咽燥，手心脚心发热，夜间盗汗，失眠多梦，眼睛干涩，月经不调。
2025-08-10 13:56:43,756 - RAG_system.retriever - INFO - 检索完成，返回 4 个结果
2025-08-10 13:56:43,756 - nodes.c_rag_retrieval_node - INFO - 成功提取上下文，共4个文档
2025-08-10 13:56:45,638 - httpx - INFO - HTTP Request: POST https://dashscope.aliyuncs.com/compatible-mode/v1/chat/completions "HTTP/1.1 200 OK"
2025-08-10 13:56:45,642 - nodes.d_recognize_intent_node - INFO - 意图识别结果: diagnosis (置信度: 1.0)
2025-08-10 13:56:45,642 - nodes.e_symptom_extraction_node - INFO - 开始提取症状...
2025-08-10 13:57:02,806 - httpx - INFO - HTTP Request: POST https://dashscope.aliyuncs.com/compatible-mode/v1/chat/completions "HTTP/1.1 200 OK"
2025-08-10 13:57:02,816 - nodes.e_symptom_extraction_node - INFO - LLM原始输出: {'user_input': '医生，我头晕耳鸣，腰膝酸软，口干咽燥，手心脚心发热，夜间盗汗，失眠多梦，眼睛干涩，月经不调。', 'message_history': 'human: 医生，我头晕耳鸣，腰膝酸软，口干咽燥，手心脚心发热，夜间盗汗，失眠多梦，眼睛干涩，月经不调。', 'relevant_context': '[文档1] 来源: data/医藏-0869部/09伤寒-49本/09伤寒-49本/伤寒证治准绳-明-王肯堂.txt\n卷三\n\n\u3000\u3000阳明病\n\n\u3000\u3000（胃实不大便 自汗 不得卧 潮热 谵语 狂乱 循衣摸床 渴 呕）\n\n[文档2] 来源: data/医藏-0869部/09伤寒-49本/09伤寒-49本/证治准绳伤寒-明-王肯堂.txt\n卷三\n\n\u3000\u3000阳明病\n\n\u3000\u3000（胃实不大便 自汗 不得卧 潮热 谵语 狂乱 循衣摸床 渴 呕）\n\n[文档3] 来源: data/医藏-0869部/09医藏-0869部/09医藏-0869部/09伤寒-49本/伤寒证治准绳-明-王肯堂_20210525211840.txt\n卷三\n\n\u3000\u3000阳明病\n\n\u3000\u3000（胃实不大便 自汗 不得卧 潮热 谵语 狂乱 循衣摸床 渴 呕）\n\n[文档4] 来源: data/医藏-0869部/09医藏-0869部/09医藏-0869部/09伤寒-49本/证治准绳伤寒-明-王肯堂.txt\n卷三\n\n\u3000\u3000阳明病\n\n\u3000\u3000（胃实不大便 自汗 不得卧 潮热 谵语 狂乱 循衣摸床 渴 呕）\n', 'format_instructions': 'The output should be a markdown code snippet formatted in the following schema, including the leading and trailing "```json" and "```":\n\n```json\n{\n\t"symptoms": array  // 从用户描述中提取的症状列表，每个症状应包含症状名称、描述、严重程度和持续时间\n\t"missing_info": array  // 需要从用户那里获取的缺失信息列表，这些信息对诊断很重要\n\t"stage": string  // 当前会话阶段，应为\'symptom_collection\'\n}\n```', 'text': {'symptoms': [{'symptom_name': '头晕', 'description': '头晕', 'severity': None, 'duration': None}, {'symptom_name': '耳鸣', 'description': '耳鸣', 'severity': None, 'duration': None}, {'symptom_name': '腰膝酸软', 'description': '腰膝酸软', 'severity': None, 'duration': None}, {'symptom_name': '口干咽燥', 'description': '口干咽燥', 'severity': None, 'duration': None}, {'symptom_name': '手心脚心发热', 'description': '手心脚心发热', 'severity': None, 'duration': None}, {'symptom_name': '夜间盗汗', 'description': '夜间盗汗', 'severity': None, 'duration': None}, {'symptom_name': '失眠多梦', 'description': '失眠多梦', 'severity': None, 'duration': None}, {'symptom_name': '眼睛干涩', 'description': '眼睛干涩', 'severity': None, 'duration': None}, {'symptom_name': '月经不调', 'description': '月经不调', 'severity': None, 'duration': None}], 'missing_info': ['头晕的发作频率和持续时间是怎样的？是否伴随头痛或视力模糊？', '耳鸣是单侧还是双侧？是否有听力下降？', '腰膝酸软是否在劳累后加重？是否有下肢无力或麻木？', '口干咽燥是否持续存在？是否需要夜间频繁饮水？', '手心脚心发热是否在夜间更明显？是否有潮热感？', '夜间盗汗的程度如何？是否需要更换衣物或床单？', '失眠多梦的具体表现是什么？入睡困难、易醒还是早醒？', '眼睛干涩是否伴有视物模糊或眼疲劳？是否使用过眼药水？', '月经不调的具体情况如何？如周期长短、经期持续时间、经量多少、是否有痛经？', '是否有其他伴随症状，如心悸、乏力、体重变化、情绪波动等？', '既往是否有慢性疾病（如糖尿病、甲状腺疾病、高血压）或妇科病史？', '近期是否有精神压力大、作息不规律或饮食改变？'], 'stage': 'symptom_collection'}}
2025-08-10 13:57:02,822 - nodes.e_symptom_extraction_node - INFO - 解析后的输出: {'symptoms': [{'symptom_name': '头晕', 'description': '头晕', 'severity': None, 'duration': None}, {'symptom_name': '耳鸣', 'description': '耳鸣', 'severity': None, 'duration': None}, {'symptom_name': '腰膝酸软', 'description': '腰膝酸软', 'severity': None, 'duration': None}, {'symptom_name': '口干咽燥', 'description': '口干咽燥', 'severity': None, 'duration': None}, {'symptom_name': '手心脚心发热', 'description': '手心脚心发热', 'severity': None, 'duration': None}, {'symptom_name': '夜间盗汗', 'description': '夜间盗汗', 'severity': None, 'duration': None}, {'symptom_name': '失眠多梦', 'description': '失眠多梦', 'severity': None, 'duration': None}, {'symptom_name': '眼睛干涩', 'description': '眼睛干涩', 'severity': None, 'duration': None}, {'symptom_name': '月经不调', 'description': '月经不调', 'severity': None, 'duration': None}], 'missing_info': ['头晕的发作频率和持续时间是怎样的？是否伴随头痛或视力模糊？', '耳鸣是单侧还是双侧？是否有听力下降？', '腰膝酸软是否在劳累后加重？是否有下肢无力或麻木？', '口干咽燥是否持续存在？是否需要夜间频繁饮水？', '手心脚心发热是否在夜间更明显？是否有潮热感？', '夜间盗汗的程度如何？是否需要更换衣物或床单？', '失眠多梦的具体表现是什么？入睡困难、易醒还是早醒？', '眼睛干涩是否伴有视物模糊或眼疲劳？是否使用过眼药水？', '月经不调的具体情况如何？如周期长短、经期持续时间、经量多少、是否有痛经？', '是否有其他伴随症状，如心悸、乏力、体重变化、情绪波动等？', '既往是否有慢性疾病（如糖尿病、甲状腺疾病、高血压）或妇科病史？', '近期是否有精神压力大、作息不规律或饮食改变？'], 'stage': 'symptom_collection'}
2025-08-10 13:57:02,822 - nodes.e_symptom_extraction_node - INFO - 症状: [{'symptom_name': '头晕', 'description': '头晕', 'severity': None, 'duration': None}, {'symptom_name': '耳鸣', 'description': '耳鸣', 'severity': None, 'duration': None}, {'symptom_name': '腰膝酸软', 'description': '腰膝酸软', 'severity': None, 'duration': None}, {'symptom_name': '口干咽燥', 'description': '口干咽燥', 'severity': None, 'duration': None}, {'symptom_name': '手心脚心发热', 'description': '手心脚心发热', 'severity': None, 'duration': None}, {'symptom_name': '夜间盗汗', 'description': '夜间盗汗', 'severity': None, 'duration': None}, {'symptom_name': '失眠多梦', 'description': '失眠多梦', 'severity': None, 'duration': None}, {'symptom_name': '眼睛干涩', 'description': '眼睛干涩', 'severity': None, 'duration': None}, {'symptom_name': '月经不调', 'description': '月经不调', 'severity': None, 'duration': None}]
2025-08-10 13:57:02,823 - nodes.e_symptom_extraction_node - INFO - 缺失信息: ['头晕的发作频率和持续时间是怎样的？是否伴随头痛或视力模糊？', '耳鸣是单侧还是双侧？是否有听力下降？', '腰膝酸软是否在劳累后加重？是否有下肢无力或麻木？', '口干咽燥是否持续存在？是否需要夜间频繁饮水？', '手心脚心发热是否在夜间更明显？是否有潮热感？', '夜间盗汗的程度如何？是否需要更换衣物或床单？', '失眠多梦的具体表现是什么？入睡困难、易醒还是早醒？', '眼睛干涩是否伴有视物模糊或眼疲劳？是否使用过眼药水？', '月经不调的具体情况如何？如周期长短、经期持续时间、经量多少、是否有痛经？', '是否有其他伴随症状，如心悸、乏力、体重变化、情绪波动等？', '既往是否有慢性疾病（如糖尿病、甲状腺疾病、高血压）或妇科病史？', '近期是否有精神压力大、作息不规律或饮食改变？']
2025-08-10 13:57:02,823 - nodes.e_symptom_extraction_node - INFO - 提取到 9 个症状和 12 个缺失信息
2025-08-10 13:57:02,824 - nodes.e_symptom_extraction_node - INFO - 提取到9个症状，达到阈值2，信息充足
2025-08-10 13:57:02,825 - nodes.f_follow_up_question_node - INFO - 生成追问，共有 12 个缺失信息点
2025-08-10 13:57:03,006 - httpx - INFO - HTTP Request: POST https://api.deepseek.com/chat/completions "HTTP/1.1 200 OK"
2025-08-10 13:57:20,609 - nodes.f_follow_up_question_node - INFO - 生成的追问: 您好，感谢您详细描述了目前的症状。为了更准确地评估您的健康状况，我需要进一步了解一些细节：

首先关于头晕，您能具体描述一下发作的频率和每次持续的时间吗？比如是偶尔发生还是每天都出现？另外，头晕时是否...
2025-08-10 13:57:20,609 - nodes.k_output_node - INFO - 输出处理完成，返回最终状态
2025-08-10 13:57:20,609 - graph - INFO - 图执行完成
2025-08-10 13:57:20,742 - TCMGraphTest - INFO - 执行成功: True
2025-08-10 13:57:20,742 - TCMGraphTest - INFO - 用户意图: diagnosis
2025-08-10 13:57:20,742 - TCMGraphTest - INFO - 提取症状数: 9
2025-08-10 13:57:20,742 - TCMGraphTest - INFO - 对话状态: awaiting_follow_up
2025-08-10 13:57:20,746 - TCMGraphTest - INFO - 响应长度: 460
2025-08-10 13:57:20,746 - TCMGraphTest - INFO - 响应时间: 39.82秒
2025-08-10 13:57:20,746 - TCMGraphTest - INFO - 紧急情况检测: False
2025-08-10 13:57:20,746 - TCMGraphTest - INFO - 安全评分: N/A
2025-08-10 13:57:20,749 - TCMGraphTest - INFO - 整体质量评分: 100.0/100
2025-08-10 13:57:20,749 - TCMGraphTest - INFO - ------------------------------------------------------------
2025-08-10 13:57:20,749 - TCMGraphTest - INFO - 执行测试 11/12
2025-08-10 13:57:20,750 - TCMGraphTest - INFO - 测试用例: 性能测试 - 长文本输入
2025-08-10 13:57:20,751 - TCMGraphTest - INFO - 用户输入: 医生您好，我想详细描述一下我的症状，希望您能给我一个准确的诊断。我最近几个月来一直感觉身体不适，我最近几个月来一直感觉身体不适，我最近几个月来一直感觉身体不适，我最近几个月来一直感觉身体不适，我最近几个月来一直感觉身体不适，我最近几个月来一直感觉身体不适，我最近几个月来一直感觉身体不适，我最近几个月来一直感觉身体不适，我最近几个月来一直感觉身体不适，我最近几个月来一直感觉身体不适，我最近几个月来一直感觉身体不适，我最近几个月来一直感觉身体不适，我最近几个月来一直感觉身体不适，我最近几个月来一直感觉身体不适，我最近几个月来一直感觉身体不适，我最近几个月来一直感觉身体不适，我最近几个月来一直感觉身体不适，我最近几个月来一直感觉身体不适，我最近几个月来一直感觉身体不适，我最近几个月来一直感觉身体不适，主要症状是头晕、乏力、失眠。
2025-08-10 13:57:20,752 - graph - INFO - 开始处理用户输入: 医生您好，我想详细描述一下我的症状，希望您能给我一个准确的诊断。我最近几个月来一直感觉身体不适，我最近几个月来一直感觉身体不适，我最近几个月来一直感觉身体不适，我最近几个月来一直感觉身体不适，我最近几个月来一直感觉身体不适，我最近几个月来一直感觉身体不适，我最近几个月来一直感觉身体不适，我最近几个月来一直感觉身体不适，我最近几个月来一直感觉身体不适，我最近几个月来一直感觉身体不适，我最近几个月来一直感觉身体不适，我最近几个月来一直感觉身体不适，我最近几个月来一直感觉身体不适，我最近几个月来一直感觉身体不适，我最近几个月来一直感觉身体不适，我最近几个月来一直感觉身体不适，我最近几个月来一直感觉身体不适，我最近几个月来一直感觉身体不适，我最近几个月来一直感觉身体不适，我最近几个月来一直感觉身体不适，主要症状是头晕、乏力、失眠。
2025-08-10 13:57:20,752 - graph - INFO - 开始创建中医智能对话系统图...
2025-08-10 13:57:20,753 - nodes.c_rag_retrieval_node - INFO - 初始化RAG检索节点
2025-08-10 13:57:20,753 - RAG_system.embedding_model - INFO - 检测到GPU设备: NVIDIA GeForce RTX 4070 Laptop GPU, 共 1 个GPU
2025-08-10 13:57:20,754 - RAG_system.embedding_model - INFO - 嵌入模型管理器初始化成功，使用设备: cuda
2025-08-10 13:57:20,754 - RAG_system.retriever - INFO - 检索管理器初始化成功
2025-08-10 13:57:20,754 - RAG_system.embedding_model - INFO - 检测到GPU设备: NVIDIA GeForce RTX 4070 Laptop GPU, 共 1 个GPU
2025-08-10 13:57:20,756 - RAG_system.rag_manager - INFO - RAG管理器初始化成功，使用设备: cuda
2025-08-10 13:57:20,756 - RAG_system.rag_manager - INFO - 正在启动RAG管理器
2025-08-10 13:57:20,756 - RAG_system.rag_manager - INFO - 发现本地嵌入模型信息，正在加载
2025-08-10 13:57:20,757 - RAG_system.embedding_model - INFO - 正在加载嵌入模型: sentence-transformers/paraphrase-multilingual-MiniLM-L12-v2
2025-08-10 13:57:20,758 - RAG_system.embedding_model - INFO - 从本地加载嵌入模型: RAG_system/model\sentence-transformers_paraphrase-multilingual-MiniLM-L12-v2
2025-08-10 13:57:20,763 - sentence_transformers.SentenceTransformer - INFO - Load pretrained SentenceTransformer: RAG_system/model\sentence-transformers_paraphrase-multilingual-MiniLM-L12-v2
2025-08-10 13:57:20,763 - sentence_transformers.SentenceTransformer - WARNING - No sentence-transformers model found with name RAG_system/model\sentence-transformers_paraphrase-multilingual-MiniLM-L12-v2. Creating a new one with mean pooling.
2025-08-10 13:57:33,640 - RAG_system.embedding_model - INFO - 正在保存嵌入模型信息
2025-08-10 13:57:33,642 - RAG_system.embedding_model - INFO - 嵌入模型信息已保存到: RAG_system/model\model_info.json
2025-08-10 13:57:33,642 - RAG_system.embedding_model - INFO - 嵌入模型加载成功，使用设备: cuda
2025-08-10 13:57:33,642 - RAG_system.vector_store - INFO - 向量存储管理器初始化成功
2025-08-10 13:57:33,646 - RAG_system.rag_manager - INFO - 检查向量存储路径: RAG_system/RAG/vector_store\index.faiss
2025-08-10 13:57:33,647 - RAG_system.rag_manager - INFO - 发现本地向量存储，正在加载
2025-08-10 13:57:33,647 - RAG_system.vector_store - INFO - 正在从路径加载向量存储: vector_store
2025-08-10 13:57:47,262 - RAG_system.vector_store - INFO - 向量存储加载成功
2025-08-10 13:57:47,262 - RAG_system.retriever - INFO - 正在创建检索器
2025-08-10 13:57:47,266 - RAG_system.retriever - INFO - 检索器创建成功
2025-08-10 13:57:47,268 - RAG_system.rag_manager - INFO - RAG管理器启动成功
2025-08-10 13:57:47,268 - nodes.c_rag_retrieval_node - INFO - RAG检索节点初始化完成
2025-08-10 13:57:47,268 - graph - INFO - 添加所有节点...
2025-08-10 13:57:47,274 - graph - INFO - 配置节点间的路由逻辑...
2025-08-10 13:57:47,275 - graph - INFO - 编译图...
2025-08-10 13:57:47,277 - graph - INFO - 中医智能对话系统图创建完成
2025-08-10 13:57:47,278 - graph - INFO - 开始执行图...
2025-08-10 13:57:47,279 - nodes.a_input_node - INFO - 输入处理节点启动
2025-08-10 13:57:47,279 - nodes.a_input_node - INFO - 处理用户输入成功: '医生您好，我想详细描述一下我的症状，希望您能给我一个准确的诊...'
2025-08-10 13:57:47,280 - nodes.b_safety_guard_node - INFO - 安全检查节点启动
2025-08-10 13:57:47,280 - nodes.b_safety_guard_node - INFO - 安全检查通过，未检测到紧急关键词
2025-08-10 13:57:47,281 - nodes.c_rag_retrieval_node - INFO - RAG检索节点启动
2025-08-10 13:57:47,281 - nodes.c_rag_retrieval_node - INFO - 执行检索，查询：医生您好，我想详细描述一下我的症状，希望您能给我一个准确的诊断。我最近几个月来一直感觉身体不适，我最近几个月来一直感觉身体不适，我最近几个月来一直感觉身体不适，我最近几个月来一直感觉身体不适，我最近几个月来一直感觉身体不适，我最近几个月来一直感觉身体不适，我最近几个月来一直感觉身体不适，我最近几个月来一直感觉身体不适，我最近几个月来一直感觉身体不适，我最近几个月来一直感觉身体不适，我最近几个月来一直感觉身体不适，我最近几个月来一直感觉身体不适，我最近几个月来一直感觉身体不适，我最近几个月来一直感觉身体不适，我最近几个月来一直感觉身体不适，我最近几个月来一直感觉身体不适，我最近几个月来一直感觉身体不适，我最近几个月来一直感觉身体不适，我最近几个月来一直感觉身体不适，我最近几个月来一直感觉身体不适，主要症状是头晕、乏力、失眠。，k值：4
2025-08-10 13:57:47,282 - RAG_system.retriever - INFO - 正在执行检索操作，查询: 医生您好，我想详细描述一下我的症状，希望您能给我一个准确的诊断。我最近几个月来一直感觉身体不适，我最近几个月来一直感觉身体不适，我最近几个月来一直感觉身体不适，我最近几个月来一直感觉身体不适，我最近几个月来一直感觉身体不适，我最近几个月来一直感觉身体不适，我最近几个月来一直感觉身体不适，我最近几个月来一直感觉身体不适，我最近几个月来一直感觉身体不适，我最近几个月来一直感觉身体不适，我最近几个月来一直感觉身体不适，我最近几个月来一直感觉身体不适，我最近几个月来一直感觉身体不适，我最近几个月来一直感觉身体不适，我最近几个月来一直感觉身体不适，我最近几个月来一直感觉身体不适，我最近几个月来一直感觉身体不适，我最近几个月来一直感觉身体不适，我最近几个月来一直感觉身体不适，我最近几个月来一直感觉身体不适，主要症状是头晕、乏力、失眠。
2025-08-10 13:57:47,336 - RAG_system.retriever - INFO - 检索完成，返回 4 个结果
2025-08-10 13:57:47,336 - nodes.c_rag_retrieval_node - INFO - 成功提取上下文，共4个文档
2025-08-10 13:57:48,716 - httpx - INFO - HTTP Request: POST https://dashscope.aliyuncs.com/compatible-mode/v1/chat/completions "HTTP/1.1 200 OK"
2025-08-10 13:57:48,716 - nodes.d_recognize_intent_node - INFO - 意图识别结果: diagnosis (置信度: 1.0)
2025-08-10 13:57:48,725 - nodes.e_symptom_extraction_node - INFO - 开始提取症状...
2025-08-10 13:58:02,066 - httpx - INFO - HTTP Request: POST https://dashscope.aliyuncs.com/compatible-mode/v1/chat/completions "HTTP/1.1 200 OK"
2025-08-10 13:58:02,087 - nodes.e_symptom_extraction_node - INFO - LLM原始输出: {'user_input': '医生您好，我想详细描述一下我的症状，希望您能给我一个准确的诊断。我最近几个月来一直感觉身体不适，我最近几个月来一直感觉身体不适，我最近几个月来一直感觉身体不适，我最近几个月来一直感觉身体不适，我最近几个月来一直感觉身体不适，我最近几个月来一直感觉身体不适，我最近几个月来一直感觉身体不适，我最近几个月来一直感觉身体不适，我最近几个月来一直感觉身体不适，我最近几个月来一直感觉身体不适，我最近几个月来一直感觉身体不适，我最近几个月来一直感觉身体不适，我最近几个月来一直感觉身体不适，我最近几个月来一直感觉身体不适，我最近几个月来一直感觉身体不适，我最近几个月来一直感觉身体不适，我最近几个月来一直感觉身体不适，我最近几个月来一直感觉身体不适，我最近几个月来一直感觉身体不适，我最近几个月来一直感觉身体不适，主要症状是头晕、乏力、失眠。', 'message_history': 'human: 医生您好，我想详细描述一下我的症状，希望您能给我一个准确的诊断。我最近几个月来一直感觉身体不适，我最近几个月来一直感觉身体不适，我最近几个月来一直感觉身体不适，我最近几个月来一直感觉身体不适，我最近几个月来一直感觉身体不适，我最近几个月来一直感觉身体不适，我最近几个月来一直感觉身体不适，我最近几个月来一直感觉身体不适，我最近几个月来一直感觉身体不适，我最近几个月来一直感觉身体不适，我最近几个月来一直感觉身体不适，我最近几个月来一直感觉身体不适，我最近几个月来一直感觉身体不适，我最近几个月来一直感觉身体不适，我最近几个月来一直感觉身体不适，我最近几个月来一直感觉身体不适，我最近几个月来一直感觉身体不适，我最近几个月来一直感觉身体不适，我最近几个月来一直感觉身体不适，我最近几个月来一直感觉身体不适，主要症状是头晕、乏力、失眠。', 'relevant_context': '[文档1] 来源: data/医藏-0869部/09伤寒-49本/09伤寒-49本/重订通俗伤寒论-清-俞根.txt\n若系垢胎。必每月行经。须问其经行多少。及腹中果动否。此皆妇科扼要之问法也。至若景岳十问歌。一问寒热二问汗。三问头身四问便。五问饮食六问胸。七聋八渴俱当辨。九问旧病十问因。再兼服药参机变。妇人尤必问经期。恶露有无产后验。亦属问法之要略。惟赵晴初老医。谓诊病虽须详问。又当色脉合参。不可徇病患之言。为其所惑。\n\n\u3000\u3000【荣斋按】木章俞氏所讲和转载喻西昌等八家对于诊察伤寒的各种方法，是很符合现代“调查病史”的要求的。本节所谓“察新久”，就是采取“现下病史”和过去病史”，它不仅能给予诊断上许多佐证，而且在某些特殊条件下它还可以作为诊断的根据；这就是我们“四诊”中的“问诊”。我认为采取病史的范围，除本章所说各项外，还应该注意到：（一）起病的时间和情形──时间要愈准确愈好。可以用各种记时的方法，如某日几点几分钟或某日清晨、正午、黄昏或半夜，或起床前后，早饭前后，午饭前后……等。起病情形有骤起的（如大叶肺炎和疟疾），有渐起的（如伤寒），但也有不知不觉中而起病的（如各种慢性疾病）。（二）症状与时间的关系──各种症状的表现都有它一定时间的规律。如果忽略了它的时间性，则症状就失掉了它对诊断上的意义。\n\n\u3000\u3000如疟疾病患的发热，有间日一次的，也有三日一次的。每次发热时间有数十分钟的，也有几个钟点以上的。伤寒病患是继续不断的高热，而肺结核病患则是每日下午发微热。\n\n\u3000\u3000因此，要注意它发生的时间。（三）症状与症状之间的关系──各种症状的表现都是互相关联的，它们之间都有一定的关系。如疟疾病患应该是先发寒、再发热、后出汗，这三个疟疾的主要症状，有它们时间先后的关系，这种关系是诊断疟疾的标志。又如发热和头痛的关系，一般急性热病都是热度愈高的时候头痛愈厉害，热度降低头痛也减轻了。凭着这个关系就可以知道这个头痛是因为发热而起的，绝不是其他原因。因此，我们的问症状就应注意它们互相之间的关系，而不应把每一个症状孤立起来，否则，就会造成诊断上的错误。\n\n\u3000\u3000其他，如症状对生理功能的影响，症状本身的分析，各个系统详细状症的采取，可能致病的诱因等；都应该加以注意和考虑。至于询问“过去病史”，应根据现下病史的情形而变化，现下病史中那一个系统是最主要的症状，过去病史也应详细询问那个系统。所谓“新病引起旧病”如第九章伤寒夹证中的夹痰、夹血、夹疝、夹痨等，这些病史的早日获得，对诊断和将来的治疗是很有意义的。\n\n[文档2] 来源: data/医藏-0869部/09医藏-0869部/09医藏-0869部/09伤寒-49本/重订通俗伤寒论-清-俞根.txt\n若系垢胎。必每月行经。须问其经行多少。及腹中果动否。此皆妇科扼要之问法也。至若景岳十问歌。一问寒热二问汗。三问头身四问便。五问饮食六问胸。七聋八渴俱当辨。九问旧病十问因。再兼服药参机变。妇人尤必问经期。恶露有无产后验。亦属问法之要略。惟赵晴初老医。谓诊病虽须详问。又当色脉合参。不可徇病患之言。为其所惑。\n\n\u3000\u3000【荣斋按】木章俞氏所讲和转载喻西昌等八家对于诊察伤寒的各种方法，是很符合现代“调查病史”的要求的。本节所谓“察新久”，就是采取“现下病史”和过去病史”，它不仅能给予诊断上许多佐证，而且在某些特殊条件下它还可以作为诊断的根据；这就是我们“四诊”中的“问诊”。我认为采取病史的范围，除本章所说各项外，还应该注意到：（一）起病的时间和情形──时间要愈准确愈好。可以用各种记时的方法，如某日几点几分钟或某日清晨、正午、黄昏或半夜，或起床前后，早饭前后，午饭前后……等。起病情形有骤起的（如大叶肺炎和疟疾），有渐起的（如伤寒），但也有不知不觉中而起病的（如各种慢性疾病）。（二）症状与时间的关系──各种症状的表现都有它一定时间的规律。如果忽略了它的时间性，则症状就失掉了它对诊断上的意义。\n\n\u3000\u3000如疟疾病患的发热，有间日一次的，也有三日一次的。每次发热时间有数十分钟的，也有几个钟点以上的。伤寒病患是继续不断的高热，而肺结核病患则是每日下午发微热。\n\n\u3000\u3000因此，要注意它发生的时间。（三）症状与症状之间的关系──各种症状的表现都是互相关联的，它们之间都有一定的关系。如疟疾病患应该是先发寒、再发热、后出汗，这三个疟疾的主要症状，有它们时间先后的关系，这种关系是诊断疟疾的标志。又如发热和头痛的关系，一般急性热病都是热度愈高的时候头痛愈厉害，热度降低头痛也减轻了。凭着这个关系就可以知道这个头痛是因为发热而起的，绝不是其他原因。因此，我们的问症状就应注意它们互相之间的关系，而不应把每一个症状孤立起来，否则，就会造成诊断上的错误。\n\n\u3000\u3000其他，如症状对生理功能的影响，症状本身的分析，各个系统详细状症的采取，可能致病的诱因等；都应该加以注意和考虑。至于询问“过去病史”，应根据现下病史的情形而变化，现下病史中那一个系统是最主要的症状，过去病史也应详细询问那个系统。所谓“新病引起旧病”如第九章伤寒夹证中的夹痰、夹血、夹疝、夹痨等，这些病史的早日获得，对诊断和将来的治疗是很有意义的。\n\n[文档3] 来源: data/医藏-0869部/09伤寒-49本/09伤寒-49本/重订通俗伤寒论-清-俞根.txt\n【荣斋按】“黄耳伤寒”这病名不知起于何时？我最初看到的，是张石顽《伤寒绪论》，他说：“黄耳者，耳中策策痛，两耳叶黄，风入于肾也；卒然变恶寒发热，脊强直如痉状，此属太阳类伤寒也。”所谓“黄耳”，大概由于“两耳叶黄”，从症状中得出了病名。至于这些症状，巢氏《诸病源候总论》已有记载，他说：“凡患耳中策策痛者，皆是风入于肾之经也；不治流入肾，则卒然变脊强直成痉也。”不过，巢氏所载，无“恶寒发热”，因此，也就不名“类伤寒”。现下我觉得“黄耳”病名，似始于张石顽，症状则早见于巢元方，其间递嬗变易，有同有异，与俞氏所述。更有不同之外。据本节所列症状，相当于西医书的“耳疖”和“中耳炎”；西医书描写耳疖的症状说：“常有强度耳痛，尤于夜间为甚，患部皮肤红肿，且可波及耳壳周遭，全身恶寒战栗，或有发高热者。”描述中耳炎的症状是：“全身症状──常发高热，恶寒战栗、呕吐、头痛、不安等，与其他急性传染病之症状同。若发生于小孩，则可有脑膜刺激症状，如感觉过敏，痉挛、呕吐、谵语与真性脑膜炎同。局部症状──患侧有听力障碍，耳痛、耳鸣、耳内搏动感等。”（以上是概括大意，非原文。）从中西医学理论所记录的症状，互相对勘，似乎“黄耳伤寒”的名称，不十分妥贴。至于治法，则俞何两先生所采集的验方，是足够应用的。\n\n\u3000\u3000第八章·伤寒兼证\n\n\u3000\u3000第十七节·赤膈伤寒\n\n\u3000\u3000【因】风温时毒。先犯少阳阳明。续被暴寒搏动而发。乃三阳合病。状类伤寒。以其胸膈赤肿热痛。故见形定名曰赤膈伤寒。病亦多发于春令。\n\n\u3000\u3000【证】初起先发热恶寒。头疼身痛。继即胸膈 赤肿病HT 。甚或外发紫 。舌苔边红。中黄糙起刺。甚或黄中夹现黑点。若胸中剧疼。口秽喷人。痰嗽气喘。咯出浊唾腥臭者。毒已内陷伤肺。欲酿内痈。舌苔多白浓起腐。\n\n\u3000\u3000【脉】左浮弦急数。右洪盛弦滑者。张石顽所谓赤膈属少阳风热。非正伤寒。实则二阳合病之风温时毒。猝被太阳客寒引动而发也。\n\n\u3000\u3000【治】法当内外兼施。内治、轻则荆防败毒散加减。冲犀角汁（一瓢）。金汁（一两）。重则通圣消毒散加减。（方载大头伤寒治法中）。表里双解以逐毒。表证已退。\n\n[文档4] 来源: data/医藏-0869部/09医藏-0869部/09医藏-0869部/09伤寒-49本/重订通俗伤寒论-清-俞根.txt\n【荣斋按】“黄耳伤寒”这病名不知起于何时？我最初看到的，是张石顽《伤寒绪论》，他说：“黄耳者，耳中策策痛，两耳叶黄，风入于肾也；卒然变恶寒发热，脊强直如痉状，此属太阳类伤寒也。”所谓“黄耳”，大概由于“两耳叶黄”，从症状中得出了病名。至于这些症状，巢氏《诸病源候总论》已有记载，他说：“凡患耳中策策痛者，皆是风入于肾之经也；不治流入肾，则卒然变脊强直成痉也。”不过，巢氏所载，无“恶寒发热”，因此，也就不名“类伤寒”。现下我觉得“黄耳”病名，似始于张石顽，症状则早见于巢元方，其间递嬗变易，有同有异，与俞氏所述。更有不同之外。据本节所列症状，相当于西医书的“耳疖”和“中耳炎”；西医书描写耳疖的症状说：“常有强度耳痛，尤于夜间为甚，患部皮肤红肿，且可波及耳壳周遭，全身恶寒战栗，或有发高热者。”描述中耳炎的症状是：“全身症状──常发高热，恶寒战栗、呕吐、头痛、不安等，与其他急性传染病之症状同。若发生于小孩，则可有脑膜刺激症状，如感觉过敏，痉挛、呕吐、谵语与真性脑膜炎同。局部症状──患侧有听力障碍，耳痛、耳鸣、耳内搏动感等。”（以上是概括大意，非原文。）从中西医学理论所记录的症状，互相对勘，似乎“黄耳伤寒”的名称，不十分妥贴。至于治法，则俞何两先生所采集的验方，是足够应用的。\n\n\u3000\u3000第八章·伤寒兼证\n\n\u3000\u3000第十七节·赤膈伤寒\n\n\u3000\u3000【因】风温时毒。先犯少阳阳明。续被暴寒搏动而发。乃三阳合病。状类伤寒。以其胸膈赤肿热痛。故见形定名曰赤膈伤寒。病亦多发于春令。\n\n\u3000\u3000【证】初起先发热恶寒。头疼身痛。继即胸膈 赤肿病HT 。甚或外发紫 。舌苔边红。中黄糙起刺。甚或黄中夹现黑点。若胸中剧疼。口秽喷人。痰嗽气喘。咯出浊唾腥臭者。毒已内陷伤肺。欲酿内痈。舌苔多白浓起腐。\n\n\u3000\u3000【脉】左浮弦急数。右洪盛弦滑者。张石顽所谓赤膈属少阳风热。非正伤寒。实则二阳合病之风温时毒。猝被太阳客寒引动而发也。\n\n\u3000\u3000【治】法当内外兼施。内治、轻则荆防败毒散加减。冲犀角汁（一瓢）。金汁（一两）。重则通圣消毒散加减。（方载大头伤寒治法中）。表里双解以逐毒。表证已退。\n', 'format_instructions': 'The output should be a markdown code snippet formatted in the following schema, including the leading and trailing "```json" and "```":\n\n```json\n{\n\t"symptoms": array  // 从用户描述中提取的症状列表，每个症状应包含症状名称、描述、严重程度和持续时间\n\t"missing_info": array  // 需要从用户那里获取的缺失信息列表，这些信息对诊断很重要\n\t"stage": string  // 当前会话阶段，应为\'symptom_collection\'\n}\n```', 'text': {'symptoms': [{'symptom_name': '头晕', 'description': '主要症状之一，持续存在', 'severity': None, 'duration': '最近几个月'}, {'symptom_name': '乏力', 'description': '主要症状之一，持续存在', 'severity': None, 'duration': '最近几个月'}, {'symptom_name': '失眠', 'description': '主要症状之一，持续存在', 'severity': None, 'duration': '最近几个月'}], 'missing_info': ['头晕的具体性质（如旋转感、昏沉感、站立时加重等）以及发作时间规律（持续性还是间歇性）', '乏力的严重程度（是否影响日常活动）及昼夜变化规律', '失眠的具体表现（入睡困难、易醒、早醒、多梦等）及其频率', '是否有伴随症状，如头痛、心悸、出汗、恶心、耳鸣、视力模糊等', '症状的起病方式（突然发生还是逐渐加重）', '是否有诱因（如压力、饮食、睡眠习惯改变、感染等）', '既往病史（如高血压、贫血、甲状腺疾病、抑郁症、慢性感染等）', '月经史（对于女性患者，是否规律、有无经量改变）', '饮食、体重变化情况（近期是否有体重下降或食欲改变）', '是否有发热、寒战、盗汗等感染或炎症相关症状', '精神心理状态（如焦虑、情绪低落、兴趣减退等）', '用药史（是否服用镇静药、降压药、抗抑郁药等）', '睡眠环境及生活习惯（如作息时间、电子产品使用情况）', '神经系统症状（如肢体麻木、无力、行走不稳等）', '心血管系统症状（如胸闷、胸痛、气短等）'], 'stage': 'symptom_collection'}}
2025-08-10 13:58:02,090 - nodes.e_symptom_extraction_node - INFO - 解析后的输出: {'symptoms': [{'symptom_name': '头晕', 'description': '主要症状之一，持续存在', 'severity': None, 'duration': '最近几个月'}, {'symptom_name': '乏力', 'description': '主要症状之一，持续存在', 'severity': None, 'duration': '最近几个月'}, {'symptom_name': '失眠', 'description': '主要症状之一，持续存在', 'severity': None, 'duration': '最近几个月'}], 'missing_info': ['头晕的具体性质（如旋转感、昏沉感、站立时加重等）以及发作时间规律（持续性还是间歇性）', '乏力的严重程度（是否影响日常活动）及昼夜变化规律', '失眠的具体表现（入睡困难、易醒、早醒、多梦等）及其频率', '是否有伴随症状，如头痛、心悸、出汗、恶心、耳鸣、视力模糊等', '症状的起病方式（突然发生还是逐渐加重）', '是否有诱因（如压力、饮食、睡眠习惯改变、感染等）', '既往病史（如高血压、贫血、甲状腺疾病、抑郁症、慢性感染等）', '月经史（对于女性患者，是否规律、有无经量改变）', '饮食、体重变化情况（近期是否有体重下降或食欲改变）', '是否有发热、寒战、盗汗等感染或炎症相关症状', '精神心理状态（如焦虑、情绪低落、兴趣减退等）', '用药史（是否服用镇静药、降压药、抗抑郁药等）', '睡眠环境及生活习惯（如作息时间、电子产品使用情况）', '神经系统症状（如肢体麻木、无力、行走不稳等）', '心血管系统症状（如胸闷、胸痛、气短等）'], 'stage': 'symptom_collection'}
2025-08-10 13:58:02,091 - nodes.e_symptom_extraction_node - INFO - 症状: [{'symptom_name': '头晕', 'description': '主要症状之一，持续存在', 'severity': None, 'duration': '最近几个月'}, {'symptom_name': '乏力', 'description': '主要症状之一，持续存在', 'severity': None, 'duration': '最近几个月'}, {'symptom_name': '失眠', 'description': '主要症状之一，持续存在', 'severity': None, 'duration': '最近几个月'}]
2025-08-10 13:58:02,092 - nodes.e_symptom_extraction_node - INFO - 缺失信息: ['头晕的具体性质（如旋转感、昏沉感、站立时加重等）以及发作时间规律（持续性还是间歇性）', '乏力的严重程度（是否影响日常活动）及昼夜变化规律', '失眠的具体表现（入睡困难、易醒、早醒、多梦等）及其频率', '是否有伴随症状，如头痛、心悸、出汗、恶心、耳鸣、视力模糊等', '症状的起病方式（突然发生还是逐渐加重）', '是否有诱因（如压力、饮食、睡眠习惯改变、感染等）', '既往病史（如高血压、贫血、甲状腺疾病、抑郁症、慢性感染等）', '月经史（对于女性患者，是否规律、有无经量改变）', '饮食、体重变化情况（近期是否有体重下降或食欲改变）', '是否有发热、寒战、盗汗等感染或炎症相关症状', '精神心理状态（如焦虑、情绪低落、兴趣减退等）', '用药史（是否服用镇静药、降压药、抗抑郁药等）', '睡眠环境及生活习惯（如作息时间、电子产品使用情况）', '神经系统症状（如肢体麻木、无力、行走不稳等）', '心血管系统症状（如胸闷、胸痛、气短等）']
2025-08-10 13:58:02,092 - nodes.e_symptom_extraction_node - INFO - 提取到 3 个症状和 15 个缺失信息
2025-08-10 13:58:02,093 - nodes.e_symptom_extraction_node - INFO - 提取到3个症状，达到阈值2，信息充足
2025-08-10 13:58:02,094 - nodes.f_follow_up_question_node - INFO - 生成追问，共有 15 个缺失信息点
2025-08-10 13:58:13,293 - httpx - INFO - HTTP Request: POST https://api.deepseek.com/chat/completions "HTTP/1.1 200 OK"
2025-08-10 13:58:26,267 - nodes.f_follow_up_question_node - INFO - 生成的追问: 为了更全面地了解您的健康状况并帮助分析症状原因，我需要进一步询问一些细节。您提到有几种持续数月的症状，能否先具体描述一下这些症状的表现？例如：

关于头晕，您是否感到天旋地转，还是头部昏沉感？这种头晕...
2025-08-10 13:58:26,277 - nodes.k_output_node - INFO - 输出处理完成，返回最终状态
2025-08-10 13:58:26,277 - graph - INFO - 图执行完成
2025-08-10 13:58:26,396 - TCMGraphTest - INFO - 执行成功: True
2025-08-10 13:58:26,396 - TCMGraphTest - INFO - 用户意图: diagnosis
2025-08-10 13:58:26,398 - TCMGraphTest - INFO - 提取症状数: 3
2025-08-10 13:58:26,398 - TCMGraphTest - INFO - 对话状态: awaiting_follow_up
2025-08-10 13:58:26,398 - TCMGraphTest - INFO - 响应长度: 318
2025-08-10 13:58:26,402 - TCMGraphTest - INFO - 响应时间: 65.64秒
2025-08-10 13:58:26,402 - TCMGraphTest - INFO - 紧急情况检测: False
2025-08-10 13:58:26,403 - TCMGraphTest - INFO - 安全评分: N/A
2025-08-10 13:58:26,404 - TCMGraphTest - INFO - 整体质量评分: 100.0/100
2025-08-10 13:58:26,404 - TCMGraphTest - INFO - ------------------------------------------------------------
2025-08-10 13:58:26,404 - TCMGraphTest - INFO - 执行测试 12/12
2025-08-10 13:58:26,405 - TCMGraphTest - INFO - 测试用例: 药物咨询
2025-08-10 13:58:26,405 - TCMGraphTest - INFO - 用户输入: 请问六味地黄丸的功效和适应症是什么？
2025-08-10 13:58:26,406 - graph - INFO - 开始处理用户输入: 请问六味地黄丸的功效和适应症是什么？
2025-08-10 13:58:26,407 - graph - INFO - 开始创建中医智能对话系统图...
2025-08-10 13:58:26,407 - nodes.c_rag_retrieval_node - INFO - 初始化RAG检索节点
2025-08-10 13:58:26,407 - RAG_system.embedding_model - INFO - 检测到GPU设备: NVIDIA GeForce RTX 4070 Laptop GPU, 共 1 个GPU
2025-08-10 13:58:26,408 - RAG_system.embedding_model - INFO - 嵌入模型管理器初始化成功，使用设备: cuda
2025-08-10 13:58:26,408 - RAG_system.retriever - INFO - 检索管理器初始化成功
2025-08-10 13:58:26,408 - RAG_system.embedding_model - INFO - 检测到GPU设备: NVIDIA GeForce RTX 4070 Laptop GPU, 共 1 个GPU
2025-08-10 13:58:26,408 - RAG_system.rag_manager - INFO - RAG管理器初始化成功，使用设备: cuda
2025-08-10 13:58:26,408 - RAG_system.rag_manager - INFO - 正在启动RAG管理器
2025-08-10 13:58:26,408 - RAG_system.rag_manager - INFO - 发现本地嵌入模型信息，正在加载
2025-08-10 13:58:26,408 - RAG_system.embedding_model - INFO - 正在加载嵌入模型: sentence-transformers/paraphrase-multilingual-MiniLM-L12-v2
2025-08-10 13:58:26,408 - RAG_system.embedding_model - INFO - 从本地加载嵌入模型: RAG_system/model\sentence-transformers_paraphrase-multilingual-MiniLM-L12-v2
2025-08-10 13:58:26,415 - sentence_transformers.SentenceTransformer - INFO - Load pretrained SentenceTransformer: RAG_system/model\sentence-transformers_paraphrase-multilingual-MiniLM-L12-v2
2025-08-10 13:58:26,415 - sentence_transformers.SentenceTransformer - WARNING - No sentence-transformers model found with name RAG_system/model\sentence-transformers_paraphrase-multilingual-MiniLM-L12-v2. Creating a new one with mean pooling.
2025-08-10 13:58:30,648 - RAG_system.embedding_model - INFO - 正在保存嵌入模型信息
2025-08-10 13:58:30,653 - RAG_system.embedding_model - INFO - 嵌入模型信息已保存到: RAG_system/model\model_info.json
2025-08-10 13:58:30,654 - RAG_system.embedding_model - INFO - 嵌入模型加载成功，使用设备: cuda
2025-08-10 13:58:30,654 - RAG_system.vector_store - INFO - 向量存储管理器初始化成功
2025-08-10 13:58:30,655 - RAG_system.rag_manager - INFO - 检查向量存储路径: RAG_system/RAG/vector_store\index.faiss
2025-08-10 13:58:30,655 - RAG_system.rag_manager - INFO - 发现本地向量存储，正在加载
2025-08-10 13:58:30,655 - RAG_system.vector_store - INFO - 正在从路径加载向量存储: vector_store
2025-08-10 13:58:32,636 - RAG_system.vector_store - INFO - 向量存储加载成功
2025-08-10 13:58:32,636 - RAG_system.retriever - INFO - 正在创建检索器
2025-08-10 13:58:32,636 - RAG_system.retriever - INFO - 检索器创建成功
2025-08-10 13:58:32,636 - RAG_system.rag_manager - INFO - RAG管理器启动成功
2025-08-10 13:58:32,636 - nodes.c_rag_retrieval_node - INFO - RAG检索节点初始化完成
2025-08-10 13:58:32,636 - graph - INFO - 添加所有节点...
2025-08-10 13:58:32,644 - graph - INFO - 配置节点间的路由逻辑...
2025-08-10 13:58:32,644 - graph - INFO - 编译图...
2025-08-10 13:58:32,645 - graph - INFO - 中医智能对话系统图创建完成
2025-08-10 13:58:32,645 - graph - INFO - 开始执行图...
2025-08-10 13:58:32,646 - nodes.a_input_node - INFO - 输入处理节点启动
2025-08-10 13:58:32,647 - nodes.a_input_node - INFO - 处理用户输入成功: '请问六味地黄丸的功效和适应症是什么？'
2025-08-10 13:58:32,648 - nodes.b_safety_guard_node - INFO - 安全检查节点启动
2025-08-10 13:58:32,649 - nodes.b_safety_guard_node - INFO - 安全检查通过，未检测到紧急关键词
2025-08-10 13:58:32,650 - nodes.c_rag_retrieval_node - INFO - RAG检索节点启动
2025-08-10 13:58:32,651 - nodes.c_rag_retrieval_node - INFO - 执行检索，查询：请问六味地黄丸的功效和适应症是什么？，k值：4
2025-08-10 13:58:32,651 - RAG_system.retriever - INFO - 正在执行检索操作，查询: 请问六味地黄丸的功效和适应症是什么？
2025-08-10 13:58:32,689 - RAG_system.retriever - INFO - 检索完成，返回 4 个结果
2025-08-10 13:58:32,690 - nodes.c_rag_retrieval_node - INFO - 成功提取上下文，共4个文档
2025-08-10 13:58:34,178 - httpx - INFO - HTTP Request: POST https://dashscope.aliyuncs.com/compatible-mode/v1/chat/completions "HTTP/1.1 200 OK"
2025-08-10 13:58:34,191 - nodes.d_recognize_intent_node - INFO - 意图识别结果: question (置信度: 0.9)
2025-08-10 13:58:34,191 - nodes.i_conversation_chain_node - INFO - 处理用户输入: 请问六味地黄丸的功效和适应症是什么？...
2025-08-10 13:58:34,194 - nodes.i_conversation_chain_node - INFO - 开始生成对话回复...
2025-08-10 13:59:04,206 - openai._base_client - INFO - Retrying request to /chat/completions in 0.406906 seconds
2025-08-10 13:59:32,569 - httpx - INFO - HTTP Request: POST https://dashscope.aliyuncs.com/compatible-mode/v1/chat/completions "HTTP/1.1 200 OK"
2025-08-10 13:59:32,573 - nodes.i_conversation_chain_node - INFO - 生成的回复: 六味地黄丸是中医经典方剂之一，源自宋代医家钱乙的《小儿药证直诀》，原名为“地黄丸”，由六味药物组成，故后世称为“六味地黄丸”。它是滋补肾阴的代表方，广泛应用于中医临床。

### 一、组成药物
六味地...
2025-08-10 13:59:32,575 - nodes.j_response_safety_node - WARNING - 检测到1个高/中风险安全违规，替换响应为警告
2025-08-10 13:59:32,577 - nodes.k_output_node - INFO - 输出处理完成，返回最终状态
2025-08-10 13:59:32,578 - graph - INFO - 图执行完成
2025-08-10 13:59:32,719 - TCMGraphTest - INFO - 执行成功: True
2025-08-10 13:59:32,720 - TCMGraphTest - INFO - 用户意图: question
2025-08-10 13:59:32,721 - TCMGraphTest - ERROR - 测试用例执行失败: object of type 'NoneType' has no len()
Traceback (most recent call last):
  File "F:\Files\比赛\挑战杯++\专项赛3\AI chatbot\V2\tests\graph_test.py", line 244, in run_test_case
    logger.info(f"提取症状数: {len(result.get('symptoms_list', []))}")
                               ^^^^^^^^^^^^^^^^^^^^^^^^^^^^^^^^^^^^
TypeError: object of type 'NoneType' has no len()
2025-08-10 13:59:32,723 - TCMGraphTest - INFO - ------------------------------------------------------------
2025-08-10 13:59:32,723 - TCMGraphTest - INFO - ============================================================
2025-08-10 13:59:32,724 - TCMGraphTest - INFO - 测试结果摘要
2025-08-10 13:59:32,724 - TCMGraphTest - INFO - ============================================================
2025-08-10 13:59:32,725 - TCMGraphTest - INFO - 总测试数: 12
2025-08-10 13:59:32,725 - TCMGraphTest - INFO - 成功测试数: 7
2025-08-10 13:59:32,726 - TCMGraphTest - INFO - 成功率: 58.33%
2025-08-10 13:59:32,726 - TCMGraphTest - INFO - 平均响应时间: 46.62秒
2025-08-10 13:59:32,727 - TCMGraphTest - INFO - 平均质量评分: 100.0/100
2025-08-10 13:59:32,727 - TCMGraphTest - INFO - 意图识别准确率: 100.00%
2025-08-10 13:59:32,728 - TCMGraphTest - INFO - 
分类测试结果:
2025-08-10 13:59:32,728 - TCMGraphTest - INFO -   complete_diagnosis: 1/1 (100.0%)
2025-08-10 13:59:32,728 - TCMGraphTest - INFO -   follow_up_needed: 1/1 (100.0%)
2025-08-10 13:59:32,729 - TCMGraphTest - INFO -   spleen_deficiency: 1/1 (100.0%)
2025-08-10 13:59:32,729 - TCMGraphTest - INFO -   liver_qi_stagnation: 1/1 (100.0%)
2025-08-10 13:59:32,729 - TCMGraphTest - INFO -   general_consultation: 0/1 (0.0%)
2025-08-10 13:59:32,729 - TCMGraphTest - INFO -   emergency: 0/1 (0.0%)
2025-08-10 13:59:32,730 - TCMGraphTest - INFO -   heart_kidney_disharmony: 1/1 (100.0%)
2025-08-10 13:59:32,730 - TCMGraphTest - INFO -   boundary_test: 0/1 (0.0%)
2025-08-10 13:59:32,730 - TCMGraphTest - INFO -   vague_symptoms: 0/1 (0.0%)
2025-08-10 13:59:32,731 - TCMGraphTest - INFO -   complex_symptoms: 1/1 (100.0%)
2025-08-10 13:59:32,731 - TCMGraphTest - INFO -   performance_test: 1/1 (100.0%)
2025-08-10 13:59:32,731 - TCMGraphTest - INFO -   medicine_consultation: 0/1 (0.0%)
2025-08-10 13:59:32,741 - TCMGraphTest - INFO - 
详细结果已保存到: tests/logs/tcm_graph_results_20250810_135013.json
2025-08-10 13:59:32,749 - TCMGraphTest - INFO - 测试报告已保存到: tests/logs/tcm_graph_report_20250810_135013.json
2025-08-10 13:59:32,751 - TCMGraphTest - INFO - 
============================================================
2025-08-10 13:59:32,751 - TCMGraphTest - INFO - 最终测试结果
2025-08-10 13:59:32,751 - TCMGraphTest - INFO - ============================================================
2025-08-10 13:59:32,776 - TCMGraphTest - INFO - 
失败的测试用例 (5):
2025-08-10 13:59:32,778 - TCMGraphTest - INFO -   1. 一般咨询 - 非诊断意图
2025-08-10 13:59:32,778 - TCMGraphTest - INFO -      错误: object of type 'NoneType' has no len()
2025-08-10 13:59:32,779 - TCMGraphTest - INFO -   2. 紧急情况 - 安全检查
2025-08-10 13:59:32,779 - TCMGraphTest - INFO -      错误: object of type 'NoneType' has no len()
2025-08-10 13:59:32,779 - TCMGraphTest - INFO -   3. 边界测试 - 空输入
2025-08-10 13:59:32,780 - TCMGraphTest - INFO -      错误: object of type 'NoneType' has no len()
2025-08-10 13:59:32,780 - TCMGraphTest - INFO -   4. 边界测试 - 模糊症状
2025-08-10 13:59:32,780 - TCMGraphTest - INFO -      错误: object of type 'NoneType' has no len()
2025-08-10 13:59:32,780 - TCMGraphTest - INFO -   5. 药物咨询
2025-08-10 13:59:32,781 - TCMGraphTest - INFO -      错误: object of type 'NoneType' has no len()
2025-08-10 15:09:54,128 - TCMGraphTest - INFO - 日志将保存到: tests/logs/tcm_graph_test_20250810_150954.log
2025-08-10 15:09:54,130 - TCMGraphTest - INFO - ================================================================================
2025-08-10 15:09:54,131 - TCMGraphTest - INFO - 中医智能对话系统LangGraph测试
2025-08-10 15:09:54,131 - TCMGraphTest - INFO - ================================================================================
2025-08-10 15:09:54,131 - TCMGraphTest - INFO - 开始中医智能对话系统图测试
2025-08-10 15:09:54,131 - TCMGraphTest - INFO - 执行测试 1/12
2025-08-10 15:09:54,131 - TCMGraphTest - INFO - 测试用例: 完整诊断流程 - 典型症状
2025-08-10 15:09:54,131 - TCMGraphTest - INFO - 用户输入: 医生，我最近总是感到头晕目眩，还有腰膝酸软，晚上失眠多梦，手心脚心发热，请帮我看看是什么问题？
2025-08-10 15:09:54,132 - graph - INFO - 开始处理用户输入: 医生，我最近总是感到头晕目眩，还有腰膝酸软，晚上失眠多梦，手心脚心发热，请帮我看看是什么问题？
2025-08-10 15:09:54,132 - graph - INFO - 开始创建中医智能对话系统图...
2025-08-10 15:09:54,132 - nodes.c_rag_retrieval_node - INFO - 初始化RAG检索节点
2025-08-10 15:09:54,132 - RAG_system.embedding_model - INFO - 检测到GPU设备: NVIDIA GeForce RTX 4070 Laptop GPU, 共 1 个GPU
2025-08-10 15:09:54,133 - RAG_system.embedding_model - INFO - 嵌入模型管理器初始化成功，使用设备: cuda
2025-08-10 15:09:54,134 - RAG_system.retriever - INFO - 检索管理器初始化成功
2025-08-10 15:09:54,134 - RAG_system.embedding_model - INFO - 检测到GPU设备: NVIDIA GeForce RTX 4070 Laptop GPU, 共 1 个GPU
2025-08-10 15:09:54,134 - RAG_system.rag_manager - INFO - RAG管理器初始化成功，使用设备: cuda
2025-08-10 15:09:54,135 - RAG_system.rag_manager - INFO - 正在启动RAG管理器
2025-08-10 15:09:54,135 - RAG_system.rag_manager - INFO - 发现本地嵌入模型信息，正在加载
2025-08-10 15:09:54,136 - RAG_system.embedding_model - INFO - 正在加载嵌入模型: sentence-transformers/paraphrase-multilingual-MiniLM-L12-v2
2025-08-10 15:09:54,137 - RAG_system.embedding_model - INFO - 从本地加载嵌入模型: RAG_system/model\sentence-transformers_paraphrase-multilingual-MiniLM-L12-v2
2025-08-10 15:09:54,139 - sentence_transformers.SentenceTransformer - INFO - Load pretrained SentenceTransformer: RAG_system/model\sentence-transformers_paraphrase-multilingual-MiniLM-L12-v2
2025-08-10 15:09:54,140 - sentence_transformers.SentenceTransformer - WARNING - No sentence-transformers model found with name RAG_system/model\sentence-transformers_paraphrase-multilingual-MiniLM-L12-v2. Creating a new one with mean pooling.
2025-08-10 15:09:55,009 - RAG_system.embedding_model - INFO - 正在保存嵌入模型信息
2025-08-10 15:09:55,012 - RAG_system.embedding_model - INFO - 嵌入模型信息已保存到: RAG_system/model\model_info.json
2025-08-10 15:09:55,013 - RAG_system.embedding_model - INFO - 嵌入模型加载成功，使用设备: cuda
2025-08-10 15:09:55,013 - RAG_system.vector_store - INFO - 向量存储管理器初始化成功
2025-08-10 15:09:55,014 - RAG_system.rag_manager - INFO - 检查向量存储路径: RAG_system/RAG/vector_store\index.faiss
2025-08-10 15:09:55,014 - RAG_system.rag_manager - INFO - 发现本地向量存储，正在加载
2025-08-10 15:09:55,014 - RAG_system.vector_store - INFO - 正在从路径加载向量存储: vector_store
2025-08-10 15:09:57,326 - RAG_system.vector_store - INFO - 向量存储加载成功
2025-08-10 15:09:57,327 - RAG_system.retriever - INFO - 正在创建检索器
2025-08-10 15:09:57,327 - RAG_system.retriever - INFO - 检索器创建成功
2025-08-10 15:09:57,327 - RAG_system.rag_manager - INFO - RAG管理器启动成功
2025-08-10 15:09:57,328 - nodes.c_rag_retrieval_node - INFO - RAG检索节点初始化完成
2025-08-10 15:09:57,328 - graph - INFO - 添加所有节点...
2025-08-10 15:09:57,331 - graph - INFO - 配置节点间的路由逻辑...
2025-08-10 15:09:57,331 - graph - INFO - 编译图...
2025-08-10 15:09:57,333 - graph - INFO - 中医智能对话系统图创建完成
2025-08-10 15:09:57,334 - graph - INFO - 开始执行图...
2025-08-10 15:09:57,339 - nodes.a_input_node - INFO - 输入处理节点启动
2025-08-10 15:09:57,340 - nodes.a_input_node - INFO - 处理用户输入成功: '医生，我最近总是感到头晕目眩，还有腰膝酸软，晚上失眠多梦，手...'
2025-08-10 15:09:57,341 - nodes.b_safety_guard_node - INFO - 安全检查节点启动
2025-08-10 15:09:57,342 - nodes.b_safety_guard_node - INFO - 安全检查通过，未检测到紧急关键词
2025-08-10 15:09:57,342 - nodes.c_rag_retrieval_node - INFO - RAG检索节点启动
2025-08-10 15:09:57,343 - nodes.c_rag_retrieval_node - INFO - 执行检索，查询：医生，我最近总是感到头晕目眩，还有腰膝酸软，晚上失眠多梦，手心脚心发热，请帮我看看是什么问题？，k值：4
2025-08-10 15:09:57,343 - RAG_system.retriever - INFO - 正在执行检索操作，查询: 医生，我最近总是感到头晕目眩，还有腰膝酸软，晚上失眠多梦，手心脚心发热，请帮我看看是什么问题？
2025-08-10 15:09:58,186 - RAG_system.retriever - INFO - 检索完成，返回 4 个结果
2025-08-10 15:09:58,187 - nodes.c_rag_retrieval_node - INFO - 成功提取上下文，共4个文档
2025-08-10 15:09:59,899 - httpx - INFO - HTTP Request: POST https://dashscope.aliyuncs.com/compatible-mode/v1/chat/completions "HTTP/1.1 200 OK"
2025-08-10 15:09:59,912 - nodes.d_recognize_intent_node - INFO - 意图识别结果: diagnosis (置信度: 0.9)
2025-08-10 15:09:59,913 - nodes.e_symptom_extraction_node - INFO - 开始提取症状...
2025-08-10 15:10:12,601 - httpx - INFO - HTTP Request: POST https://dashscope.aliyuncs.com/compatible-mode/v1/chat/completions "HTTP/1.1 200 OK"
2025-08-10 15:10:12,613 - nodes.e_symptom_extraction_node - INFO - LLM原始输出: {'user_input': '医生，我最近总是感到头晕目眩，还有腰膝酸软，晚上失眠多梦，手心脚心发热，请帮我看看是什么问题？', 'message_history': 'human: 医生，我最近总是感到头晕目眩，还有腰膝酸软，晚上失眠多梦，手心脚心发热，请帮我看看是什么问题？', 'relevant_context': '[文档1] 来源: data/医藏-0869部/09伤寒-49本/09伤寒-49本/证治准绳伤寒-明-王肯堂.txt\n卷三\n\n\u3000\u3000阳明病\n\n\u3000\u3000（胃实不大便 自汗 不得卧 潮热 谵语 狂乱 循衣摸床 渴 呕）\n\n[文档2] 来源: data/医藏-0869部/09伤寒-49本/09伤寒-49本/伤寒证治准绳-明-王肯堂.txt\n卷三\n\n\u3000\u3000阳明病\n\n\u3000\u3000（胃实不大便 自汗 不得卧 潮热 谵语 狂乱 循衣摸床 渴 呕）\n\n[文档3] 来源: data/医藏-0869部/09医藏-0869部/09医藏-0869部/09伤寒-49本/伤寒证治准绳-明-王肯堂_20210525211840.txt\n卷三\n\n\u3000\u3000阳明病\n\n\u3000\u3000（胃实不大便 自汗 不得卧 潮热 谵语 狂乱 循衣摸床 渴 呕）\n\n[文档4] 来源: data/医藏-0869部/09医藏-0869部/09医藏-0869部/09伤寒-49本/证治准绳伤寒-明-王肯堂.txt\n卷三\n\n\u3000\u3000阳明病\n\n\u3000\u3000（胃实不大便 自汗 不得卧 潮热 谵语 狂乱 循衣摸床 渴 呕）\n', 'format_instructions': 'The output should be a markdown code snippet formatted in the following schema, including the leading and trailing "```json" and "```":\n\n```json\n{\n\t"symptoms": array  // 从用户描述中提取的症状列表，每个症状应包含症状名称、描述、严重程度和持续时间\n\t"missing_info": array  // 需要从用户那里获取的缺失信息列表，这些信息对诊断很重要\n\t"stage": string  // 当前会话阶段，应为\'symptom_collection\'\n}\n```', 'text': {'symptoms': [{'symptom_name': '头晕目眩', 'description': '最近总是感到头晕目眩', 'severity': None, 'duration': '最近'}, {'symptom_name': '腰膝酸软', 'description': '有腰膝酸软', 'severity': None, 'duration': '最近'}, {'symptom_name': '失眠', 'description': '晚上失眠多梦', 'severity': None, 'duration': '最近'}, {'symptom_name': '多梦', 'description': '晚上失眠多梦', 'severity': None, 'duration': '最近'}, {'symptom_name': '手心脚心发热', 'description': '手心脚心发热', 'severity': None, 'duration': '最近'}], 'missing_info': ['头晕目眩的具体发作频率和持续时间（例如每次持续几分钟还是几小时，每天发作几次）？', '是否伴有头痛、恶心、呕吐、视力模糊或耳鸣等症状？', '腰膝酸软是否在劳累后加重？是否有下肢无力或麻木感？', '失眠的具体表现：入睡困难、易醒、早醒还是睡眠质量差？每周有多少个晚上出现失眠？', '多梦是否影响白天的精神状态？梦境是否频繁且 vivid？', '手心脚心发热是否在夜间加重？是否伴有盗汗或潮热？', '是否有午后低热、口干咽燥、心烦易怒等阴虚内热表现？', '近期是否有体重变化、食欲改变、排便异常或尿频尿急等情况？', '既往是否有高血压、糖尿病、肾病或神经系统疾病史？', '女性患者是否处于更年期？月经情况如何？'], 'stage': 'symptom_collection'}}
2025-08-10 15:10:12,614 - nodes.e_symptom_extraction_node - INFO - 解析后的输出: {'symptoms': [{'symptom_name': '头晕目眩', 'description': '最近总是感到头晕目眩', 'severity': None, 'duration': '最近'}, {'symptom_name': '腰膝酸软', 'description': '有腰膝酸软', 'severity': None, 'duration': '最近'}, {'symptom_name': '失眠', 'description': '晚上失眠多梦', 'severity': None, 'duration': '最近'}, {'symptom_name': '多梦', 'description': '晚上失眠多梦', 'severity': None, 'duration': '最近'}, {'symptom_name': '手心脚心发热', 'description': '手心脚心发热', 'severity': None, 'duration': '最近'}], 'missing_info': ['头晕目眩的具体发作频率和持续时间（例如每次持续几分钟还是几小时，每天发作几次）？', '是否伴有头痛、恶心、呕吐、视力模糊或耳鸣等症状？', '腰膝酸软是否在劳累后加重？是否有下肢无力或麻木感？', '失眠的具体表现：入睡困难、易醒、早醒还是睡眠质量差？每周有多少个晚上出现失眠？', '多梦是否影响白天的精神状态？梦境是否频繁且 vivid？', '手心脚心发热是否在夜间加重？是否伴有盗汗或潮热？', '是否有午后低热、口干咽燥、心烦易怒等阴虚内热表现？', '近期是否有体重变化、食欲改变、排便异常或尿频尿急等情况？', '既往是否有高血压、糖尿病、肾病或神经系统疾病史？', '女性患者是否处于更年期？月经情况如何？'], 'stage': 'symptom_collection'}
2025-08-10 15:10:12,614 - nodes.e_symptom_extraction_node - INFO - 症状: [{'symptom_name': '头晕目眩', 'description': '最近总是感到头晕目眩', 'severity': None, 'duration': '最近'}, {'symptom_name': '腰膝酸软', 'description': '有腰膝酸软', 'severity': None, 'duration': '最近'}, {'symptom_name': '失眠', 'description': '晚上失眠多梦', 'severity': None, 'duration': '最近'}, {'symptom_name': '多梦', 'description': '晚上失眠多梦', 'severity': None, 'duration': '最近'}, {'symptom_name': '手心脚心发热', 'description': '手心脚心发热', 'severity': None, 'duration': '最近'}]
2025-08-10 15:10:12,615 - nodes.e_symptom_extraction_node - INFO - 缺失信息: ['头晕目眩的具体发作频率和持续时间（例如每次持续几分钟还是几小时，每天发作几次）？', '是否伴有头痛、恶心、呕吐、视力模糊或耳鸣等症状？', '腰膝酸软是否在劳累后加重？是否有下肢无力或麻木感？', '失眠的具体表现：入睡困难、易醒、早醒还是睡眠质量差？每周有多少个晚上出现失眠？', '多梦是否影响白天的精神状态？梦境是否频繁且 vivid？', '手心脚心发热是否在夜间加重？是否伴有盗汗或潮热？', '是否有午后低热、口干咽燥、心烦易怒等阴虚内热表现？', '近期是否有体重变化、食欲改变、排便异常或尿频尿急等情况？', '既往是否有高血压、糖尿病、肾病或神经系统疾病史？', '女性患者是否处于更年期？月经情况如何？']
2025-08-10 15:10:12,615 - nodes.e_symptom_extraction_node - INFO - 提取到 5 个症状和 10 个缺失信息
2025-08-10 15:10:12,615 - nodes.e_symptom_extraction_node - INFO - 提取到5个症状，达到阈值2，信息充足
2025-08-10 15:10:12,616 - nodes.f_follow_up_question_node - INFO - 生成追问，共有 10 个缺失信息点
2025-08-10 15:10:12,794 - httpx - INFO - HTTP Request: POST https://api.deepseek.com/chat/completions "HTTP/1.1 200 OK"
2025-08-10 15:10:29,471 - nodes.f_follow_up_question_node - INFO - 生成的追问: 根据您描述的症状，为了更好地评估您的健康状况，我需要进一步了解一些细节。您提到最近经常感到头晕目眩，能否具体说说这种情况发生的频率？比如每天大约几次，每次持续多长时间？是否伴有头痛、恶心或耳鸣等其他不...
2025-08-10 15:10:29,473 - nodes.k_output_node - INFO - 输出处理完成，返回最终状态
2025-08-10 15:10:29,474 - graph - INFO - 图执行完成
2025-08-10 15:10:29,641 - TCMGraphTest - INFO - 执行成功: True
2025-08-10 15:10:29,642 - TCMGraphTest - INFO - 用户意图: diagnosis
2025-08-10 15:10:29,643 - TCMGraphTest - INFO - 提取症状数: 5
2025-08-10 15:10:29,644 - TCMGraphTest - INFO - 对话状态: awaiting_follow_up
2025-08-10 15:10:29,644 - TCMGraphTest - INFO - 响应长度: 450
2025-08-10 15:10:29,644 - TCMGraphTest - INFO - 响应时间: 35.51秒
2025-08-10 15:10:29,645 - TCMGraphTest - INFO - 紧急情况检测: False
2025-08-10 15:10:29,645 - TCMGraphTest - INFO - 安全评分: N/A
2025-08-10 15:10:29,645 - TCMGraphTest - INFO - 整体质量评分: 100.0/100
2025-08-10 15:10:29,646 - TCMGraphTest - INFO - ------------------------------------------------------------
2025-08-10 15:10:29,646 - TCMGraphTest - INFO - 执行测试 2/12
2025-08-10 15:10:29,646 - TCMGraphTest - INFO - 测试用例: 需要追问的诊断流程 - 症状不足
2025-08-10 15:10:29,646 - TCMGraphTest - INFO - 用户输入: 我咳嗽
2025-08-10 15:10:29,647 - graph - INFO - 开始处理用户输入: 我咳嗽
2025-08-10 15:10:29,647 - graph - INFO - 开始创建中医智能对话系统图...
2025-08-10 15:10:29,647 - nodes.c_rag_retrieval_node - INFO - 初始化RAG检索节点
2025-08-10 15:10:29,647 - RAG_system.embedding_model - INFO - 检测到GPU设备: NVIDIA GeForce RTX 4070 Laptop GPU, 共 1 个GPU
2025-08-10 15:10:29,647 - RAG_system.embedding_model - INFO - 嵌入模型管理器初始化成功，使用设备: cuda
2025-08-10 15:10:29,648 - RAG_system.retriever - INFO - 检索管理器初始化成功
2025-08-10 15:10:29,648 - RAG_system.embedding_model - INFO - 检测到GPU设备: NVIDIA GeForce RTX 4070 Laptop GPU, 共 1 个GPU
2025-08-10 15:10:29,648 - RAG_system.rag_manager - INFO - RAG管理器初始化成功，使用设备: cuda
2025-08-10 15:10:29,648 - RAG_system.rag_manager - INFO - 正在启动RAG管理器
2025-08-10 15:10:29,649 - RAG_system.rag_manager - INFO - 发现本地嵌入模型信息，正在加载
2025-08-10 15:10:29,649 - RAG_system.embedding_model - INFO - 正在加载嵌入模型: sentence-transformers/paraphrase-multilingual-MiniLM-L12-v2
2025-08-10 15:10:29,651 - RAG_system.embedding_model - INFO - 从本地加载嵌入模型: RAG_system/model\sentence-transformers_paraphrase-multilingual-MiniLM-L12-v2
2025-08-10 15:10:29,653 - sentence_transformers.SentenceTransformer - INFO - Load pretrained SentenceTransformer: RAG_system/model\sentence-transformers_paraphrase-multilingual-MiniLM-L12-v2
2025-08-10 15:10:29,653 - sentence_transformers.SentenceTransformer - WARNING - No sentence-transformers model found with name RAG_system/model\sentence-transformers_paraphrase-multilingual-MiniLM-L12-v2. Creating a new one with mean pooling.
2025-08-10 15:10:41,987 - RAG_system.embedding_model - INFO - 正在保存嵌入模型信息
2025-08-10 15:10:41,990 - RAG_system.embedding_model - INFO - 嵌入模型信息已保存到: RAG_system/model\model_info.json
2025-08-10 15:10:41,990 - RAG_system.embedding_model - INFO - 嵌入模型加载成功，使用设备: cuda
2025-08-10 15:10:41,991 - RAG_system.vector_store - INFO - 向量存储管理器初始化成功
2025-08-10 15:10:41,991 - RAG_system.rag_manager - INFO - 检查向量存储路径: RAG_system/RAG/vector_store\index.faiss
2025-08-10 15:10:41,991 - RAG_system.rag_manager - INFO - 发现本地向量存储，正在加载
2025-08-10 15:10:41,992 - RAG_system.vector_store - INFO - 正在从路径加载向量存储: vector_store
2025-08-10 15:10:52,029 - RAG_system.vector_store - INFO - 向量存储加载成功
2025-08-10 15:10:52,030 - RAG_system.retriever - INFO - 正在创建检索器
2025-08-10 15:10:52,030 - RAG_system.retriever - INFO - 检索器创建成功
2025-08-10 15:10:52,030 - RAG_system.rag_manager - INFO - RAG管理器启动成功
2025-08-10 15:10:52,031 - nodes.c_rag_retrieval_node - INFO - RAG检索节点初始化完成
2025-08-10 15:10:52,031 - graph - INFO - 添加所有节点...
2025-08-10 15:10:52,034 - graph - INFO - 配置节点间的路由逻辑...
2025-08-10 15:10:52,034 - graph - INFO - 编译图...
2025-08-10 15:10:52,035 - graph - INFO - 中医智能对话系统图创建完成
2025-08-10 15:10:52,035 - graph - INFO - 开始执行图...
2025-08-10 15:10:52,036 - nodes.a_input_node - INFO - 输入处理节点启动
2025-08-10 15:10:52,037 - nodes.a_input_node - INFO - 处理用户输入成功: '我咳嗽'
2025-08-10 15:10:52,037 - nodes.b_safety_guard_node - INFO - 安全检查节点启动
2025-08-10 15:10:52,037 - nodes.b_safety_guard_node - INFO - 安全检查通过，未检测到紧急关键词
2025-08-10 15:10:52,038 - nodes.c_rag_retrieval_node - INFO - RAG检索节点启动
2025-08-10 15:10:52,038 - nodes.c_rag_retrieval_node - INFO - 执行检索，查询：我咳嗽，k值：4
2025-08-10 15:10:52,038 - RAG_system.retriever - INFO - 正在执行检索操作，查询: 我咳嗽
2025-08-10 15:15:25,215 - TCMGraphTest - INFO - 日志将保存到: tests/logs/tcm_graph_test_20250810_151525.log
2025-08-10 15:15:25,216 - TCMGraphTest - INFO - ================================================================================
2025-08-10 15:15:25,216 - TCMGraphTest - INFO - 中医智能对话系统LangGraph测试
2025-08-10 15:15:25,216 - TCMGraphTest - INFO - ================================================================================
2025-08-10 15:15:25,216 - TCMGraphTest - INFO - 开始中医智能对话系统图测试
2025-08-10 15:15:25,217 - TCMGraphTest - INFO - 执行测试 1/12
2025-08-10 15:15:25,217 - TCMGraphTest - INFO - 测试用例: 完整诊断流程 - 典型症状
2025-08-10 15:15:25,217 - TCMGraphTest - INFO - 用户输入: 医生，我最近总是感到头晕目眩，还有腰膝酸软，晚上失眠多梦，手心脚心发热，请帮我看看是什么问题？
2025-08-10 15:15:25,217 - graph - INFO - 开始处理用户输入: 医生，我最近总是感到头晕目眩，还有腰膝酸软，晚上失眠多梦，手心脚心发热，请帮我看看是什么问题？
2025-08-10 15:15:25,218 - graph - INFO - 开始创建中医智能对话系统图...
2025-08-10 15:15:25,218 - nodes.c_rag_retrieval_node - INFO - 初始化RAG检索节点
2025-08-10 15:15:25,218 - RAG_system.embedding_model - INFO - 检测到GPU设备: NVIDIA GeForce RTX 4070 Laptop GPU, 共 1 个GPU
2025-08-10 15:15:25,219 - RAG_system.embedding_model - INFO - 嵌入模型管理器初始化成功，使用设备: cuda
2025-08-10 15:15:25,219 - RAG_system.retriever - INFO - 检索管理器初始化成功
2025-08-10 15:15:25,219 - RAG_system.embedding_model - INFO - 检测到GPU设备: NVIDIA GeForce RTX 4070 Laptop GPU, 共 1 个GPU
2025-08-10 15:15:25,220 - RAG_system.rag_manager - INFO - RAG管理器初始化成功，使用设备: cuda
2025-08-10 15:15:25,220 - RAG_system.rag_manager - INFO - 正在启动RAG管理器
2025-08-10 15:15:25,220 - RAG_system.rag_manager - INFO - 发现本地嵌入模型信息，正在加载
2025-08-10 15:15:25,221 - RAG_system.embedding_model - INFO - 正在加载嵌入模型: sentence-transformers/paraphrase-multilingual-MiniLM-L12-v2
2025-08-10 15:15:25,221 - RAG_system.embedding_model - INFO - 从本地加载嵌入模型: RAG_system/model\sentence-transformers_paraphrase-multilingual-MiniLM-L12-v2
2025-08-10 15:15:25,225 - sentence_transformers.SentenceTransformer - INFO - Load pretrained SentenceTransformer: RAG_system/model\sentence-transformers_paraphrase-multilingual-MiniLM-L12-v2
2025-08-10 15:15:25,225 - sentence_transformers.SentenceTransformer - WARNING - No sentence-transformers model found with name RAG_system/model\sentence-transformers_paraphrase-multilingual-MiniLM-L12-v2. Creating a new one with mean pooling.
2025-08-10 15:15:25,911 - RAG_system.embedding_model - INFO - 正在保存嵌入模型信息
2025-08-10 15:15:25,915 - RAG_system.embedding_model - INFO - 嵌入模型信息已保存到: RAG_system/model\model_info.json
2025-08-10 15:15:25,915 - RAG_system.embedding_model - INFO - 嵌入模型加载成功，使用设备: cuda
2025-08-10 15:15:25,916 - RAG_system.vector_store - INFO - 向量存储管理器初始化成功
2025-08-10 15:15:25,916 - RAG_system.rag_manager - INFO - 检查向量存储路径: RAG_system/RAG/vector_store\index.faiss
2025-08-10 15:15:25,916 - RAG_system.rag_manager - INFO - 发现本地向量存储，正在加载
2025-08-10 15:15:25,917 - RAG_system.vector_store - INFO - 正在从路径加载向量存储: vector_store
2025-08-10 15:15:33,768 - RAG_system.vector_store - INFO - 向量存储加载成功
2025-08-10 15:15:33,768 - RAG_system.retriever - INFO - 正在创建检索器
2025-08-10 15:15:33,768 - RAG_system.retriever - INFO - 检索器创建成功
2025-08-10 15:15:33,769 - RAG_system.rag_manager - INFO - RAG管理器启动成功
2025-08-10 15:15:33,769 - nodes.c_rag_retrieval_node - INFO - RAG检索节点初始化完成
2025-08-10 15:15:33,770 - graph - INFO - 添加所有节点...
2025-08-10 15:15:33,774 - graph - INFO - 配置节点间的路由逻辑...
2025-08-10 15:15:33,775 - graph - INFO - 编译图...
2025-08-10 15:15:33,775 - graph - INFO - 中医智能对话系统图创建完成
2025-08-10 15:15:33,775 - graph - INFO - 开始执行图...
2025-08-10 15:15:33,779 - nodes.a_input_node - INFO - 输入处理节点启动
2025-08-10 15:15:33,780 - nodes.a_input_node - INFO - 处理用户输入成功: '医生，我最近总是感到头晕目眩，还有腰膝酸软，晚上失眠多梦，手...'
2025-08-10 15:15:33,781 - nodes.b_safety_guard_node - INFO - 安全检查节点启动
2025-08-10 15:15:33,781 - nodes.b_safety_guard_node - INFO - 安全检查通过，未检测到紧急关键词
2025-08-10 15:15:33,781 - nodes.c_rag_retrieval_node - INFO - RAG检索节点启动
2025-08-10 15:15:33,782 - nodes.c_rag_retrieval_node - INFO - 执行检索，查询：医生，我最近总是感到头晕目眩，还有腰膝酸软，晚上失眠多梦，手心脚心发热，请帮我看看是什么问题？，k值：4
2025-08-10 15:15:33,782 - RAG_system.retriever - INFO - 正在执行检索操作，查询: 医生，我最近总是感到头晕目眩，还有腰膝酸软，晚上失眠多梦，手心脚心发热，请帮我看看是什么问题？
2025-08-10 15:15:34,560 - RAG_system.retriever - INFO - 检索完成，返回 4 个结果
2025-08-10 15:15:34,560 - nodes.c_rag_retrieval_node - INFO - 成功提取上下文，共4个文档
2025-08-10 15:15:36,244 - httpx - INFO - HTTP Request: POST https://dashscope.aliyuncs.com/compatible-mode/v1/chat/completions "HTTP/1.1 200 OK"
2025-08-10 15:15:36,254 - nodes.d_recognize_intent_node - INFO - 意图识别结果: diagnosis (置信度: 0.95)
2025-08-10 15:15:36,255 - nodes.e_symptom_extraction_node - INFO - 开始提取症状...
2025-08-10 15:15:47,881 - httpx - INFO - HTTP Request: POST https://dashscope.aliyuncs.com/compatible-mode/v1/chat/completions "HTTP/1.1 200 OK"
2025-08-10 15:15:47,895 - nodes.e_symptom_extraction_node - INFO - LLM原始输出: {'user_input': '医生，我最近总是感到头晕目眩，还有腰膝酸软，晚上失眠多梦，手心脚心发热，请帮我看看是什么问题？', 'message_history': 'human: 医生，我最近总是感到头晕目眩，还有腰膝酸软，晚上失眠多梦，手心脚心发热，请帮我看看是什么问题？', 'relevant_context': '[文档1] 来源: data/医藏-0869部/09伤寒-49本/09伤寒-49本/证治准绳伤寒-明-王肯堂.txt\n卷三\n\n\u3000\u3000阳明病\n\n\u3000\u3000（胃实不大便 自汗 不得卧 潮热 谵语 狂乱 循衣摸床 渴 呕）\n\n[文档2] 来源: data/医藏-0869部/09伤寒-49本/09伤寒-49本/伤寒证治准绳-明-王肯堂.txt\n卷三\n\n\u3000\u3000阳明病\n\n\u3000\u3000（胃实不大便 自汗 不得卧 潮热 谵语 狂乱 循衣摸床 渴 呕）\n\n[文档3] 来源: data/医藏-0869部/09医藏-0869部/09医藏-0869部/09伤寒-49本/伤寒证治准绳-明-王肯堂_20210525211840.txt\n卷三\n\n\u3000\u3000阳明病\n\n\u3000\u3000（胃实不大便 自汗 不得卧 潮热 谵语 狂乱 循衣摸床 渴 呕）\n\n[文档4] 来源: data/医藏-0869部/09医藏-0869部/09医藏-0869部/09伤寒-49本/证治准绳伤寒-明-王肯堂.txt\n卷三\n\n\u3000\u3000阳明病\n\n\u3000\u3000（胃实不大便 自汗 不得卧 潮热 谵语 狂乱 循衣摸床 渴 呕）\n', 'format_instructions': 'The output should be a markdown code snippet formatted in the following schema, including the leading and trailing "```json" and "```":\n\n```json\n{\n\t"symptoms": array  // 从用户描述中提取的症状列表，每个症状应包含症状名称、描述、严重程度和持续时间\n\t"missing_info": array  // 需要从用户那里获取的缺失信息列表，这些信息对诊断很重要\n\t"stage": string  // 当前会话阶段，应为\'symptom_collection\'\n}\n```', 'text': {'symptoms': [{'symptom_name': '头晕目眩', 'description': '最近总是感到头晕目眩', 'severity': None, 'duration': '最近'}, {'symptom_name': '腰膝酸软', 'description': '有腰膝酸软', 'severity': None, 'duration': '最近'}, {'symptom_name': '失眠', 'description': '晚上失眠多梦', 'severity': None, 'duration': '最近'}, {'symptom_name': '多梦', 'description': '晚上失眠多梦', 'severity': None, 'duration': '最近'}, {'symptom_name': '手心脚心发热', 'description': '手心脚心发热', 'severity': None, 'duration': '最近'}], 'missing_info': ['头晕目眩的具体发作频率和持续时间（例如：每天几次，每次持续多久）？', '是否有伴随恶心、呕吐、视力模糊或耳鸣等症状？', '腰膝酸软是否在特定时间加重（如劳累后或早晨起床时）？', '是否有下肢无力、麻木或行走困难等神经症状？', '失眠的具体情况：入睡困难、易醒、早醒或睡眠质量差？每周发生几次？', '多梦是否影响白天精神状态？梦境是否频繁且 vivid？', '手心脚心发热是否夜间加重？是否伴有盗汗或潮热？', '是否有午后低热、口干咽燥、心烦易怒等阴虚内热表现？', '近期体重是否有变化（如不明原因减轻）？', '是否有长期慢性疾病史（如高血压、糖尿病、肾病）或服用药物？', '月经情况（如果是女性）：是否规律、经量有无变化？', '舌象和脉象如何（如口述：舌红少苔、脉细数等）？'], 'stage': 'symptom_collection'}}
2025-08-10 15:15:47,898 - nodes.e_symptom_extraction_node - INFO - 解析后的输出: {'symptoms': [{'symptom_name': '头晕目眩', 'description': '最近总是感到头晕目眩', 'severity': None, 'duration': '最近'}, {'symptom_name': '腰膝酸软', 'description': '有腰膝酸软', 'severity': None, 'duration': '最近'}, {'symptom_name': '失眠', 'description': '晚上失眠多梦', 'severity': None, 'duration': '最近'}, {'symptom_name': '多梦', 'description': '晚上失眠多梦', 'severity': None, 'duration': '最近'}, {'symptom_name': '手心脚心发热', 'description': '手心脚心发热', 'severity': None, 'duration': '最近'}], 'missing_info': ['头晕目眩的具体发作频率和持续时间（例如：每天几次，每次持续多久）？', '是否有伴随恶心、呕吐、视力模糊或耳鸣等症状？', '腰膝酸软是否在特定时间加重（如劳累后或早晨起床时）？', '是否有下肢无力、麻木或行走困难等神经症状？', '失眠的具体情况：入睡困难、易醒、早醒或睡眠质量差？每周发生几次？', '多梦是否影响白天精神状态？梦境是否频繁且 vivid？', '手心脚心发热是否夜间加重？是否伴有盗汗或潮热？', '是否有午后低热、口干咽燥、心烦易怒等阴虚内热表现？', '近期体重是否有变化（如不明原因减轻）？', '是否有长期慢性疾病史（如高血压、糖尿病、肾病）或服用药物？', '月经情况（如果是女性）：是否规律、经量有无变化？', '舌象和脉象如何（如口述：舌红少苔、脉细数等）？'], 'stage': 'symptom_collection'}
2025-08-10 15:15:47,898 - nodes.e_symptom_extraction_node - INFO - 症状: [{'symptom_name': '头晕目眩', 'description': '最近总是感到头晕目眩', 'severity': None, 'duration': '最近'}, {'symptom_name': '腰膝酸软', 'description': '有腰膝酸软', 'severity': None, 'duration': '最近'}, {'symptom_name': '失眠', 'description': '晚上失眠多梦', 'severity': None, 'duration': '最近'}, {'symptom_name': '多梦', 'description': '晚上失眠多梦', 'severity': None, 'duration': '最近'}, {'symptom_name': '手心脚心发热', 'description': '手心脚心发热', 'severity': None, 'duration': '最近'}]
2025-08-10 15:15:47,899 - nodes.e_symptom_extraction_node - INFO - 缺失信息: ['头晕目眩的具体发作频率和持续时间（例如：每天几次，每次持续多久）？', '是否有伴随恶心、呕吐、视力模糊或耳鸣等症状？', '腰膝酸软是否在特定时间加重（如劳累后或早晨起床时）？', '是否有下肢无力、麻木或行走困难等神经症状？', '失眠的具体情况：入睡困难、易醒、早醒或睡眠质量差？每周发生几次？', '多梦是否影响白天精神状态？梦境是否频繁且 vivid？', '手心脚心发热是否夜间加重？是否伴有盗汗或潮热？', '是否有午后低热、口干咽燥、心烦易怒等阴虚内热表现？', '近期体重是否有变化（如不明原因减轻）？', '是否有长期慢性疾病史（如高血压、糖尿病、肾病）或服用药物？', '月经情况（如果是女性）：是否规律、经量有无变化？', '舌象和脉象如何（如口述：舌红少苔、脉细数等）？']
2025-08-10 15:15:47,899 - nodes.e_symptom_extraction_node - INFO - 提取到 5 个症状和 12 个缺失信息
2025-08-10 15:15:47,899 - nodes.e_symptom_extraction_node - INFO - 提取到5个症状，达到阈值2，信息充足
2025-08-10 15:15:47,900 - nodes.g_diagnosis_node - INFO - 开始中医辨证分析...
2025-08-10 15:16:06,942 - httpx - INFO - HTTP Request: POST https://dashscope.aliyuncs.com/compatible-mode/v1/chat/completions "HTTP/1.1 200 OK"
2025-08-10 15:16:06,957 - nodes.g_diagnosis_node - INFO - LLM原始输出: {'symptoms': '1. 未命名症状: 最近总是感到头晕目眩 (严重程度: None, 持续时间: 最近)\n2. 未命名症状: 有腰膝酸软 (严重程度: None, 持续时间: 最近)\n3. 未命名症状: 晚上失眠多梦 (严重程度: None, 持续时间: 最近)\n4. 未命名症状: 晚上失眠多梦 (严重程度: None, 持续时间: 最近)\n5. 未命名症状: 手心脚心发热 (严重程度: None, 持续时间: 最近)', 'relevant_context': '[文档1] 来源: data/医藏-0869部/09伤寒-49本/09伤寒-49本/证治准绳伤寒-明-王肯堂.txt\n卷三\n\n\u3000\u3000阳明病\n\n\u3000\u3000（胃实不大便 自汗 不得卧 潮热 谵语 狂乱 循衣摸床 渴 呕）\n\n[文档2] 来源: data/医藏-0869部/09伤寒-49本/09伤寒-49本/伤寒证治准绳-明-王肯堂.txt\n卷三\n\n\u3000\u3000阳明病\n\n\u3000\u3000（胃实不大便 自汗 不得卧 潮热 谵语 狂乱 循衣摸床 渴 呕）\n\n[文档3] 来源: data/医藏-0869部/09医藏-0869部/09医藏-0869部/09伤寒-49本/伤寒证治准绳-明-王肯堂_20210525211840.txt\n卷三\n\n\u3000\u3000阳明病\n\n\u3000\u3000（胃实不大便 自汗 不得卧 潮热 谵语 狂乱 循衣摸床 渴 呕）\n\n[文档4] 来源: data/医藏-0869部/09医藏-0869部/09医藏-0869部/09伤寒-49本/证治准绳伤寒-明-王肯堂.txt\n卷三\n\n\u3000\u3000阳明病\n\n\u3000\u3000（胃实不大便 自汗 不得卧 潮热 谵语 狂乱 循衣摸床 渴 呕）\n', 'format_instructions': 'The output should be a markdown code snippet formatted in the following schema, including the leading and trailing "```json" and "```":\n\n```json\n{\n\t"pattern_type": string  // 中医辨证分型，如\'肝郁气滞\'、\'肾阳虚\'等\n\t"pathogenesis": string  // 中医病机分析，解释症状形成的机理\n\t"analysis": string  // 详细的辨证分析过程，包括如何从症状推导出证型\n\t"confidence": number  // 对该辨证结果的置信度，0到1之间的数值\n\t"differential_diagnosis": array  // 鉴别诊断，列出其他可能的证型及其可能性\n\t"stage": string  // 当前诊断阶段，应为\'diagnosis\'\n}\n```', 'text': {'pattern_type': '肾阴虚证', 'pathogenesis': '肾阴亏虚，髓海不足，腰府失养，虚火内扰，心神不宁。肾藏精，主骨生髓，脑为髓海，肾阴不足则髓海空虚，故见头晕目眩；腰为肾之府，肾阴亏虚则腰膝酸软；阴虚生内热，虚火扰心，心神不宁则失眠多梦；阴虚火旺，虚热内扰，故手足心发热。此为阴虚火旺之象，病位在肾，病性属虚热。', 'analysis': '患者主要表现为头晕目眩、腰膝酸软、失眠多梦、手足心发热，均为肾阴虚的典型症状。根据中医理论，肾主藏精，主骨生髓，通于脑，脑为髓海。肾阴不足，髓海失养，故见头晕目眩；腰为肾之府，肾虚则腰府失养，故见腰膝酸软。肾阴亏虚，不能制约心火，心肾不交，虚火扰心，心神不宁，故见失眠多梦。阴虚则内热，虚热内扰，故见手足心发热，此为‘五心烦热’之典型表现。结合八纲辨证，症状属里、虚、热证；脏腑辨证以肾为主，涉及心；气血津液辨证为阴液亏虚，虚火内生。综合分析，符合肾阴虚证的辨证要点。相关医学参考信息多涉及阳明病实热证，如‘不得卧’‘自汗’‘潮热’等，但患者无便秘、潮热、谵语、自汗等阳明腑实表现，且症状以虚热为主，故可排除阳明实热证。', 'confidence': 0.92, 'differential_diagnosis': [{'pattern': '心肾不交证', 'possibility': 0.75, 'reason': '失眠多梦、手足心热亦可见于心肾不交，但此证更强调心火亢盛与肾水不足并见，常伴心悸、心烦、口舌生疮等心火症状，而患者未见明显心火上炎之象，故可能性次之，但仍为相关证型。'}, {'pattern': '肝肾阴虚证', 'possibility': 0.65, 'reason': '若兼有目干、胁痛等肝阴不足表现可考虑此证，但患者未见肝系症状，故可能性较低。'}, {'pattern': '阴虚火旺证（心阴虚）', 'possibility': 0.55, 'reason': '失眠多梦、五心烦热可见于心阴虚，但缺乏心悸、盗汗、舌红少苔等典型心阴虚表现，且腰膝酸软更指向肾虚，故优先考虑肾阴虚为本。'}, {'pattern': '阳明腑实证', 'possibility': 0.1, 'reason': '参考文献中‘不得卧’‘潮热’‘谵语’等见于阳明病，但患者无便秘、腹胀、谵语、大汗等实热内结表现，且症状属虚热而非实热，故基本排除。'}], 'stage': 'diagnosis'}}
2025-08-10 15:16:06,958 - nodes.g_diagnosis_node - INFO - LLM原始输出类型: <class 'dict'>
2025-08-10 15:16:06,958 - nodes.g_diagnosis_node - INFO - 解析后的输出: {'pattern_type': '肾阴虚证', 'pathogenesis': '肾阴亏虚，髓海不足，腰府失养，虚火内扰，心神不宁。肾藏精，主骨生髓，脑为髓海，肾阴不足则髓海空虚，故见头晕目眩；腰为肾之府，肾阴亏虚则腰膝酸软；阴虚生内热，虚火扰心，心神不宁则失眠多梦；阴虚火旺，虚热内扰，故手足心发热。此为阴虚火旺之象，病位在肾，病性属虚热。', 'analysis': '患者主要表现为头晕目眩、腰膝酸软、失眠多梦、手足心发热，均为肾阴虚的典型症状。根据中医理论，肾主藏精，主骨生髓，通于脑，脑为髓海。肾阴不足，髓海失养，故见头晕目眩；腰为肾之府，肾虚则腰府失养，故见腰膝酸软。肾阴亏虚，不能制约心火，心肾不交，虚火扰心，心神不宁，故见失眠多梦。阴虚则内热，虚热内扰，故见手足心发热，此为‘五心烦热’之典型表现。结合八纲辨证，症状属里、虚、热证；脏腑辨证以肾为主，涉及心；气血津液辨证为阴液亏虚，虚火内生。综合分析，符合肾阴虚证的辨证要点。相关医学参考信息多涉及阳明病实热证，如‘不得卧’‘自汗’‘潮热’等，但患者无便秘、潮热、谵语、自汗等阳明腑实表现，且症状以虚热为主，故可排除阳明实热证。', 'confidence': 0.92, 'differential_diagnosis': [{'pattern': '心肾不交证', 'possibility': 0.75, 'reason': '失眠多梦、手足心热亦可见于心肾不交，但此证更强调心火亢盛与肾水不足并见，常伴心悸、心烦、口舌生疮等心火症状，而患者未见明显心火上炎之象，故可能性次之，但仍为相关证型。'}, {'pattern': '肝肾阴虚证', 'possibility': 0.65, 'reason': '若兼有目干、胁痛等肝阴不足表现可考虑此证，但患者未见肝系症状，故可能性较低。'}, {'pattern': '阴虚火旺证（心阴虚）', 'possibility': 0.55, 'reason': '失眠多梦、五心烦热可见于心阴虚，但缺乏心悸、盗汗、舌红少苔等典型心阴虚表现，且腰膝酸软更指向肾虚，故优先考虑肾阴虚为本。'}, {'pattern': '阳明腑实证', 'possibility': 0.1, 'reason': '参考文献中‘不得卧’‘潮热’‘谵语’等见于阳明病，但患者无便秘、腹胀、谵语、大汗等实热内结表现，且症状属虚热而非实热，故基本排除。'}], 'stage': 'diagnosis'}
2025-08-10 15:16:06,959 - nodes.g_diagnosis_node - INFO - 辨证分析完成，证型: 肾阴虚证, 置信度: 0.92
2025-08-10 15:16:06,960 - nodes.h_prescription_node - INFO - 开始生成处方推荐...
2025-08-10 15:16:38,260 - httpx - INFO - HTTP Request: POST https://dashscope.aliyuncs.com/compatible-mode/v1/chat/completions "HTTP/1.1 200 OK"
2025-08-10 15:16:38,275 - nodes.h_prescription_node - INFO - 整合最终响应...
2025-08-10 15:17:40,535 - httpx - INFO - HTTP Request: POST https://dashscope.aliyuncs.com/compatible-mode/v1/chat/completions "HTTP/1.1 200 OK"
2025-08-10 15:17:40,539 - nodes.h_prescription_node - INFO - 处方推荐和响应整合完成
2025-08-10 15:17:40,541 - nodes.j_response_safety_node - WARNING - 检测到1个高/中风险安全违规，替换响应为警告
2025-08-10 15:17:40,543 - nodes.k_output_node - INFO - 输出处理完成，返回最终状态
2025-08-10 15:17:40,544 - graph - INFO - 图执行完成
2025-08-10 15:17:40,701 - TCMGraphTest - INFO - 执行成功: True
2025-08-10 15:17:40,703 - TCMGraphTest - INFO - 用户意图: diagnosis
2025-08-10 15:17:40,703 - TCMGraphTest - INFO - 提取症状数: 5
2025-08-10 15:17:40,704 - TCMGraphTest - INFO - 对话状态: prescription_complete
2025-08-10 15:17:40,704 - TCMGraphTest - INFO - 响应长度: 182
2025-08-10 15:17:40,705 - TCMGraphTest - INFO - 响应时间: 135.48秒
2025-08-10 15:17:40,706 - TCMGraphTest - INFO - 诊断证型: 肾阴虚证
2025-08-10 15:17:40,706 - TCMGraphTest - INFO - 诊断置信度: 0.92
2025-08-10 15:17:40,706 - TCMGraphTest - INFO - 推荐方剂: 六味地黄丸
2025-08-10 15:17:40,706 - TCMGraphTest - INFO - 草药数量: 0
2025-08-10 15:17:40,706 - TCMGraphTest - INFO - 紧急情况检测: False
2025-08-10 15:17:40,707 - TCMGraphTest - INFO - 安全评分: N/A
2025-08-10 15:17:40,707 - TCMGraphTest - INFO - 整体质量评分: 70.8/100
2025-08-10 15:17:40,707 - TCMGraphTest - INFO - ------------------------------------------------------------
2025-08-10 15:17:40,707 - TCMGraphTest - INFO - 执行测试 2/12
2025-08-10 15:17:40,707 - TCMGraphTest - INFO - 测试用例: 需要追问的诊断流程 - 症状不足
2025-08-10 15:17:40,708 - TCMGraphTest - INFO - 用户输入: 我咳嗽
2025-08-10 15:17:40,708 - graph - INFO - 开始处理用户输入: 我咳嗽
2025-08-10 15:17:40,708 - graph - INFO - 开始创建中医智能对话系统图...
2025-08-10 15:17:40,708 - nodes.c_rag_retrieval_node - INFO - 初始化RAG检索节点
2025-08-10 15:17:40,708 - RAG_system.embedding_model - INFO - 检测到GPU设备: NVIDIA GeForce RTX 4070 Laptop GPU, 共 1 个GPU
2025-08-10 15:17:40,708 - RAG_system.embedding_model - INFO - 嵌入模型管理器初始化成功，使用设备: cuda
2025-08-10 15:17:40,709 - RAG_system.retriever - INFO - 检索管理器初始化成功
2025-08-10 15:17:40,709 - RAG_system.embedding_model - INFO - 检测到GPU设备: NVIDIA GeForce RTX 4070 Laptop GPU, 共 1 个GPU
2025-08-10 15:17:40,709 - RAG_system.rag_manager - INFO - RAG管理器初始化成功，使用设备: cuda
2025-08-10 15:17:40,709 - RAG_system.rag_manager - INFO - 正在启动RAG管理器
2025-08-10 15:17:40,710 - RAG_system.rag_manager - INFO - 发现本地嵌入模型信息，正在加载
2025-08-10 15:17:40,881 - RAG_system.embedding_model - INFO - 正在加载嵌入模型: sentence-transformers/paraphrase-multilingual-MiniLM-L12-v2
2025-08-10 15:17:40,883 - RAG_system.embedding_model - INFO - 从本地加载嵌入模型: RAG_system/model\sentence-transformers_paraphrase-multilingual-MiniLM-L12-v2
2025-08-10 15:17:40,887 - sentence_transformers.SentenceTransformer - INFO - Load pretrained SentenceTransformer: RAG_system/model\sentence-transformers_paraphrase-multilingual-MiniLM-L12-v2
2025-08-10 15:17:40,888 - sentence_transformers.SentenceTransformer - WARNING - No sentence-transformers model found with name RAG_system/model\sentence-transformers_paraphrase-multilingual-MiniLM-L12-v2. Creating a new one with mean pooling.
2025-08-10 15:17:54,254 - RAG_system.embedding_model - INFO - 正在保存嵌入模型信息
2025-08-10 15:17:54,257 - RAG_system.embedding_model - INFO - 嵌入模型信息已保存到: RAG_system/model\model_info.json
2025-08-10 15:17:54,257 - RAG_system.embedding_model - INFO - 嵌入模型加载成功，使用设备: cuda
2025-08-10 15:17:54,258 - RAG_system.vector_store - INFO - 向量存储管理器初始化成功
2025-08-10 15:17:54,258 - RAG_system.rag_manager - INFO - 检查向量存储路径: RAG_system/RAG/vector_store\index.faiss
2025-08-10 15:17:54,259 - RAG_system.rag_manager - INFO - 发现本地向量存储，正在加载
2025-08-10 15:17:54,260 - RAG_system.vector_store - INFO - 正在从路径加载向量存储: vector_store
2025-08-10 15:18:20,952 - RAG_system.vector_store - INFO - 向量存储加载成功
2025-08-10 15:18:20,952 - RAG_system.retriever - INFO - 正在创建检索器
2025-08-10 15:18:20,952 - RAG_system.retriever - INFO - 检索器创建成功
2025-08-10 15:18:20,953 - RAG_system.rag_manager - INFO - RAG管理器启动成功
2025-08-10 15:18:20,953 - nodes.c_rag_retrieval_node - INFO - RAG检索节点初始化完成
2025-08-10 15:18:20,954 - graph - INFO - 添加所有节点...
2025-08-10 15:18:20,957 - graph - INFO - 配置节点间的路由逻辑...
2025-08-10 15:18:20,957 - graph - INFO - 编译图...
2025-08-10 15:18:20,958 - graph - INFO - 中医智能对话系统图创建完成
2025-08-10 15:18:20,959 - graph - INFO - 开始执行图...
2025-08-10 15:18:20,960 - nodes.a_input_node - INFO - 输入处理节点启动
2025-08-10 15:18:20,960 - nodes.a_input_node - INFO - 处理用户输入成功: '我咳嗽'
2025-08-10 15:18:20,961 - nodes.b_safety_guard_node - INFO - 安全检查节点启动
2025-08-10 15:18:20,961 - nodes.b_safety_guard_node - INFO - 安全检查通过，未检测到紧急关键词
2025-08-10 15:18:20,962 - nodes.c_rag_retrieval_node - INFO - RAG检索节点启动
2025-08-10 15:18:20,962 - nodes.c_rag_retrieval_node - INFO - 执行检索，查询：我咳嗽，k值：4
2025-08-10 15:18:20,962 - RAG_system.retriever - INFO - 正在执行检索操作，查询: 我咳嗽
2025-08-10 15:18:21,035 - RAG_system.retriever - INFO - 检索完成，返回 4 个结果
2025-08-10 15:18:21,036 - nodes.c_rag_retrieval_node - INFO - 成功提取上下文，共4个文档
2025-08-10 15:18:22,079 - httpx - INFO - HTTP Request: POST https://dashscope.aliyuncs.com/compatible-mode/v1/chat/completions "HTTP/1.1 200 OK"
2025-08-10 15:18:22,083 - nodes.d_recognize_intent_node - INFO - 意图识别结果: diagnosis (置信度: 0.9)
2025-08-10 15:18:22,083 - nodes.e_symptom_extraction_node - INFO - 开始提取症状...
2025-08-10 15:18:26,990 - httpx - INFO - HTTP Request: POST https://dashscope.aliyuncs.com/compatible-mode/v1/chat/completions "HTTP/1.1 200 OK"
2025-08-10 15:18:26,994 - nodes.e_symptom_extraction_node - INFO - LLM原始输出: {'user_input': '我咳嗽', 'message_history': 'human: 我咳嗽', 'relevant_context': '[文档1] 来源: data/医藏-0869部/09医藏-0869部/09医藏-0869部/14医部全录-123本/医部全录卷422至卷423-小儿嗽喘门.txt\n欬嗽\n\n[文档2] 来源: data/医藏-0869部/14医部全录-123本/14医部全录-123本/医部全录卷422至卷423-小儿嗽喘门.txt\n欬嗽\n\n[文档3] 来源: data/医藏-0869部/07素问-18本/07素问-18本/读素问钞-元-滑寿.txt\n下满（ 亦胁也）脾咳之状咳则右 下痛阴阴引肩背甚则不可以动动则咳剧（续脾气连肺故痛引肩背也脾气主右故右\n\n[文档4] 来源: data/医藏-0869部/09医藏-0869部/09医藏-0869部/07素问-18本/读素问钞-元-滑寿.txt\n下满（ 亦胁也）脾咳之状咳则右 下痛阴阴引肩背甚则不可以动动则咳剧（续脾气连肺故痛引肩背也脾气主右故右\n', 'format_instructions': 'The output should be a markdown code snippet formatted in the following schema, including the leading and trailing "```json" and "```":\n\n```json\n{\n\t"symptoms": array  // 从用户描述中提取的症状列表，每个症状应包含症状名称、描述、严重程度和持续时间\n\t"missing_info": array  // 需要从用户那里获取的缺失信息列表，这些信息对诊断很重要\n\t"stage": string  // 当前会话阶段，应为\'symptom_collection\'\n}\n```', 'text': {'symptoms': [{'symptom_name': '咳嗽', 'description': '我咳嗽', 'severity': None, 'duration': None}], 'missing_info': ['咳嗽持续了多长时间？', '咳嗽是干咳还是有痰？', '痰的颜色和性状是什么样的（如果有）？', '是否有发热、胸痛、呼吸困难等症状？', '咳嗽在什么时间加重（如夜间、早晨）？', '是否有过敏史或近期接触刺激性物质？', '是否吸烟或有慢性肺部疾病史？'], 'stage': 'symptom_collection'}}
2025-08-10 15:18:26,995 - nodes.e_symptom_extraction_node - INFO - 解析后的输出: {'symptoms': [{'symptom_name': '咳嗽', 'description': '我咳嗽', 'severity': None, 'duration': None}], 'missing_info': ['咳嗽持续了多长时间？', '咳嗽是干咳还是有痰？', '痰的颜色和性状是什么样的（如果有）？', '是否有发热、胸痛、呼吸困难等症状？', '咳嗽在什么时间加重（如夜间、早晨）？', '是否有过敏史或近期接触刺激性物质？', '是否吸烟或有慢性肺部疾病史？'], 'stage': 'symptom_collection'}
2025-08-10 15:18:26,995 - nodes.e_symptom_extraction_node - INFO - 症状: [{'symptom_name': '咳嗽', 'description': '我咳嗽', 'severity': None, 'duration': None}]
2025-08-10 15:18:26,996 - nodes.e_symptom_extraction_node - INFO - 缺失信息: ['咳嗽持续了多长时间？', '咳嗽是干咳还是有痰？', '痰的颜色和性状是什么样的（如果有）？', '是否有发热、胸痛、呼吸困难等症状？', '咳嗽在什么时间加重（如夜间、早晨）？', '是否有过敏史或近期接触刺激性物质？', '是否吸烟或有慢性肺部疾病史？']
2025-08-10 15:18:26,997 - nodes.e_symptom_extraction_node - INFO - 提取到 1 个症状和 7 个缺失信息
2025-08-10 15:18:26,997 - nodes.e_symptom_extraction_node - INFO - 提取到1个症状，少于阈值2，需要更多信息
2025-08-10 15:18:26,997 - nodes.f_follow_up_question_node - INFO - 生成追问，共有 7 个缺失信息点
2025-08-10 15:18:27,215 - httpx - INFO - HTTP Request: POST https://api.deepseek.com/chat/completions "HTTP/1.1 200 OK"
2025-08-10 15:18:38,659 - nodes.f_follow_up_question_node - INFO - 生成的追问: 为了更全面地了解您的咳嗽情况并为您提供准确的建议，我需要进一步询问一些细节。首先，您咳嗽持续了多长时间？是几天、几周还是更久？另外，您的咳嗽是干咳，还是伴有咳痰？如果有痰的话，痰的颜色和粘稠度如何？这...
2025-08-10 15:18:38,661 - nodes.k_output_node - INFO - 输出处理完成，返回最终状态
2025-08-10 15:18:38,662 - graph - INFO - 图执行完成
2025-08-10 15:18:38,795 - TCMGraphTest - INFO - 执行成功: True
2025-08-10 15:18:38,796 - TCMGraphTest - INFO - 用户意图: diagnosis
2025-08-10 15:18:38,796 - TCMGraphTest - INFO - 提取症状数: 1
2025-08-10 15:18:38,797 - TCMGraphTest - INFO - 对话状态: awaiting_follow_up
2025-08-10 15:18:38,797 - TCMGraphTest - INFO - 响应长度: 256
2025-08-10 15:18:38,797 - TCMGraphTest - INFO - 响应时间: 58.09秒
2025-08-10 15:18:38,798 - TCMGraphTest - INFO - 紧急情况检测: False
2025-08-10 15:18:38,798 - TCMGraphTest - INFO - 安全评分: N/A
2025-08-10 15:18:38,798 - TCMGraphTest - INFO - 整体质量评分: 100.0/100
2025-08-10 15:18:38,798 - TCMGraphTest - INFO - ------------------------------------------------------------
2025-08-10 15:18:38,798 - TCMGraphTest - INFO - 执行测试 3/12
2025-08-10 15:18:38,799 - TCMGraphTest - INFO - 测试用例: 典型脾虚证诊断
2025-08-10 15:18:38,799 - TCMGraphTest - INFO - 用户输入: 我最近总是感到疲乏无力，不想吃饭，大便也不成形，容易腹胀，请医生帮我诊断一下。
2025-08-10 15:18:38,799 - graph - INFO - 开始处理用户输入: 我最近总是感到疲乏无力，不想吃饭，大便也不成形，容易腹胀，请医生帮我诊断一下。
2025-08-10 15:18:38,799 - graph - INFO - 开始创建中医智能对话系统图...
2025-08-10 15:18:38,800 - nodes.c_rag_retrieval_node - INFO - 初始化RAG检索节点
2025-08-10 15:18:38,800 - RAG_system.embedding_model - INFO - 检测到GPU设备: NVIDIA GeForce RTX 4070 Laptop GPU, 共 1 个GPU
2025-08-10 15:18:38,801 - RAG_system.embedding_model - INFO - 嵌入模型管理器初始化成功，使用设备: cuda
2025-08-10 15:18:38,801 - RAG_system.retriever - INFO - 检索管理器初始化成功
2025-08-10 15:18:38,801 - RAG_system.embedding_model - INFO - 检测到GPU设备: NVIDIA GeForce RTX 4070 Laptop GPU, 共 1 个GPU
2025-08-10 15:18:38,802 - RAG_system.rag_manager - INFO - RAG管理器初始化成功，使用设备: cuda
2025-08-10 15:18:38,802 - RAG_system.rag_manager - INFO - 正在启动RAG管理器
2025-08-10 15:18:38,802 - RAG_system.rag_manager - INFO - 发现本地嵌入模型信息，正在加载
2025-08-10 15:18:38,803 - RAG_system.embedding_model - INFO - 正在加载嵌入模型: sentence-transformers/paraphrase-multilingual-MiniLM-L12-v2
2025-08-10 15:18:38,803 - RAG_system.embedding_model - INFO - 从本地加载嵌入模型: RAG_system/model\sentence-transformers_paraphrase-multilingual-MiniLM-L12-v2
2025-08-10 15:18:38,808 - sentence_transformers.SentenceTransformer - INFO - Load pretrained SentenceTransformer: RAG_system/model\sentence-transformers_paraphrase-multilingual-MiniLM-L12-v2
2025-08-10 15:18:38,808 - sentence_transformers.SentenceTransformer - WARNING - No sentence-transformers model found with name RAG_system/model\sentence-transformers_paraphrase-multilingual-MiniLM-L12-v2. Creating a new one with mean pooling.
2025-08-10 15:18:48,807 - RAG_system.embedding_model - INFO - 正在保存嵌入模型信息
2025-08-10 15:18:48,809 - RAG_system.embedding_model - INFO - 嵌入模型信息已保存到: RAG_system/model\model_info.json
2025-08-10 15:18:48,810 - RAG_system.embedding_model - INFO - 嵌入模型加载成功，使用设备: cuda
2025-08-10 15:18:48,810 - RAG_system.vector_store - INFO - 向量存储管理器初始化成功
2025-08-10 15:18:48,810 - RAG_system.rag_manager - INFO - 检查向量存储路径: RAG_system/RAG/vector_store\index.faiss
2025-08-10 15:18:48,811 - RAG_system.rag_manager - INFO - 发现本地向量存储，正在加载
2025-08-10 15:18:48,811 - RAG_system.vector_store - INFO - 正在从路径加载向量存储: vector_store
2025-08-10 15:18:51,041 - RAG_system.vector_store - INFO - 向量存储加载成功
2025-08-10 15:18:51,041 - RAG_system.retriever - INFO - 正在创建检索器
2025-08-10 15:18:51,043 - RAG_system.retriever - INFO - 检索器创建成功
2025-08-10 15:18:51,043 - RAG_system.rag_manager - INFO - RAG管理器启动成功
2025-08-10 15:18:51,043 - nodes.c_rag_retrieval_node - INFO - RAG检索节点初始化完成
2025-08-10 15:18:51,043 - graph - INFO - 添加所有节点...
2025-08-10 15:18:51,047 - graph - INFO - 配置节点间的路由逻辑...
2025-08-10 15:18:51,047 - graph - INFO - 编译图...
2025-08-10 15:18:51,048 - graph - INFO - 中医智能对话系统图创建完成
2025-08-10 15:18:51,048 - graph - INFO - 开始执行图...
2025-08-10 15:18:51,049 - nodes.a_input_node - INFO - 输入处理节点启动
2025-08-10 15:18:51,049 - nodes.a_input_node - INFO - 处理用户输入成功: '我最近总是感到疲乏无力，不想吃饭，大便也不成形，容易腹胀，请...'
2025-08-10 15:18:51,050 - nodes.b_safety_guard_node - INFO - 安全检查节点启动
2025-08-10 15:18:51,050 - nodes.b_safety_guard_node - INFO - 安全检查通过，未检测到紧急关键词
2025-08-10 15:18:51,050 - nodes.c_rag_retrieval_node - INFO - RAG检索节点启动
2025-08-10 15:18:51,051 - nodes.c_rag_retrieval_node - INFO - 执行检索，查询：我最近总是感到疲乏无力，不想吃饭，大便也不成形，容易腹胀，请医生帮我诊断一下。，k值：4
2025-08-10 15:18:51,051 - RAG_system.retriever - INFO - 正在执行检索操作，查询: 我最近总是感到疲乏无力，不想吃饭，大便也不成形，容易腹胀，请医生帮我诊断一下。
2025-08-10 15:18:51,098 - RAG_system.retriever - INFO - 检索完成，返回 4 个结果
2025-08-10 15:18:51,099 - nodes.c_rag_retrieval_node - INFO - 成功提取上下文，共4个文档
2025-08-10 15:18:52,775 - httpx - INFO - HTTP Request: POST https://dashscope.aliyuncs.com/compatible-mode/v1/chat/completions "HTTP/1.1 200 OK"
2025-08-10 15:18:52,780 - nodes.d_recognize_intent_node - INFO - 意图识别结果: diagnosis (置信度: 0.95)
2025-08-10 15:18:52,782 - nodes.e_symptom_extraction_node - INFO - 开始提取症状...
2025-08-10 15:19:00,097 - httpx - INFO - HTTP Request: POST https://dashscope.aliyuncs.com/compatible-mode/v1/chat/completions "HTTP/1.1 200 OK"
2025-08-10 15:19:00,103 - nodes.e_symptom_extraction_node - INFO - LLM原始输出: {'user_input': '我最近总是感到疲乏无力，不想吃饭，大便也不成形，容易腹胀，请医生帮我诊断一下。', 'message_history': 'human: 我最近总是感到疲乏无力，不想吃饭，大便也不成形，容易腹胀，请医生帮我诊断一下。', 'relevant_context': '[文档1] 来源: data/医藏-0869部/09伤寒-49本/09伤寒-49本/证治准绳伤寒-明-王肯堂.txt\n卷三\n\n\u3000\u3000阳明病\n\n\u3000\u3000（胃实不大便 自汗 不得卧 潮热 谵语 狂乱 循衣摸床 渴 呕）\n\n[文档2] 来源: data/医藏-0869部/09伤寒-49本/09伤寒-49本/伤寒证治准绳-明-王肯堂.txt\n卷三\n\n\u3000\u3000阳明病\n\n\u3000\u3000（胃实不大便 自汗 不得卧 潮热 谵语 狂乱 循衣摸床 渴 呕）\n\n[文档3] 来源: data/医藏-0869部/09医藏-0869部/09医藏-0869部/09伤寒-49本/伤寒证治准绳-明-王肯堂_20210525211840.txt\n卷三\n\n\u3000\u3000阳明病\n\n\u3000\u3000（胃实不大便 自汗 不得卧 潮热 谵语 狂乱 循衣摸床 渴 呕）\n\n[文档4] 来源: data/医藏-0869部/09医藏-0869部/09医藏-0869部/09伤寒-49本/证治准绳伤寒-明-王肯堂.txt\n卷三\n\n\u3000\u3000阳明病\n\n\u3000\u3000（胃实不大便 自汗 不得卧 潮热 谵语 狂乱 循衣摸床 渴 呕）\n', 'format_instructions': 'The output should be a markdown code snippet formatted in the following schema, including the leading and trailing "```json" and "```":\n\n```json\n{\n\t"symptoms": array  // 从用户描述中提取的症状列表，每个症状应包含症状名称、描述、严重程度和持续时间\n\t"missing_info": array  // 需要从用户那里获取的缺失信息列表，这些信息对诊断很重要\n\t"stage": string  // 当前会话阶段，应为\'symptom_collection\'\n}\n```', 'text': {'symptoms': [{'symptom_name': '疲乏无力', 'description': '我最近总是感到疲乏无力', 'severity': None, 'duration': '最近'}, {'symptom_name': '食欲减退', 'description': '不想吃饭', 'severity': None, 'duration': '最近'}, {'symptom_name': '大便不成形', 'description': '大便也不成形', 'severity': None, 'duration': '最近'}, {'symptom_name': '腹胀', 'description': '容易腹胀', 'severity': None, 'duration': '最近'}], 'missing_info': ['疲乏无力的具体程度如何？是否影响日常活动？', '食欲减退是从什么时候开始的？是否有体重下降？', '大便不成形的频率是多少？是否伴有腹泻或黏液、血便？', '腹胀是餐后加重还是持续存在？是否伴有肠鸣、排气增多？', '症状持续的具体时间（如几天、几周或更久）？', '是否有发热、恶心、呕吐、腹痛等症状？', '是否有既往胃肠疾病史（如肠易激综合征、炎症性肠病）或近期用药史？', '饮食、睡眠和精神状态是否有改变？'], 'stage': 'symptom_collection'}}
2025-08-10 15:19:00,104 - nodes.e_symptom_extraction_node - INFO - 解析后的输出: {'symptoms': [{'symptom_name': '疲乏无力', 'description': '我最近总是感到疲乏无力', 'severity': None, 'duration': '最近'}, {'symptom_name': '食欲减退', 'description': '不想吃饭', 'severity': None, 'duration': '最近'}, {'symptom_name': '大便不成形', 'description': '大便也不成形', 'severity': None, 'duration': '最近'}, {'symptom_name': '腹胀', 'description': '容易腹胀', 'severity': None, 'duration': '最近'}], 'missing_info': ['疲乏无力的具体程度如何？是否影响日常活动？', '食欲减退是从什么时候开始的？是否有体重下降？', '大便不成形的频率是多少？是否伴有腹泻或黏液、血便？', '腹胀是餐后加重还是持续存在？是否伴有肠鸣、排气增多？', '症状持续的具体时间（如几天、几周或更久）？', '是否有发热、恶心、呕吐、腹痛等症状？', '是否有既往胃肠疾病史（如肠易激综合征、炎症性肠病）或近期用药史？', '饮食、睡眠和精神状态是否有改变？'], 'stage': 'symptom_collection'}
2025-08-10 15:19:00,104 - nodes.e_symptom_extraction_node - INFO - 症状: [{'symptom_name': '疲乏无力', 'description': '我最近总是感到疲乏无力', 'severity': None, 'duration': '最近'}, {'symptom_name': '食欲减退', 'description': '不想吃饭', 'severity': None, 'duration': '最近'}, {'symptom_name': '大便不成形', 'description': '大便也不成形', 'severity': None, 'duration': '最近'}, {'symptom_name': '腹胀', 'description': '容易腹胀', 'severity': None, 'duration': '最近'}]
2025-08-10 15:19:00,105 - nodes.e_symptom_extraction_node - INFO - 缺失信息: ['疲乏无力的具体程度如何？是否影响日常活动？', '食欲减退是从什么时候开始的？是否有体重下降？', '大便不成形的频率是多少？是否伴有腹泻或黏液、血便？', '腹胀是餐后加重还是持续存在？是否伴有肠鸣、排气增多？', '症状持续的具体时间（如几天、几周或更久）？', '是否有发热、恶心、呕吐、腹痛等症状？', '是否有既往胃肠疾病史（如肠易激综合征、炎症性肠病）或近期用药史？', '饮食、睡眠和精神状态是否有改变？']
2025-08-10 15:19:00,105 - nodes.e_symptom_extraction_node - INFO - 提取到 4 个症状和 8 个缺失信息
2025-08-10 15:19:00,105 - nodes.e_symptom_extraction_node - INFO - 提取到4个症状，达到阈值2，信息充足
2025-08-10 15:19:00,106 - nodes.g_diagnosis_node - INFO - 开始中医辨证分析...
2025-08-10 15:19:20,802 - httpx - INFO - HTTP Request: POST https://dashscope.aliyuncs.com/compatible-mode/v1/chat/completions "HTTP/1.1 200 OK"
2025-08-10 15:19:20,812 - nodes.g_diagnosis_node - INFO - LLM原始输出: {'symptoms': '1. 未命名症状: 我最近总是感到疲乏无力 (严重程度: None, 持续时间: 最近)\n2. 未命名症状: 不想吃饭 (严重程度: None, 持续时间: 最近)\n3. 未命名症状: 大便也不成形 (严重程度: None, 持续时间: 最近)\n4. 未命名症状: 容易腹胀 (严重程度: None, 持续时间: 最近)', 'relevant_context': '[文档1] 来源: data/医藏-0869部/09伤寒-49本/09伤寒-49本/证治准绳伤寒-明-王肯堂.txt\n卷三\n\n\u3000\u3000阳明病\n\n\u3000\u3000（胃实不大便 自汗 不得卧 潮热 谵语 狂乱 循衣摸床 渴 呕）\n\n[文档2] 来源: data/医藏-0869部/09伤寒-49本/09伤寒-49本/伤寒证治准绳-明-王肯堂.txt\n卷三\n\n\u3000\u3000阳明病\n\n\u3000\u3000（胃实不大便 自汗 不得卧 潮热 谵语 狂乱 循衣摸床 渴 呕）\n\n[文档3] 来源: data/医藏-0869部/09医藏-0869部/09医藏-0869部/09伤寒-49本/伤寒证治准绳-明-王肯堂_20210525211840.txt\n卷三\n\n\u3000\u3000阳明病\n\n\u3000\u3000（胃实不大便 自汗 不得卧 潮热 谵语 狂乱 循衣摸床 渴 呕）\n\n[文档4] 来源: data/医藏-0869部/09医藏-0869部/09医藏-0869部/09伤寒-49本/证治准绳伤寒-明-王肯堂.txt\n卷三\n\n\u3000\u3000阳明病\n\n\u3000\u3000（胃实不大便 自汗 不得卧 潮热 谵语 狂乱 循衣摸床 渴 呕）\n', 'format_instructions': 'The output should be a markdown code snippet formatted in the following schema, including the leading and trailing "```json" and "```":\n\n```json\n{\n\t"pattern_type": string  // 中医辨证分型，如\'肝郁气滞\'、\'肾阳虚\'等\n\t"pathogenesis": string  // 中医病机分析，解释症状形成的机理\n\t"analysis": string  // 详细的辨证分析过程，包括如何从症状推导出证型\n\t"confidence": number  // 对该辨证结果的置信度，0到1之间的数值\n\t"differential_diagnosis": array  // 鉴别诊断，列出其他可能的证型及其可能性\n\t"stage": string  // 当前诊断阶段，应为\'diagnosis\'\n}\n```', 'text': {'pattern_type': '脾虚湿盛', 'pathogenesis': '脾胃为后天之本，主运化水谷与水湿。患者近期出现疲乏无力、食欲减退、大便不成形、腹胀等症，皆因脾气虚弱，运化失职，导致水谷精微不能正常输布，湿浊内生，阻滞中焦，气机不畅，故见纳差、腹胀、便溏。气虚则神疲乏力，湿盛则加重脾困，形成恶性循环。', 'analysis': '患者主诉疲乏无力、食欲减退、大便不成形、容易腹胀，持续时间均为近期。从八纲辨证来看，诸症属里证、虚证、寒证（无热象）、实象不显，故以虚证为主。从脏腑辨证分析：\n1. 疲乏无力为气虚之象，尤以脾气虚最为常见，因脾主肌肉四肢，脾气不足则肢体失养；\n2. 不想吃饭（纳呆）为脾失健运、胃不受纳之表现，责之脾胃功能减弱；\n3. 大便不成形、易腹胀为湿浊内停、脾虚不运之典型症状，脾虚则清阳不升，浊阴不降，水湿下注大肠则便溏，湿阻气机则腹胀；\n4. 四症均集中于中焦脾胃，病位在脾，病性属虚夹湿。\n结合气血津液辨证，脾气虚弱则气血生化不足，故神疲；津液运化失常则聚湿成浊，留于肠道与中焦，导致便溏与腹胀。\n综上，符合‘脾虚湿盛’证的基本特征。参考文献中所列阳明病多属实热证（如胃实、潮热、谵语、自汗等），与本例无发热、无便秘、无实热表现者明显不符，故可排除阳明腑实证。', 'confidence': 0.92, 'differential_diagnosis': [{'pattern': '脾胃湿热', 'possibility': 0.15, 'reason': '虽有腹胀、纳差、便溏，但无身热、口苦、舌黄腻、小便短赤等湿热之象，且病程短而偏虚，故可能性低'}, {'pattern': '肝郁脾虚', 'possibility': 0.25, 'reason': '若兼有情志不畅、胁胀、脉弦可考虑此证，但当前未提供情绪相关症状，故暂不支持'}, {'pattern': '肾阳虚衰（五更泻）', 'possibility': 0.05, 'reason': '多见于久泻、五更泄泻、畏寒肢冷等，本例为近期发生，无寒象，故基本排除'}, {'pattern': '食滞胃肠', 'possibility': 0.1, 'reason': '可见腹胀、纳差，但多有嗳腐吞酸、大便酸臭、舌苔厚腻，本例无相关表现，故不支持'}], 'stage': 'diagnosis'}}
2025-08-10 15:19:20,812 - nodes.g_diagnosis_node - INFO - LLM原始输出类型: <class 'dict'>
2025-08-10 15:19:20,813 - nodes.g_diagnosis_node - INFO - 解析后的输出: {'pattern_type': '脾虚湿盛', 'pathogenesis': '脾胃为后天之本，主运化水谷与水湿。患者近期出现疲乏无力、食欲减退、大便不成形、腹胀等症，皆因脾气虚弱，运化失职，导致水谷精微不能正常输布，湿浊内生，阻滞中焦，气机不畅，故见纳差、腹胀、便溏。气虚则神疲乏力，湿盛则加重脾困，形成恶性循环。', 'analysis': '患者主诉疲乏无力、食欲减退、大便不成形、容易腹胀，持续时间均为近期。从八纲辨证来看，诸症属里证、虚证、寒证（无热象）、实象不显，故以虚证为主。从脏腑辨证分析：\n1. 疲乏无力为气虚之象，尤以脾气虚最为常见，因脾主肌肉四肢，脾气不足则肢体失养；\n2. 不想吃饭（纳呆）为脾失健运、胃不受纳之表现，责之脾胃功能减弱；\n3. 大便不成形、易腹胀为湿浊内停、脾虚不运之典型症状，脾虚则清阳不升，浊阴不降，水湿下注大肠则便溏，湿阻气机则腹胀；\n4. 四症均集中于中焦脾胃，病位在脾，病性属虚夹湿。\n结合气血津液辨证，脾气虚弱则气血生化不足，故神疲；津液运化失常则聚湿成浊，留于肠道与中焦，导致便溏与腹胀。\n综上，符合‘脾虚湿盛’证的基本特征。参考文献中所列阳明病多属实热证（如胃实、潮热、谵语、自汗等），与本例无发热、无便秘、无实热表现者明显不符，故可排除阳明腑实证。', 'confidence': 0.92, 'differential_diagnosis': [{'pattern': '脾胃湿热', 'possibility': 0.15, 'reason': '虽有腹胀、纳差、便溏，但无身热、口苦、舌黄腻、小便短赤等湿热之象，且病程短而偏虚，故可能性低'}, {'pattern': '肝郁脾虚', 'possibility': 0.25, 'reason': '若兼有情志不畅、胁胀、脉弦可考虑此证，但当前未提供情绪相关症状，故暂不支持'}, {'pattern': '肾阳虚衰（五更泻）', 'possibility': 0.05, 'reason': '多见于久泻、五更泄泻、畏寒肢冷等，本例为近期发生，无寒象，故基本排除'}, {'pattern': '食滞胃肠', 'possibility': 0.1, 'reason': '可见腹胀、纳差，但多有嗳腐吞酸、大便酸臭、舌苔厚腻，本例无相关表现，故不支持'}], 'stage': 'diagnosis'}
2025-08-10 15:19:20,813 - nodes.g_diagnosis_node - INFO - 辨证分析完成，证型: 脾虚湿盛, 置信度: 0.92
2025-08-10 15:19:20,814 - nodes.h_prescription_node - INFO - 开始生成处方推荐...
2025-08-10 15:19:46,583 - httpx - INFO - HTTP Request: POST https://dashscope.aliyuncs.com/compatible-mode/v1/chat/completions "HTTP/1.1 200 OK"
2025-08-10 15:19:46,596 - nodes.h_prescription_node - INFO - 整合最终响应...
2025-08-10 15:20:27,006 - httpx - INFO - HTTP Request: POST https://dashscope.aliyuncs.com/compatible-mode/v1/chat/completions "HTTP/1.1 200 OK"
2025-08-10 15:20:27,008 - nodes.h_prescription_node - INFO - 处方推荐和响应整合完成
2025-08-10 15:20:27,010 - nodes.j_response_safety_node - INFO - 未检测到安全违规
2025-08-10 15:20:27,011 - nodes.k_output_node - INFO - 输出处理完成，返回最终状态
2025-08-10 15:20:27,011 - graph - INFO - 图执行完成
2025-08-10 15:20:27,158 - TCMGraphTest - INFO - 执行成功: True
2025-08-10 15:20:27,159 - TCMGraphTest - INFO - 用户意图: diagnosis
2025-08-10 15:20:27,160 - TCMGraphTest - INFO - 提取症状数: 4
2025-08-10 15:20:27,160 - TCMGraphTest - INFO - 对话状态: prescription_complete
2025-08-10 15:20:27,160 - TCMGraphTest - INFO - 响应长度: 1880
2025-08-10 15:20:27,161 - TCMGraphTest - INFO - 响应时间: 108.36秒
2025-08-10 15:20:27,161 - TCMGraphTest - INFO - 诊断证型: 脾虚湿盛
2025-08-10 15:20:27,161 - TCMGraphTest - INFO - 诊断置信度: 0.92
2025-08-10 15:20:27,162 - TCMGraphTest - INFO - 推荐方剂: 参苓白术散
2025-08-10 15:20:27,162 - TCMGraphTest - INFO - 草药数量: 0
2025-08-10 15:20:27,162 - TCMGraphTest - INFO - 紧急情况检测: False
2025-08-10 15:20:27,162 - TCMGraphTest - INFO - 安全评分: N/A
2025-08-10 15:20:27,163 - TCMGraphTest - INFO - 整体质量评分: 78.1/100
2025-08-10 15:20:27,163 - TCMGraphTest - INFO - ------------------------------------------------------------
2025-08-10 15:20:27,163 - TCMGraphTest - INFO - 执行测试 4/12
2025-08-10 15:20:27,163 - TCMGraphTest - INFO - 测试用例: 肝郁气滞证诊断
2025-08-10 15:20:27,164 - TCMGraphTest - INFO - 用户输入: 医生，我胸胁部位经常胀痛，心情抑郁，容易生气，还经常嗳气，这是怎么回事？
2025-08-10 15:20:27,164 - graph - INFO - 开始处理用户输入: 医生，我胸胁部位经常胀痛，心情抑郁，容易生气，还经常嗳气，这是怎么回事？
2025-08-10 15:20:27,164 - graph - INFO - 开始创建中医智能对话系统图...
2025-08-10 15:20:27,164 - nodes.c_rag_retrieval_node - INFO - 初始化RAG检索节点
2025-08-10 15:20:27,164 - RAG_system.embedding_model - INFO - 检测到GPU设备: NVIDIA GeForce RTX 4070 Laptop GPU, 共 1 个GPU
2025-08-10 15:20:27,165 - RAG_system.embedding_model - INFO - 嵌入模型管理器初始化成功，使用设备: cuda
2025-08-10 15:20:27,165 - RAG_system.retriever - INFO - 检索管理器初始化成功
2025-08-10 15:20:27,165 - RAG_system.embedding_model - INFO - 检测到GPU设备: NVIDIA GeForce RTX 4070 Laptop GPU, 共 1 个GPU
2025-08-10 15:20:27,166 - RAG_system.rag_manager - INFO - RAG管理器初始化成功，使用设备: cuda
2025-08-10 15:20:27,166 - RAG_system.rag_manager - INFO - 正在启动RAG管理器
2025-08-10 15:20:27,166 - RAG_system.rag_manager - INFO - 发现本地嵌入模型信息，正在加载
2025-08-10 15:20:27,167 - RAG_system.embedding_model - INFO - 正在加载嵌入模型: sentence-transformers/paraphrase-multilingual-MiniLM-L12-v2
2025-08-10 15:20:27,167 - RAG_system.embedding_model - INFO - 从本地加载嵌入模型: RAG_system/model\sentence-transformers_paraphrase-multilingual-MiniLM-L12-v2
2025-08-10 15:20:27,169 - sentence_transformers.SentenceTransformer - INFO - Load pretrained SentenceTransformer: RAG_system/model\sentence-transformers_paraphrase-multilingual-MiniLM-L12-v2
2025-08-10 15:20:27,170 - sentence_transformers.SentenceTransformer - WARNING - No sentence-transformers model found with name RAG_system/model\sentence-transformers_paraphrase-multilingual-MiniLM-L12-v2. Creating a new one with mean pooling.
2025-08-10 15:20:27,990 - RAG_system.embedding_model - INFO - 正在保存嵌入模型信息
2025-08-10 15:20:27,994 - RAG_system.embedding_model - INFO - 嵌入模型信息已保存到: RAG_system/model\model_info.json
2025-08-10 15:20:27,994 - RAG_system.embedding_model - INFO - 嵌入模型加载成功，使用设备: cuda
2025-08-10 15:20:27,994 - RAG_system.vector_store - INFO - 向量存储管理器初始化成功
2025-08-10 15:20:27,995 - RAG_system.rag_manager - INFO - 检查向量存储路径: RAG_system/RAG/vector_store\index.faiss
2025-08-10 15:20:27,995 - RAG_system.rag_manager - INFO - 发现本地向量存储，正在加载
2025-08-10 15:20:27,995 - RAG_system.vector_store - INFO - 正在从路径加载向量存储: vector_store
2025-08-10 15:20:30,708 - RAG_system.vector_store - INFO - 向量存储加载成功
2025-08-10 15:20:30,709 - RAG_system.retriever - INFO - 正在创建检索器
2025-08-10 15:20:30,709 - RAG_system.retriever - INFO - 检索器创建成功
2025-08-10 15:20:30,710 - RAG_system.rag_manager - INFO - RAG管理器启动成功
2025-08-10 15:20:30,710 - nodes.c_rag_retrieval_node - INFO - RAG检索节点初始化完成
2025-08-10 15:20:30,711 - graph - INFO - 添加所有节点...
2025-08-10 15:20:30,714 - graph - INFO - 配置节点间的路由逻辑...
2025-08-10 15:20:30,714 - graph - INFO - 编译图...
2025-08-10 15:20:30,715 - graph - INFO - 中医智能对话系统图创建完成
2025-08-10 15:20:30,716 - graph - INFO - 开始执行图...
2025-08-10 15:20:30,717 - nodes.a_input_node - INFO - 输入处理节点启动
2025-08-10 15:20:30,717 - nodes.a_input_node - INFO - 处理用户输入成功: '医生，我胸胁部位经常胀痛，心情抑郁，容易生气，还经常嗳气，这...'
2025-08-10 15:20:30,717 - nodes.b_safety_guard_node - INFO - 安全检查节点启动
2025-08-10 15:20:30,718 - nodes.b_safety_guard_node - INFO - 安全检查通过，未检测到紧急关键词
2025-08-10 15:20:30,718 - nodes.c_rag_retrieval_node - INFO - RAG检索节点启动
2025-08-10 15:20:30,719 - nodes.c_rag_retrieval_node - INFO - 执行检索，查询：医生，我胸胁部位经常胀痛，心情抑郁，容易生气，还经常嗳气，这是怎么回事？，k值：4
2025-08-10 15:20:30,719 - RAG_system.retriever - INFO - 正在执行检索操作，查询: 医生，我胸胁部位经常胀痛，心情抑郁，容易生气，还经常嗳气，这是怎么回事？
2025-08-10 15:20:30,761 - RAG_system.retriever - INFO - 检索完成，返回 4 个结果
2025-08-10 15:20:30,762 - nodes.c_rag_retrieval_node - INFO - 成功提取上下文，共4个文档
2025-08-10 15:20:32,275 - httpx - INFO - HTTP Request: POST https://dashscope.aliyuncs.com/compatible-mode/v1/chat/completions "HTTP/1.1 200 OK"
2025-08-10 15:20:32,281 - nodes.d_recognize_intent_node - INFO - 意图识别结果: diagnosis (置信度: 1.0)
2025-08-10 15:20:32,282 - nodes.e_symptom_extraction_node - INFO - 开始提取症状...
2025-08-10 15:20:43,677 - httpx - INFO - HTTP Request: POST https://dashscope.aliyuncs.com/compatible-mode/v1/chat/completions "HTTP/1.1 200 OK"
2025-08-10 15:20:43,685 - nodes.e_symptom_extraction_node - INFO - LLM原始输出: {'user_input': '医生，我胸胁部位经常胀痛，心情抑郁，容易生气，还经常嗳气，这是怎么回事？', 'message_history': 'human: 医生，我胸胁部位经常胀痛，心情抑郁，容易生气，还经常嗳气，这是怎么回事？', 'relevant_context': '[文档1] 来源: data/医藏-0869部/09医藏-0869部/09医藏-0869部/14医部全录-123本/医部全录卷180至卷185-胸腹门.txt\n腹痛\n\n[文档2] 来源: data/医藏-0869部/14医部全录-123本/14医部全录-123本/医部全录卷180至卷185-胸腹门.txt\n腹痛\n\n[文档3] 来源: data/医藏-0869部/09医藏-0869部/09医藏-0869部/14医部全录-123本/医部全录卷180至卷185-胸腹门.txt\n心痛\n\n[文档4] 来源: data/医藏-0869部/14医部全录-123本/14医部全录-123本/医部全录卷180至卷185-胸腹门.txt\n心痛\n', 'format_instructions': 'The output should be a markdown code snippet formatted in the following schema, including the leading and trailing "```json" and "```":\n\n```json\n{\n\t"symptoms": array  // 从用户描述中提取的症状列表，每个症状应包含症状名称、描述、严重程度和持续时间\n\t"missing_info": array  // 需要从用户那里获取的缺失信息列表，这些信息对诊断很重要\n\t"stage": string  // 当前会话阶段，应为\'symptom_collection\'\n}\n```', 'text': {'symptoms': [{'symptom_name': '胸胁胀痛', 'description': '胸胁部位经常胀痛', 'severity': None, 'duration': '经常'}, {'symptom_name': '心情抑郁', 'description': '心情抑郁', 'severity': None, 'duration': None}, {'symptom_name': '易怒', 'description': '容易生气', 'severity': None, 'duration': None}, {'symptom_name': '嗳气', 'description': '经常嗳气', 'severity': None, 'duration': '经常'}], 'missing_info': ['胸胁胀痛的具体位置是单侧还是双侧？是否向其他部位放射？', '胸胁胀痛的性质（如胀痛、刺痛、隐痛、灼痛等）是什么？', '疼痛是否与呼吸、体位或饮食有关？', '嗳气是否伴有反酸、烧心或食欲改变？', '情绪症状（抑郁、易怒）的持续时间有多久？是否与生活事件相关？', '是否有睡眠障碍、食欲改变或体重变化？', '既往是否有肝胆、胃部或心血管系统疾病史？', '是否有饮酒、吸烟或服用药物的情况？', '大便情况如何？是否有便秘或腹泻？', '舌象和脉象信息（如舌苔、脉弦等）是否异常？'], 'stage': 'symptom_collection'}}
2025-08-10 15:20:43,685 - nodes.e_symptom_extraction_node - INFO - 解析后的输出: {'symptoms': [{'symptom_name': '胸胁胀痛', 'description': '胸胁部位经常胀痛', 'severity': None, 'duration': '经常'}, {'symptom_name': '心情抑郁', 'description': '心情抑郁', 'severity': None, 'duration': None}, {'symptom_name': '易怒', 'description': '容易生气', 'severity': None, 'duration': None}, {'symptom_name': '嗳气', 'description': '经常嗳气', 'severity': None, 'duration': '经常'}], 'missing_info': ['胸胁胀痛的具体位置是单侧还是双侧？是否向其他部位放射？', '胸胁胀痛的性质（如胀痛、刺痛、隐痛、灼痛等）是什么？', '疼痛是否与呼吸、体位或饮食有关？', '嗳气是否伴有反酸、烧心或食欲改变？', '情绪症状（抑郁、易怒）的持续时间有多久？是否与生活事件相关？', '是否有睡眠障碍、食欲改变或体重变化？', '既往是否有肝胆、胃部或心血管系统疾病史？', '是否有饮酒、吸烟或服用药物的情况？', '大便情况如何？是否有便秘或腹泻？', '舌象和脉象信息（如舌苔、脉弦等）是否异常？'], 'stage': 'symptom_collection'}
2025-08-10 15:20:43,686 - nodes.e_symptom_extraction_node - INFO - 症状: [{'symptom_name': '胸胁胀痛', 'description': '胸胁部位经常胀痛', 'severity': None, 'duration': '经常'}, {'symptom_name': '心情抑郁', 'description': '心情抑郁', 'severity': None, 'duration': None}, {'symptom_name': '易怒', 'description': '容易生气', 'severity': None, 'duration': None}, {'symptom_name': '嗳气', 'description': '经常嗳气', 'severity': None, 'duration': '经常'}]
2025-08-10 15:20:43,686 - nodes.e_symptom_extraction_node - INFO - 缺失信息: ['胸胁胀痛的具体位置是单侧还是双侧？是否向其他部位放射？', '胸胁胀痛的性质（如胀痛、刺痛、隐痛、灼痛等）是什么？', '疼痛是否与呼吸、体位或饮食有关？', '嗳气是否伴有反酸、烧心或食欲改变？', '情绪症状（抑郁、易怒）的持续时间有多久？是否与生活事件相关？', '是否有睡眠障碍、食欲改变或体重变化？', '既往是否有肝胆、胃部或心血管系统疾病史？', '是否有饮酒、吸烟或服用药物的情况？', '大便情况如何？是否有便秘或腹泻？', '舌象和脉象信息（如舌苔、脉弦等）是否异常？']
2025-08-10 15:20:43,687 - nodes.e_symptom_extraction_node - INFO - 提取到 4 个症状和 10 个缺失信息
2025-08-10 15:20:43,687 - nodes.e_symptom_extraction_node - INFO - 提取到4个症状，达到阈值2，信息充足
2025-08-10 15:20:43,688 - nodes.g_diagnosis_node - INFO - 开始中医辨证分析...
2025-08-10 15:21:01,884 - httpx - INFO - HTTP Request: POST https://dashscope.aliyuncs.com/compatible-mode/v1/chat/completions "HTTP/1.1 200 OK"
2025-08-10 15:21:01,894 - nodes.g_diagnosis_node - INFO - LLM原始输出: {'symptoms': '1. 未命名症状: 胸胁部位经常胀痛 (严重程度: None, 持续时间: 经常)\n2. 未命名症状: 心情抑郁 (严重程度: None, 持续时间: None)\n3. 未命名症状: 容易生气 (严重程度: None, 持续时间: None)\n4. 未命名症状: 经常嗳气 (严重程度: None, 持续时间: 经常)', 'relevant_context': '[文档1] 来源: data/医藏-0869部/09医藏-0869部/09医藏-0869部/14医部全录-123本/医部全录卷180至卷185-胸腹门.txt\n腹痛\n\n[文档2] 来源: data/医藏-0869部/14医部全录-123本/14医部全录-123本/医部全录卷180至卷185-胸腹门.txt\n腹痛\n\n[文档3] 来源: data/医藏-0869部/09医藏-0869部/09医藏-0869部/14医部全录-123本/医部全录卷180至卷185-胸腹门.txt\n心痛\n\n[文档4] 来源: data/医藏-0869部/14医部全录-123本/14医部全录-123本/医部全录卷180至卷185-胸腹门.txt\n心痛\n', 'format_instructions': 'The output should be a markdown code snippet formatted in the following schema, including the leading and trailing "```json" and "```":\n\n```json\n{\n\t"pattern_type": string  // 中医辨证分型，如\'肝郁气滞\'、\'肾阳虚\'等\n\t"pathogenesis": string  // 中医病机分析，解释症状形成的机理\n\t"analysis": string  // 详细的辨证分析过程，包括如何从症状推导出证型\n\t"confidence": number  // 对该辨证结果的置信度，0到1之间的数值\n\t"differential_diagnosis": array  // 鉴别诊断，列出其他可能的证型及其可能性\n\t"stage": string  // 当前诊断阶段，应为\'diagnosis\'\n}\n```', 'text': {'pattern_type': '肝郁气滞', 'pathogenesis': '肝主疏泄，性喜条达，情志不遂则肝气郁结，疏泄失常，气机阻滞，故见胸胁胀痛、心情抑郁、易怒；肝郁乘脾，脾胃升降失司，胃气上逆则见频繁嗳气。气机不畅贯穿全病机，为本证之核心。', 'analysis': '患者主症为胸胁胀痛、心情抑郁、易怒、频繁嗳气，此为典型的肝郁气滞证表现。从脏腑辨证分析：胸胁为肝经循行部位，肝气郁结，经气不畅，故胸胁胀痛，且疼痛性质为胀痛，与气滞特点相符；情志抑郁、易怒为肝失疏泄、情志不舒的直接反映，肝为‘将军之官’，主怒，肝气郁结则情绪波动明显；嗳气频作，提示胃气上逆，结合肝郁可横逆犯脾犯胃（即‘木旺乘土’），导致脾胃气机升降失常，胃气上逆而嗳气。从八纲辨证看，症状以功能障碍（气机阻滞）为主，未见寒热、虚实明显偏颇，病位在里，病性属气滞，属实证初起。气血津液辨证方面，以气机郁滞为主，尚未见血瘀、阴虚等表现。综上，诸症皆围绕‘肝气郁结，气机不畅’这一核心病机展开，故辨为肝郁气滞证。', 'confidence': 0.95, 'differential_diagnosis': [{'pattern': '肝胃不和', 'reason': '亦可见胸胁胀痛、嗳气等症，但更强调胃脘不适、纳差、恶心等胃系症状，本例胃气上逆仅表现为嗳气，无明显胃脘胀痛或纳呆，故可能性次之'}, {'pattern': '脾虚气滞', 'reason': '可有嗳气、腹胀，但多伴神疲乏力、食少便溏等脾气虚表现，本例无脾虚之象，且情志症状突出，故可排除'}, {'pattern': '气滞血瘀', 'reason': '胸胁痛可为刺痛、固定不移，常有舌紫暗或瘀斑，本例为胀痛，且无血瘀征象，故暂不支持'}], 'stage': 'diagnosis'}}
2025-08-10 15:21:01,895 - nodes.g_diagnosis_node - INFO - LLM原始输出类型: <class 'dict'>
2025-08-10 15:21:01,896 - nodes.g_diagnosis_node - INFO - 解析后的输出: {'pattern_type': '肝郁气滞', 'pathogenesis': '肝主疏泄，性喜条达，情志不遂则肝气郁结，疏泄失常，气机阻滞，故见胸胁胀痛、心情抑郁、易怒；肝郁乘脾，脾胃升降失司，胃气上逆则见频繁嗳气。气机不畅贯穿全病机，为本证之核心。', 'analysis': '患者主症为胸胁胀痛、心情抑郁、易怒、频繁嗳气，此为典型的肝郁气滞证表现。从脏腑辨证分析：胸胁为肝经循行部位，肝气郁结，经气不畅，故胸胁胀痛，且疼痛性质为胀痛，与气滞特点相符；情志抑郁、易怒为肝失疏泄、情志不舒的直接反映，肝为‘将军之官’，主怒，肝气郁结则情绪波动明显；嗳气频作，提示胃气上逆，结合肝郁可横逆犯脾犯胃（即‘木旺乘土’），导致脾胃气机升降失常，胃气上逆而嗳气。从八纲辨证看，症状以功能障碍（气机阻滞）为主，未见寒热、虚实明显偏颇，病位在里，病性属气滞，属实证初起。气血津液辨证方面，以气机郁滞为主，尚未见血瘀、阴虚等表现。综上，诸症皆围绕‘肝气郁结，气机不畅’这一核心病机展开，故辨为肝郁气滞证。', 'confidence': 0.95, 'differential_diagnosis': [{'pattern': '肝胃不和', 'reason': '亦可见胸胁胀痛、嗳气等症，但更强调胃脘不适、纳差、恶心等胃系症状，本例胃气上逆仅表现为嗳气，无明显胃脘胀痛或纳呆，故可能性次之'}, {'pattern': '脾虚气滞', 'reason': '可有嗳气、腹胀，但多伴神疲乏力、食少便溏等脾气虚表现，本例无脾虚之象，且情志症状突出，故可排除'}, {'pattern': '气滞血瘀', 'reason': '胸胁痛可为刺痛、固定不移，常有舌紫暗或瘀斑，本例为胀痛，且无血瘀征象，故暂不支持'}], 'stage': 'diagnosis'}
2025-08-10 15:21:01,896 - nodes.g_diagnosis_node - INFO - 辨证分析完成，证型: 肝郁气滞, 置信度: 0.95
2025-08-10 15:21:01,897 - nodes.h_prescription_node - INFO - 开始生成处方推荐...
2025-08-10 15:21:33,571 - httpx - INFO - HTTP Request: POST https://dashscope.aliyuncs.com/compatible-mode/v1/chat/completions "HTTP/1.1 200 OK"
2025-08-10 15:21:33,589 - nodes.h_prescription_node - INFO - 整合最终响应...
2025-08-10 15:22:00,116 - httpx - INFO - HTTP Request: POST https://dashscope.aliyuncs.com/compatible-mode/v1/chat/completions "HTTP/1.1 200 OK"
2025-08-10 15:22:00,120 - nodes.h_prescription_node - INFO - 处方推荐和响应整合完成
2025-08-10 15:22:00,122 - nodes.j_response_safety_node - WARNING - 检测到1个高/中风险安全违规，替换响应为警告
2025-08-10 15:22:00,123 - nodes.k_output_node - INFO - 输出处理完成，返回最终状态
2025-08-10 15:22:00,124 - graph - INFO - 图执行完成
2025-08-10 15:22:00,308 - TCMGraphTest - INFO - 执行成功: True
2025-08-10 15:22:00,308 - TCMGraphTest - INFO - 用户意图: diagnosis
2025-08-10 15:22:00,309 - TCMGraphTest - INFO - 提取症状数: 4
2025-08-10 15:22:00,310 - TCMGraphTest - INFO - 对话状态: prescription_complete
2025-08-10 15:22:00,310 - TCMGraphTest - INFO - 响应长度: 181
2025-08-10 15:22:00,310 - TCMGraphTest - INFO - 响应时间: 93.14秒
2025-08-10 15:22:00,311 - TCMGraphTest - INFO - 诊断证型: 肝郁气滞
2025-08-10 15:22:00,311 - TCMGraphTest - INFO - 诊断置信度: 0.95
2025-08-10 15:22:00,311 - TCMGraphTest - INFO - 推荐方剂: 柴胡疏肝散
2025-08-10 15:22:00,311 - TCMGraphTest - INFO - 草药数量: 0
2025-08-10 15:22:00,311 - TCMGraphTest - INFO - 紧急情况检测: False
2025-08-10 15:22:00,313 - TCMGraphTest - INFO - 安全评分: N/A
2025-08-10 15:22:00,313 - TCMGraphTest - INFO - 整体质量评分: 70.8/100
2025-08-10 15:22:00,313 - TCMGraphTest - INFO - ------------------------------------------------------------
2025-08-10 15:22:00,313 - TCMGraphTest - INFO - 执行测试 5/12
2025-08-10 15:22:00,314 - TCMGraphTest - INFO - 测试用例: 一般咨询 - 非诊断意图
2025-08-10 15:22:00,314 - TCMGraphTest - INFO - 用户输入: 请问中医的基本理论是什么？
2025-08-10 15:22:00,314 - graph - INFO - 开始处理用户输入: 请问中医的基本理论是什么？
2025-08-10 15:22:00,314 - graph - INFO - 开始创建中医智能对话系统图...
2025-08-10 15:22:00,314 - nodes.c_rag_retrieval_node - INFO - 初始化RAG检索节点
2025-08-10 15:22:00,315 - RAG_system.embedding_model - INFO - 检测到GPU设备: NVIDIA GeForce RTX 4070 Laptop GPU, 共 1 个GPU
2025-08-10 15:22:00,315 - RAG_system.embedding_model - INFO - 嵌入模型管理器初始化成功，使用设备: cuda
2025-08-10 15:22:00,315 - RAG_system.retriever - INFO - 检索管理器初始化成功
2025-08-10 15:22:00,316 - RAG_system.embedding_model - INFO - 检测到GPU设备: NVIDIA GeForce RTX 4070 Laptop GPU, 共 1 个GPU
2025-08-10 15:22:00,316 - RAG_system.rag_manager - INFO - RAG管理器初始化成功，使用设备: cuda
2025-08-10 15:22:00,316 - RAG_system.rag_manager - INFO - 正在启动RAG管理器
2025-08-10 15:22:00,316 - RAG_system.rag_manager - INFO - 发现本地嵌入模型信息，正在加载
2025-08-10 15:22:00,317 - RAG_system.embedding_model - INFO - 正在加载嵌入模型: sentence-transformers/paraphrase-multilingual-MiniLM-L12-v2
2025-08-10 15:22:00,318 - RAG_system.embedding_model - INFO - 从本地加载嵌入模型: RAG_system/model\sentence-transformers_paraphrase-multilingual-MiniLM-L12-v2
2025-08-10 15:22:00,321 - sentence_transformers.SentenceTransformer - INFO - Load pretrained SentenceTransformer: RAG_system/model\sentence-transformers_paraphrase-multilingual-MiniLM-L12-v2
2025-08-10 15:22:00,321 - sentence_transformers.SentenceTransformer - WARNING - No sentence-transformers model found with name RAG_system/model\sentence-transformers_paraphrase-multilingual-MiniLM-L12-v2. Creating a new one with mean pooling.
2025-08-10 15:22:02,171 - RAG_system.embedding_model - INFO - 正在保存嵌入模型信息
2025-08-10 15:22:02,176 - RAG_system.embedding_model - INFO - 嵌入模型信息已保存到: RAG_system/model\model_info.json
2025-08-10 15:22:02,177 - RAG_system.embedding_model - INFO - 嵌入模型加载成功，使用设备: cuda
2025-08-10 15:22:02,177 - RAG_system.vector_store - INFO - 向量存储管理器初始化成功
2025-08-10 15:22:02,177 - RAG_system.rag_manager - INFO - 检查向量存储路径: RAG_system/RAG/vector_store\index.faiss
2025-08-10 15:22:02,178 - RAG_system.rag_manager - INFO - 发现本地向量存储，正在加载
2025-08-10 15:22:02,178 - RAG_system.vector_store - INFO - 正在从路径加载向量存储: vector_store
2025-08-10 15:22:06,043 - RAG_system.vector_store - INFO - 向量存储加载成功
2025-08-10 15:22:06,044 - RAG_system.retriever - INFO - 正在创建检索器
2025-08-10 15:22:06,045 - RAG_system.retriever - INFO - 检索器创建成功
2025-08-10 15:22:06,045 - RAG_system.rag_manager - INFO - RAG管理器启动成功
2025-08-10 15:22:06,046 - nodes.c_rag_retrieval_node - INFO - RAG检索节点初始化完成
2025-08-10 15:22:06,047 - graph - INFO - 添加所有节点...
2025-08-10 15:22:06,049 - graph - INFO - 配置节点间的路由逻辑...
2025-08-10 15:22:06,050 - graph - INFO - 编译图...
2025-08-10 15:22:06,051 - graph - INFO - 中医智能对话系统图创建完成
2025-08-10 15:22:06,051 - graph - INFO - 开始执行图...
2025-08-10 15:22:06,052 - nodes.a_input_node - INFO - 输入处理节点启动
2025-08-10 15:22:06,052 - nodes.a_input_node - INFO - 处理用户输入成功: '请问中医的基本理论是什么？'
2025-08-10 15:22:06,053 - nodes.b_safety_guard_node - INFO - 安全检查节点启动
2025-08-10 15:22:06,053 - nodes.b_safety_guard_node - INFO - 安全检查通过，未检测到紧急关键词
2025-08-10 15:22:06,054 - nodes.c_rag_retrieval_node - INFO - RAG检索节点启动
2025-08-10 15:22:06,054 - nodes.c_rag_retrieval_node - INFO - 执行检索，查询：请问中医的基本理论是什么？，k值：4
2025-08-10 15:22:06,055 - RAG_system.retriever - INFO - 正在执行检索操作，查询: 请问中医的基本理论是什么？
2025-08-10 15:22:06,113 - RAG_system.retriever - INFO - 检索完成，返回 4 个结果
2025-08-10 15:22:06,113 - nodes.c_rag_retrieval_node - INFO - 成功提取上下文，共4个文档
2025-08-10 15:22:07,370 - httpx - INFO - HTTP Request: POST https://dashscope.aliyuncs.com/compatible-mode/v1/chat/completions "HTTP/1.1 200 OK"
2025-08-10 15:22:07,374 - nodes.d_recognize_intent_node - INFO - 意图识别结果: question (置信度: 1.0)
2025-08-10 15:22:07,375 - nodes.i_conversation_chain_node - INFO - 处理用户输入: 请问中医的基本理论是什么？...
2025-08-10 15:22:07,376 - nodes.i_conversation_chain_node - INFO - 开始生成对话回复...
2025-08-10 15:22:34,025 - httpx - INFO - HTTP Request: POST https://dashscope.aliyuncs.com/compatible-mode/v1/chat/completions "HTTP/1.1 200 OK"
2025-08-10 15:22:34,028 - nodes.i_conversation_chain_node - INFO - 生成的回复: 中医的基本理论是建立在长期临床实践和古代哲学思想基础上的一套独特医学体系，其核心内容主要包括以下几个方面：

### 1. **阴阳学说**
阴阳是中医理论的总纲。阴阳代表了事物对立统一的两个方面，如...
2025-08-10 15:22:34,030 - nodes.j_response_safety_node - INFO - 仅检测到低风险违规，添加免责声明
2025-08-10 15:22:34,032 - nodes.k_output_node - INFO - 输出处理完成，返回最终状态
2025-08-10 15:22:34,033 - graph - INFO - 图执行完成
2025-08-10 15:22:34,191 - TCMGraphTest - INFO - 执行成功: True
2025-08-10 15:22:34,191 - TCMGraphTest - INFO - 用户意图: question
2025-08-10 15:22:34,192 - TCMGraphTest - ERROR - 测试用例执行失败: object of type 'NoneType' has no len()
Traceback (most recent call last):
  File "F:\Files\比赛\挑战杯++\专项赛3\AI chatbot\V2\tests\graph_test.py", line 244, in run_test_case
    logger.info(f"提取症状数: {len(result.get('symptoms_list', []))}")
                               ^^^^^^^^^^^^^^^^^^^^^^^^^^^^^^^^^^^^
TypeError: object of type 'NoneType' has no len()
2025-08-10 15:22:34,194 - TCMGraphTest - INFO - ------------------------------------------------------------
2025-08-10 15:22:34,194 - TCMGraphTest - INFO - 执行测试 6/12
2025-08-10 15:22:34,195 - TCMGraphTest - INFO - 测试用例: 紧急情况 - 安全检查
2025-08-10 15:22:34,195 - TCMGraphTest - INFO - 用户输入: 我胸痛得很厉害，呼吸困难，感觉快要死了！
2025-08-10 15:22:34,195 - graph - INFO - 开始处理用户输入: 我胸痛得很厉害，呼吸困难，感觉快要死了！
2025-08-10 15:22:34,196 - graph - INFO - 开始创建中医智能对话系统图...
2025-08-10 15:22:34,196 - nodes.c_rag_retrieval_node - INFO - 初始化RAG检索节点
2025-08-10 15:22:34,196 - RAG_system.embedding_model - INFO - 检测到GPU设备: NVIDIA GeForce RTX 4070 Laptop GPU, 共 1 个GPU
2025-08-10 15:22:34,197 - RAG_system.embedding_model - INFO - 嵌入模型管理器初始化成功，使用设备: cuda
2025-08-10 15:22:34,197 - RAG_system.retriever - INFO - 检索管理器初始化成功
2025-08-10 15:22:34,197 - RAG_system.embedding_model - INFO - 检测到GPU设备: NVIDIA GeForce RTX 4070 Laptop GPU, 共 1 个GPU
2025-08-10 15:22:34,198 - RAG_system.rag_manager - INFO - RAG管理器初始化成功，使用设备: cuda
2025-08-10 15:22:34,198 - RAG_system.rag_manager - INFO - 正在启动RAG管理器
2025-08-10 15:22:34,198 - RAG_system.rag_manager - INFO - 发现本地嵌入模型信息，正在加载
2025-08-10 15:22:34,199 - RAG_system.embedding_model - INFO - 正在加载嵌入模型: sentence-transformers/paraphrase-multilingual-MiniLM-L12-v2
2025-08-10 15:22:34,199 - RAG_system.embedding_model - INFO - 从本地加载嵌入模型: RAG_system/model\sentence-transformers_paraphrase-multilingual-MiniLM-L12-v2
2025-08-10 15:22:34,201 - sentence_transformers.SentenceTransformer - INFO - Load pretrained SentenceTransformer: RAG_system/model\sentence-transformers_paraphrase-multilingual-MiniLM-L12-v2
2025-08-10 15:22:34,203 - sentence_transformers.SentenceTransformer - WARNING - No sentence-transformers model found with name RAG_system/model\sentence-transformers_paraphrase-multilingual-MiniLM-L12-v2. Creating a new one with mean pooling.
2025-08-10 15:22:34,951 - RAG_system.embedding_model - INFO - 正在保存嵌入模型信息
2025-08-10 15:22:34,954 - RAG_system.embedding_model - INFO - 嵌入模型信息已保存到: RAG_system/model\model_info.json
2025-08-10 15:22:34,954 - RAG_system.embedding_model - INFO - 嵌入模型加载成功，使用设备: cuda
2025-08-10 15:22:34,954 - RAG_system.vector_store - INFO - 向量存储管理器初始化成功
2025-08-10 15:22:34,955 - RAG_system.rag_manager - INFO - 检查向量存储路径: RAG_system/RAG/vector_store\index.faiss
2025-08-10 15:22:34,955 - RAG_system.rag_manager - INFO - 发现本地向量存储，正在加载
2025-08-10 15:22:34,955 - RAG_system.vector_store - INFO - 正在从路径加载向量存储: vector_store
2025-08-10 15:22:37,162 - RAG_system.vector_store - INFO - 向量存储加载成功
2025-08-10 15:22:37,162 - RAG_system.retriever - INFO - 正在创建检索器
2025-08-10 15:22:37,162 - RAG_system.retriever - INFO - 检索器创建成功
2025-08-10 15:22:37,163 - RAG_system.rag_manager - INFO - RAG管理器启动成功
2025-08-10 15:22:37,163 - nodes.c_rag_retrieval_node - INFO - RAG检索节点初始化完成
2025-08-10 15:22:37,164 - graph - INFO - 添加所有节点...
2025-08-10 15:22:37,168 - graph - INFO - 配置节点间的路由逻辑...
2025-08-10 15:22:37,168 - graph - INFO - 编译图...
2025-08-10 15:22:37,169 - graph - INFO - 中医智能对话系统图创建完成
2025-08-10 15:22:37,169 - graph - INFO - 开始执行图...
2025-08-10 15:22:37,170 - nodes.a_input_node - INFO - 输入处理节点启动
2025-08-10 15:22:37,170 - nodes.a_input_node - INFO - 处理用户输入成功: '我胸痛得很厉害，呼吸困难，感觉快要死了！'
2025-08-10 15:22:37,171 - nodes.b_safety_guard_node - INFO - 安全检查节点启动
2025-08-10 15:22:37,171 - nodes.b_safety_guard_node - WARNING - 检测到紧急关键词: ['胸痛']
2025-08-10 15:22:37,171 - nodes.k_output_node - INFO - 输出处理完成，返回最终状态
2025-08-10 15:22:37,173 - graph - INFO - 图执行完成
2025-08-10 15:22:37,285 - TCMGraphTest - INFO - 执行成功: True
2025-08-10 15:22:37,286 - TCMGraphTest - INFO - 用户意图: None
2025-08-10 15:22:37,286 - TCMGraphTest - ERROR - 测试用例执行失败: object of type 'NoneType' has no len()
Traceback (most recent call last):
  File "F:\Files\比赛\挑战杯++\专项赛3\AI chatbot\V2\tests\graph_test.py", line 244, in run_test_case
    logger.info(f"提取症状数: {len(result.get('symptoms_list', []))}")
                               ^^^^^^^^^^^^^^^^^^^^^^^^^^^^^^^^^^^^
TypeError: object of type 'NoneType' has no len()
2025-08-10 15:22:37,287 - TCMGraphTest - INFO - ------------------------------------------------------------
2025-08-10 15:22:37,287 - TCMGraphTest - INFO - 执行测试 7/12
2025-08-10 15:22:37,288 - TCMGraphTest - INFO - 测试用例: 心肾不交证诊断
2025-08-10 15:22:37,288 - TCMGraphTest - INFO - 用户输入: 我最近心慌心跳，失眠严重，腰酸腿软，小便频数，记忆力也不好了。
2025-08-10 15:22:37,289 - graph - INFO - 开始处理用户输入: 我最近心慌心跳，失眠严重，腰酸腿软，小便频数，记忆力也不好了。
2025-08-10 15:22:37,289 - graph - INFO - 开始创建中医智能对话系统图...
2025-08-10 15:22:37,289 - nodes.c_rag_retrieval_node - INFO - 初始化RAG检索节点
2025-08-10 15:22:37,289 - RAG_system.embedding_model - INFO - 检测到GPU设备: NVIDIA GeForce RTX 4070 Laptop GPU, 共 1 个GPU
2025-08-10 15:22:37,289 - RAG_system.embedding_model - INFO - 嵌入模型管理器初始化成功，使用设备: cuda
2025-08-10 15:22:37,289 - RAG_system.retriever - INFO - 检索管理器初始化成功
2025-08-10 15:22:37,289 - RAG_system.embedding_model - INFO - 检测到GPU设备: NVIDIA GeForce RTX 4070 Laptop GPU, 共 1 个GPU
2025-08-10 15:22:37,290 - RAG_system.rag_manager - INFO - RAG管理器初始化成功，使用设备: cuda
2025-08-10 15:22:37,290 - RAG_system.rag_manager - INFO - 正在启动RAG管理器
2025-08-10 15:22:37,290 - RAG_system.rag_manager - INFO - 发现本地嵌入模型信息，正在加载
2025-08-10 15:22:37,291 - RAG_system.embedding_model - INFO - 正在加载嵌入模型: sentence-transformers/paraphrase-multilingual-MiniLM-L12-v2
2025-08-10 15:22:37,291 - RAG_system.embedding_model - INFO - 从本地加载嵌入模型: RAG_system/model\sentence-transformers_paraphrase-multilingual-MiniLM-L12-v2
2025-08-10 15:22:37,294 - sentence_transformers.SentenceTransformer - INFO - Load pretrained SentenceTransformer: RAG_system/model\sentence-transformers_paraphrase-multilingual-MiniLM-L12-v2
2025-08-10 15:22:37,294 - sentence_transformers.SentenceTransformer - WARNING - No sentence-transformers model found with name RAG_system/model\sentence-transformers_paraphrase-multilingual-MiniLM-L12-v2. Creating a new one with mean pooling.
2025-08-10 15:22:38,029 - RAG_system.embedding_model - INFO - 正在保存嵌入模型信息
2025-08-10 15:22:38,032 - RAG_system.embedding_model - INFO - 嵌入模型信息已保存到: RAG_system/model\model_info.json
2025-08-10 15:22:38,032 - RAG_system.embedding_model - INFO - 嵌入模型加载成功，使用设备: cuda
2025-08-10 15:22:38,033 - RAG_system.vector_store - INFO - 向量存储管理器初始化成功
2025-08-10 15:22:38,033 - RAG_system.rag_manager - INFO - 检查向量存储路径: RAG_system/RAG/vector_store\index.faiss
2025-08-10 15:22:38,033 - RAG_system.rag_manager - INFO - 发现本地向量存储，正在加载
2025-08-10 15:22:38,034 - RAG_system.vector_store - INFO - 正在从路径加载向量存储: vector_store
2025-08-10 15:22:40,591 - RAG_system.vector_store - INFO - 向量存储加载成功
2025-08-10 15:22:40,593 - RAG_system.retriever - INFO - 正在创建检索器
2025-08-10 15:22:40,593 - RAG_system.retriever - INFO - 检索器创建成功
2025-08-10 15:22:40,593 - RAG_system.rag_manager - INFO - RAG管理器启动成功
2025-08-10 15:22:40,593 - nodes.c_rag_retrieval_node - INFO - RAG检索节点初始化完成
2025-08-10 15:22:40,594 - graph - INFO - 添加所有节点...
2025-08-10 15:22:40,597 - graph - INFO - 配置节点间的路由逻辑...
2025-08-10 15:22:40,597 - graph - INFO - 编译图...
2025-08-10 15:22:40,598 - graph - INFO - 中医智能对话系统图创建完成
2025-08-10 15:22:40,599 - graph - INFO - 开始执行图...
2025-08-10 15:22:40,600 - nodes.a_input_node - INFO - 输入处理节点启动
2025-08-10 15:22:40,600 - nodes.a_input_node - INFO - 处理用户输入成功: '我最近心慌心跳，失眠严重，腰酸腿软，小便频数，记忆力也不好了...'
2025-08-10 15:22:40,600 - nodes.b_safety_guard_node - INFO - 安全检查节点启动
2025-08-10 15:22:40,601 - nodes.b_safety_guard_node - INFO - 安全检查通过，未检测到紧急关键词
2025-08-10 15:22:40,601 - nodes.c_rag_retrieval_node - INFO - RAG检索节点启动
2025-08-10 15:22:40,601 - nodes.c_rag_retrieval_node - INFO - 执行检索，查询：我最近心慌心跳，失眠严重，腰酸腿软，小便频数，记忆力也不好了。，k值：4
2025-08-10 15:22:40,603 - RAG_system.retriever - INFO - 正在执行检索操作，查询: 我最近心慌心跳，失眠严重，腰酸腿软，小便频数，记忆力也不好了。
2025-08-10 15:22:40,647 - RAG_system.retriever - INFO - 检索完成，返回 4 个结果
2025-08-10 15:22:40,649 - nodes.c_rag_retrieval_node - INFO - 成功提取上下文，共4个文档
2025-08-10 15:22:42,119 - httpx - INFO - HTTP Request: POST https://dashscope.aliyuncs.com/compatible-mode/v1/chat/completions "HTTP/1.1 200 OK"
2025-08-10 15:22:42,124 - nodes.d_recognize_intent_node - INFO - 意图识别结果: diagnosis (置信度: 0.95)
2025-08-10 15:22:42,125 - nodes.e_symptom_extraction_node - INFO - 开始提取症状...
2025-08-10 15:22:52,498 - httpx - INFO - HTTP Request: POST https://dashscope.aliyuncs.com/compatible-mode/v1/chat/completions "HTTP/1.1 200 OK"
2025-08-10 15:22:52,510 - nodes.e_symptom_extraction_node - INFO - LLM原始输出: {'user_input': '我最近心慌心跳，失眠严重，腰酸腿软，小便频数，记忆力也不好了。', 'message_history': 'human: 我最近心慌心跳，失眠严重，腰酸腿软，小便频数，记忆力也不好了。', 'relevant_context': '[文档1] 来源: data/医藏-0869部/09伤寒-49本/09伤寒-49本/证治准绳伤寒-明-王肯堂.txt\n卷三\n\n\u3000\u3000阳明病\n\n\u3000\u3000（胃实不大便 自汗 不得卧 潮热 谵语 狂乱 循衣摸床 渴 呕）\n\n[文档2] 来源: data/医藏-0869部/09伤寒-49本/09伤寒-49本/伤寒证治准绳-明-王肯堂.txt\n卷三\n\n\u3000\u3000阳明病\n\n\u3000\u3000（胃实不大便 自汗 不得卧 潮热 谵语 狂乱 循衣摸床 渴 呕）\n\n[文档3] 来源: data/医藏-0869部/09医藏-0869部/09医藏-0869部/09伤寒-49本/伤寒证治准绳-明-王肯堂_20210525211840.txt\n卷三\n\n\u3000\u3000阳明病\n\n\u3000\u3000（胃实不大便 自汗 不得卧 潮热 谵语 狂乱 循衣摸床 渴 呕）\n\n[文档4] 来源: data/医藏-0869部/09医藏-0869部/09医藏-0869部/09伤寒-49本/证治准绳伤寒-明-王肯堂.txt\n卷三\n\n\u3000\u3000阳明病\n\n\u3000\u3000（胃实不大便 自汗 不得卧 潮热 谵语 狂乱 循衣摸床 渴 呕）\n', 'format_instructions': 'The output should be a markdown code snippet formatted in the following schema, including the leading and trailing "```json" and "```":\n\n```json\n{\n\t"symptoms": array  // 从用户描述中提取的症状列表，每个症状应包含症状名称、描述、严重程度和持续时间\n\t"missing_info": array  // 需要从用户那里获取的缺失信息列表，这些信息对诊断很重要\n\t"stage": string  // 当前会话阶段，应为\'symptom_collection\'\n}\n```', 'text': {'symptoms': [{'symptom_name': '心慌心跳', 'description': '我最近心慌心跳', 'severity': '', 'duration': '最近'}, {'symptom_name': '失眠', 'description': '失眠严重', 'severity': '严重', 'duration': '最近'}, {'symptom_name': '腰酸腿软', 'description': '腰酸腿软', 'severity': '', 'duration': '最近'}, {'symptom_name': '小便频数', 'description': '小便频数', 'severity': '', 'duration': '最近'}, {'symptom_name': '记忆力下降', 'description': '记忆力也不好了', 'severity': '', 'duration': '最近'}], 'missing_info': ['心慌心跳的具体频率或诱因（如运动、情绪波动等）？', '失眠是入睡困难、易醒还是早醒？每周发生几次？', '腰酸腿软是否伴随下肢无力、麻木或放射性疼痛？', '小便频数是白天多、夜间多，还是全天均频？每次尿量多吗？', '记忆力下降的具体表现（如忘记近期事件、名字等）？是否影响日常生活？', '是否有其他伴随症状，如口干、盗汗、头晕、乏力、体重变化等？', '症状持续的具体时间（如几天、几周或几个月）？', '既往是否有高血压、糖尿病、肾病或神经系统疾病？', '是否正在服用任何药物或接受治疗？', '是否有精神压力大、焦虑或抑郁的情况？'], 'stage': 'symptom_collection'}}
2025-08-10 15:22:52,511 - nodes.e_symptom_extraction_node - INFO - 解析后的输出: {'symptoms': [{'symptom_name': '心慌心跳', 'description': '我最近心慌心跳', 'severity': '', 'duration': '最近'}, {'symptom_name': '失眠', 'description': '失眠严重', 'severity': '严重', 'duration': '最近'}, {'symptom_name': '腰酸腿软', 'description': '腰酸腿软', 'severity': '', 'duration': '最近'}, {'symptom_name': '小便频数', 'description': '小便频数', 'severity': '', 'duration': '最近'}, {'symptom_name': '记忆力下降', 'description': '记忆力也不好了', 'severity': '', 'duration': '最近'}], 'missing_info': ['心慌心跳的具体频率或诱因（如运动、情绪波动等）？', '失眠是入睡困难、易醒还是早醒？每周发生几次？', '腰酸腿软是否伴随下肢无力、麻木或放射性疼痛？', '小便频数是白天多、夜间多，还是全天均频？每次尿量多吗？', '记忆力下降的具体表现（如忘记近期事件、名字等）？是否影响日常生活？', '是否有其他伴随症状，如口干、盗汗、头晕、乏力、体重变化等？', '症状持续的具体时间（如几天、几周或几个月）？', '既往是否有高血压、糖尿病、肾病或神经系统疾病？', '是否正在服用任何药物或接受治疗？', '是否有精神压力大、焦虑或抑郁的情况？'], 'stage': 'symptom_collection'}
2025-08-10 15:22:52,512 - nodes.e_symptom_extraction_node - INFO - 症状: [{'symptom_name': '心慌心跳', 'description': '我最近心慌心跳', 'severity': '', 'duration': '最近'}, {'symptom_name': '失眠', 'description': '失眠严重', 'severity': '严重', 'duration': '最近'}, {'symptom_name': '腰酸腿软', 'description': '腰酸腿软', 'severity': '', 'duration': '最近'}, {'symptom_name': '小便频数', 'description': '小便频数', 'severity': '', 'duration': '最近'}, {'symptom_name': '记忆力下降', 'description': '记忆力也不好了', 'severity': '', 'duration': '最近'}]
2025-08-10 15:22:52,513 - nodes.e_symptom_extraction_node - INFO - 缺失信息: ['心慌心跳的具体频率或诱因（如运动、情绪波动等）？', '失眠是入睡困难、易醒还是早醒？每周发生几次？', '腰酸腿软是否伴随下肢无力、麻木或放射性疼痛？', '小便频数是白天多、夜间多，还是全天均频？每次尿量多吗？', '记忆力下降的具体表现（如忘记近期事件、名字等）？是否影响日常生活？', '是否有其他伴随症状，如口干、盗汗、头晕、乏力、体重变化等？', '症状持续的具体时间（如几天、几周或几个月）？', '既往是否有高血压、糖尿病、肾病或神经系统疾病？', '是否正在服用任何药物或接受治疗？', '是否有精神压力大、焦虑或抑郁的情况？']
2025-08-10 15:22:52,513 - nodes.e_symptom_extraction_node - INFO - 提取到 5 个症状和 10 个缺失信息
2025-08-10 15:22:52,514 - nodes.e_symptom_extraction_node - INFO - 提取到5个症状，达到阈值2，信息充足
2025-08-10 15:22:52,515 - nodes.g_diagnosis_node - INFO - 开始中医辨证分析...
2025-08-10 15:23:26,528 - httpx - INFO - HTTP Request: POST https://dashscope.aliyuncs.com/compatible-mode/v1/chat/completions "HTTP/1.1 200 OK"
2025-08-10 15:23:26,541 - nodes.g_diagnosis_node - INFO - LLM原始输出: {'symptoms': '1. 未命名症状: 我最近心慌心跳 (严重程度: , 持续时间: 最近)\n2. 未命名症状: 失眠严重 (严重程度: 严重, 持续时间: 最近)\n3. 未命名症状: 腰酸腿软 (严重程度: , 持续时间: 最近)\n4. 未命名症状: 小便频数 (严重程度: , 持续时间: 最近)\n5. 未命名症状: 记忆力也不好了 (严重程度: , 持续时间: 最近)', 'relevant_context': '[文档1] 来源: data/医藏-0869部/09伤寒-49本/09伤寒-49本/证治准绳伤寒-明-王肯堂.txt\n卷三\n\n\u3000\u3000阳明病\n\n\u3000\u3000（胃实不大便 自汗 不得卧 潮热 谵语 狂乱 循衣摸床 渴 呕）\n\n[文档2] 来源: data/医藏-0869部/09伤寒-49本/09伤寒-49本/伤寒证治准绳-明-王肯堂.txt\n卷三\n\n\u3000\u3000阳明病\n\n\u3000\u3000（胃实不大便 自汗 不得卧 潮热 谵语 狂乱 循衣摸床 渴 呕）\n\n[文档3] 来源: data/医藏-0869部/09医藏-0869部/09医藏-0869部/09伤寒-49本/伤寒证治准绳-明-王肯堂_20210525211840.txt\n卷三\n\n\u3000\u3000阳明病\n\n\u3000\u3000（胃实不大便 自汗 不得卧 潮热 谵语 狂乱 循衣摸床 渴 呕）\n\n[文档4] 来源: data/医藏-0869部/09医藏-0869部/09医藏-0869部/09伤寒-49本/证治准绳伤寒-明-王肯堂.txt\n卷三\n\n\u3000\u3000阳明病\n\n\u3000\u3000（胃实不大便 自汗 不得卧 潮热 谵语 狂乱 循衣摸床 渴 呕）\n', 'format_instructions': 'The output should be a markdown code snippet formatted in the following schema, including the leading and trailing "```json" and "```":\n\n```json\n{\n\t"pattern_type": string  // 中医辨证分型，如\'肝郁气滞\'、\'肾阳虚\'等\n\t"pathogenesis": string  // 中医病机分析，解释症状形成的机理\n\t"analysis": string  // 详细的辨证分析过程，包括如何从症状推导出证型\n\t"confidence": number  // 对该辨证结果的置信度，0到1之间的数值\n\t"differential_diagnosis": array  // 鉴别诊断，列出其他可能的证型及其可能性\n\t"stage": string  // 当前诊断阶段，应为\'diagnosis\'\n}\n```', 'text': {'pattern_type': '心肾不交', 'pathogenesis': '心肾不交证主要由于肾水不足，不能上济于心，导致心火偏亢，心神失养，从而出现心慌、失眠、记忆力减退；肾主骨生髓，腰为肾之府，肾虚则腰酸腿软；肾司二便，肾气不固则小便频数。本证以心火亢盛、肾阴不足为基本病机，形成水火失济、心神失养的病理状态。', 'analysis': '患者主诉心慌心跳、严重失眠、腰酸腿软、小便频数及记忆力下降，均为近期发生。从中医八纲辨证来看，诸症属虚证、里证，病位涉及心、肾两脏。心主神明，藏神，心阴不足或心火偏亢均可导致心神不宁，故见心慌、失眠严重；肾藏精，主骨生髓，其华在发，腰为肾之府，肾精亏虚则腰酸腿软；脑为髓海，肾精不足则髓海空虚，故记忆力减退；肾主水液，肾气不固则膀胱开阖失司，故小便频数。结合五脏辨证，心与肾之间存在‘水火既济’的生理关系，肾水应上济心火，心火下温肾水，今肾阴不足，不能上济心火，致心火独亢，形成‘心肾不交’之证。此与《景岳全书》所言‘真阴亏欠，水不济火，心神失养’相符。患者无实热之象（如潮热、谵语、便秘等），排除阳明腑实证（参考文档1-4所列阳明病以胃实、自汗、不得卧、谵语等实热症状为主，但本例无便秘、潮热、谵语等阳明实证表现，故可排除）。气血津液辨证方面，属阴液不足，虚火内扰。综上，辨证为心肾不交证。', 'confidence': 0.92, 'differential_diagnosis': [{'pattern': '心脾两虚', 'reason': '虽有心悸、失眠、记忆力下降等心神失养表现，但缺乏食少、面色萎黄、倦怠乏力、便溏等脾气虚症状，且有腰酸腿软、小便频数等肾虚表现，故可能性较低'}, {'pattern': '肾阳虚', 'reason': '虽有腰酸腿软、小便频数，但无畏寒肢冷、舌淡胖、脉沉迟等虚寒之象，反而以心烦、失眠、心慌等虚热表现为主，故不支持肾阳虚'}, {'pattern': '阴虚火旺', 'reason': '此证范围较广，心肾不交可属阴虚火旺范畴，但本例病位明确涉及心肾两脏，水火失济特征明显，故‘心肾不交’更为精准'}, {'pattern': '阳明腑实证', 'reason': '参考文档1-4所述阳明病见自汗、不得卧、谵语、潮热、便秘等实热内结之象，本例无发热、便秘、谵语、腹满等表现，且失眠因心神不宁而非热扰，故可排除'}], 'stage': 'diagnosis'}}
2025-08-10 15:23:26,543 - nodes.g_diagnosis_node - INFO - LLM原始输出类型: <class 'dict'>
2025-08-10 15:23:26,543 - nodes.g_diagnosis_node - INFO - 解析后的输出: {'pattern_type': '心肾不交', 'pathogenesis': '心肾不交证主要由于肾水不足，不能上济于心，导致心火偏亢，心神失养，从而出现心慌、失眠、记忆力减退；肾主骨生髓，腰为肾之府，肾虚则腰酸腿软；肾司二便，肾气不固则小便频数。本证以心火亢盛、肾阴不足为基本病机，形成水火失济、心神失养的病理状态。', 'analysis': '患者主诉心慌心跳、严重失眠、腰酸腿软、小便频数及记忆力下降，均为近期发生。从中医八纲辨证来看，诸症属虚证、里证，病位涉及心、肾两脏。心主神明，藏神，心阴不足或心火偏亢均可导致心神不宁，故见心慌、失眠严重；肾藏精，主骨生髓，其华在发，腰为肾之府，肾精亏虚则腰酸腿软；脑为髓海，肾精不足则髓海空虚，故记忆力减退；肾主水液，肾气不固则膀胱开阖失司，故小便频数。结合五脏辨证，心与肾之间存在‘水火既济’的生理关系，肾水应上济心火，心火下温肾水，今肾阴不足，不能上济心火，致心火独亢，形成‘心肾不交’之证。此与《景岳全书》所言‘真阴亏欠，水不济火，心神失养’相符。患者无实热之象（如潮热、谵语、便秘等），排除阳明腑实证（参考文档1-4所列阳明病以胃实、自汗、不得卧、谵语等实热症状为主，但本例无便秘、潮热、谵语等阳明实证表现，故可排除）。气血津液辨证方面，属阴液不足，虚火内扰。综上，辨证为心肾不交证。', 'confidence': 0.92, 'differential_diagnosis': [{'pattern': '心脾两虚', 'reason': '虽有心悸、失眠、记忆力下降等心神失养表现，但缺乏食少、面色萎黄、倦怠乏力、便溏等脾气虚症状，且有腰酸腿软、小便频数等肾虚表现，故可能性较低'}, {'pattern': '肾阳虚', 'reason': '虽有腰酸腿软、小便频数，但无畏寒肢冷、舌淡胖、脉沉迟等虚寒之象，反而以心烦、失眠、心慌等虚热表现为主，故不支持肾阳虚'}, {'pattern': '阴虚火旺', 'reason': '此证范围较广，心肾不交可属阴虚火旺范畴，但本例病位明确涉及心肾两脏，水火失济特征明显，故‘心肾不交’更为精准'}, {'pattern': '阳明腑实证', 'reason': '参考文档1-4所述阳明病见自汗、不得卧、谵语、潮热、便秘等实热内结之象，本例无发热、便秘、谵语、腹满等表现，且失眠因心神不宁而非热扰，故可排除'}], 'stage': 'diagnosis'}
2025-08-10 15:23:26,544 - nodes.g_diagnosis_node - INFO - 辨证分析完成，证型: 心肾不交, 置信度: 0.92
2025-08-10 15:23:26,545 - nodes.h_prescription_node - INFO - 开始生成处方推荐...
2025-08-10 15:23:54,358 - httpx - INFO - HTTP Request: POST https://dashscope.aliyuncs.com/compatible-mode/v1/chat/completions "HTTP/1.1 200 OK"
2025-08-10 15:23:54,373 - nodes.h_prescription_node - INFO - 整合最终响应...
2025-08-10 15:24:32,100 - httpx - INFO - HTTP Request: POST https://dashscope.aliyuncs.com/compatible-mode/v1/chat/completions "HTTP/1.1 200 OK"
2025-08-10 15:24:32,104 - nodes.h_prescription_node - INFO - 处方推荐和响应整合完成
2025-08-10 15:24:32,106 - nodes.j_response_safety_node - INFO - 未检测到安全违规
2025-08-10 15:24:32,106 - nodes.k_output_node - INFO - 输出处理完成，返回最终状态
2025-08-10 15:24:32,107 - graph - INFO - 图执行完成
2025-08-10 15:24:32,256 - TCMGraphTest - INFO - 执行成功: True
2025-08-10 15:24:32,256 - TCMGraphTest - INFO - 用户意图: diagnosis
2025-08-10 15:24:32,256 - TCMGraphTest - INFO - 提取症状数: 5
2025-08-10 15:24:32,257 - TCMGraphTest - INFO - 对话状态: prescription_complete
2025-08-10 15:24:32,257 - TCMGraphTest - INFO - 响应长度: 1824
2025-08-10 15:24:32,257 - TCMGraphTest - INFO - 响应时间: 114.97秒
2025-08-10 15:24:32,257 - TCMGraphTest - INFO - 诊断证型: 心肾不交
2025-08-10 15:24:32,258 - TCMGraphTest - INFO - 诊断置信度: 0.92
2025-08-10 15:24:32,258 - TCMGraphTest - INFO - 推荐方剂: 黄连阿胶汤
2025-08-10 15:24:32,258 - TCMGraphTest - INFO - 草药数量: 0
2025-08-10 15:24:32,258 - TCMGraphTest - INFO - 紧急情况检测: False
2025-08-10 15:24:32,258 - TCMGraphTest - INFO - 安全评分: N/A
2025-08-10 15:24:32,259 - TCMGraphTest - INFO - 整体质量评分: 78.1/100
2025-08-10 15:24:32,260 - TCMGraphTest - INFO - ------------------------------------------------------------
2025-08-10 15:24:32,260 - TCMGraphTest - INFO - 执行测试 8/12
2025-08-10 15:24:32,260 - TCMGraphTest - INFO - 测试用例: 边界测试 - 空输入
2025-08-10 15:24:32,260 - TCMGraphTest - INFO - 用户输入: 
2025-08-10 15:24:32,260 - graph - INFO - 开始处理用户输入: 
2025-08-10 15:24:32,261 - graph - INFO - 开始创建中医智能对话系统图...
2025-08-10 15:24:32,261 - nodes.c_rag_retrieval_node - INFO - 初始化RAG检索节点
2025-08-10 15:24:32,261 - RAG_system.embedding_model - INFO - 检测到GPU设备: NVIDIA GeForce RTX 4070 Laptop GPU, 共 1 个GPU
2025-08-10 15:24:32,261 - RAG_system.embedding_model - INFO - 嵌入模型管理器初始化成功，使用设备: cuda
2025-08-10 15:24:32,262 - RAG_system.retriever - INFO - 检索管理器初始化成功
2025-08-10 15:24:32,262 - RAG_system.embedding_model - INFO - 检测到GPU设备: NVIDIA GeForce RTX 4070 Laptop GPU, 共 1 个GPU
2025-08-10 15:24:32,262 - RAG_system.rag_manager - INFO - RAG管理器初始化成功，使用设备: cuda
2025-08-10 15:24:32,263 - RAG_system.rag_manager - INFO - 正在启动RAG管理器
2025-08-10 15:24:32,263 - RAG_system.rag_manager - INFO - 发现本地嵌入模型信息，正在加载
2025-08-10 15:24:32,264 - RAG_system.embedding_model - INFO - 正在加载嵌入模型: sentence-transformers/paraphrase-multilingual-MiniLM-L12-v2
2025-08-10 15:24:32,265 - RAG_system.embedding_model - INFO - 从本地加载嵌入模型: RAG_system/model\sentence-transformers_paraphrase-multilingual-MiniLM-L12-v2
2025-08-10 15:24:32,267 - sentence_transformers.SentenceTransformer - INFO - Load pretrained SentenceTransformer: RAG_system/model\sentence-transformers_paraphrase-multilingual-MiniLM-L12-v2
2025-08-10 15:24:32,268 - sentence_transformers.SentenceTransformer - WARNING - No sentence-transformers model found with name RAG_system/model\sentence-transformers_paraphrase-multilingual-MiniLM-L12-v2. Creating a new one with mean pooling.
2025-08-10 15:24:33,085 - RAG_system.embedding_model - INFO - 正在保存嵌入模型信息
2025-08-10 15:24:33,088 - RAG_system.embedding_model - INFO - 嵌入模型信息已保存到: RAG_system/model\model_info.json
2025-08-10 15:24:33,088 - RAG_system.embedding_model - INFO - 嵌入模型加载成功，使用设备: cuda
2025-08-10 15:24:33,089 - RAG_system.vector_store - INFO - 向量存储管理器初始化成功
2025-08-10 15:24:33,089 - RAG_system.rag_manager - INFO - 检查向量存储路径: RAG_system/RAG/vector_store\index.faiss
2025-08-10 15:24:33,089 - RAG_system.rag_manager - INFO - 发现本地向量存储，正在加载
2025-08-10 15:24:33,089 - RAG_system.vector_store - INFO - 正在从路径加载向量存储: vector_store
2025-08-10 15:24:35,000 - RAG_system.vector_store - INFO - 向量存储加载成功
2025-08-10 15:24:35,000 - RAG_system.retriever - INFO - 正在创建检索器
2025-08-10 15:24:35,001 - RAG_system.retriever - INFO - 检索器创建成功
2025-08-10 15:24:35,002 - RAG_system.rag_manager - INFO - RAG管理器启动成功
2025-08-10 15:24:35,002 - nodes.c_rag_retrieval_node - INFO - RAG检索节点初始化完成
2025-08-10 15:24:35,002 - graph - INFO - 添加所有节点...
2025-08-10 15:24:35,005 - graph - INFO - 配置节点间的路由逻辑...
2025-08-10 15:24:35,005 - graph - INFO - 编译图...
2025-08-10 15:24:35,007 - graph - INFO - 中医智能对话系统图创建完成
2025-08-10 15:24:35,007 - graph - INFO - 开始执行图...
2025-08-10 15:24:35,008 - nodes.a_input_node - INFO - 输入处理节点启动
2025-08-10 15:24:35,008 - nodes.a_input_node - WARNING - 输入无效：空或仅包含空白字符
2025-08-10 15:24:35,009 - nodes.k_output_node - INFO - 输出处理完成，返回最终状态
2025-08-10 15:24:35,009 - graph - INFO - 图执行完成
2025-08-10 15:24:35,125 - TCMGraphTest - INFO - 执行成功: False
2025-08-10 15:24:35,126 - TCMGraphTest - INFO - 用户意图: None
2025-08-10 15:24:35,126 - TCMGraphTest - ERROR - 测试用例执行失败: object of type 'NoneType' has no len()
Traceback (most recent call last):
  File "F:\Files\比赛\挑战杯++\专项赛3\AI chatbot\V2\tests\graph_test.py", line 244, in run_test_case
    logger.info(f"提取症状数: {len(result.get('symptoms_list', []))}")
                               ^^^^^^^^^^^^^^^^^^^^^^^^^^^^^^^^^^^^
TypeError: object of type 'NoneType' has no len()
2025-08-10 15:24:35,128 - TCMGraphTest - INFO - ------------------------------------------------------------
2025-08-10 15:24:35,128 - TCMGraphTest - INFO - 执行测试 9/12
2025-08-10 15:24:35,128 - TCMGraphTest - INFO - 测试用例: 边界测试 - 模糊症状
2025-08-10 15:24:35,129 - TCMGraphTest - INFO - 用户输入: 我感觉不舒服
2025-08-10 15:24:35,129 - graph - INFO - 开始处理用户输入: 我感觉不舒服
2025-08-10 15:24:35,129 - graph - INFO - 开始创建中医智能对话系统图...
2025-08-10 15:24:35,129 - nodes.c_rag_retrieval_node - INFO - 初始化RAG检索节点
2025-08-10 15:24:35,130 - RAG_system.embedding_model - INFO - 检测到GPU设备: NVIDIA GeForce RTX 4070 Laptop GPU, 共 1 个GPU
2025-08-10 15:24:35,130 - RAG_system.embedding_model - INFO - 嵌入模型管理器初始化成功，使用设备: cuda
2025-08-10 15:24:35,130 - RAG_system.retriever - INFO - 检索管理器初始化成功
2025-08-10 15:24:35,130 - RAG_system.embedding_model - INFO - 检测到GPU设备: NVIDIA GeForce RTX 4070 Laptop GPU, 共 1 个GPU
2025-08-10 15:24:35,130 - RAG_system.rag_manager - INFO - RAG管理器初始化成功，使用设备: cuda
2025-08-10 15:24:35,130 - RAG_system.rag_manager - INFO - 正在启动RAG管理器
2025-08-10 15:24:35,130 - RAG_system.rag_manager - INFO - 发现本地嵌入模型信息，正在加载
2025-08-10 15:24:35,131 - RAG_system.embedding_model - INFO - 正在加载嵌入模型: sentence-transformers/paraphrase-multilingual-MiniLM-L12-v2
2025-08-10 15:24:35,131 - RAG_system.embedding_model - INFO - 从本地加载嵌入模型: RAG_system/model\sentence-transformers_paraphrase-multilingual-MiniLM-L12-v2
2025-08-10 15:24:35,135 - sentence_transformers.SentenceTransformer - INFO - Load pretrained SentenceTransformer: RAG_system/model\sentence-transformers_paraphrase-multilingual-MiniLM-L12-v2
2025-08-10 15:24:35,135 - sentence_transformers.SentenceTransformer - WARNING - No sentence-transformers model found with name RAG_system/model\sentence-transformers_paraphrase-multilingual-MiniLM-L12-v2. Creating a new one with mean pooling.
2025-08-10 15:24:35,894 - RAG_system.embedding_model - INFO - 正在保存嵌入模型信息
2025-08-10 15:24:35,897 - RAG_system.embedding_model - INFO - 嵌入模型信息已保存到: RAG_system/model\model_info.json
2025-08-10 15:24:35,897 - RAG_system.embedding_model - INFO - 嵌入模型加载成功，使用设备: cuda
2025-08-10 15:24:35,897 - RAG_system.vector_store - INFO - 向量存储管理器初始化成功
2025-08-10 15:24:35,897 - RAG_system.rag_manager - INFO - 检查向量存储路径: RAG_system/RAG/vector_store\index.faiss
2025-08-10 15:24:35,898 - RAG_system.rag_manager - INFO - 发现本地向量存储，正在加载
2025-08-10 15:24:35,898 - RAG_system.vector_store - INFO - 正在从路径加载向量存储: vector_store
2025-08-10 15:24:38,439 - RAG_system.vector_store - INFO - 向量存储加载成功
2025-08-10 15:24:38,439 - RAG_system.retriever - INFO - 正在创建检索器
2025-08-10 15:24:38,440 - RAG_system.retriever - INFO - 检索器创建成功
2025-08-10 15:24:38,440 - RAG_system.rag_manager - INFO - RAG管理器启动成功
2025-08-10 15:24:38,441 - nodes.c_rag_retrieval_node - INFO - RAG检索节点初始化完成
2025-08-10 15:24:38,441 - graph - INFO - 添加所有节点...
2025-08-10 15:24:38,444 - graph - INFO - 配置节点间的路由逻辑...
2025-08-10 15:24:38,445 - graph - INFO - 编译图...
2025-08-10 15:24:38,446 - graph - INFO - 中医智能对话系统图创建完成
2025-08-10 15:24:38,446 - graph - INFO - 开始执行图...
2025-08-10 15:24:38,447 - nodes.a_input_node - INFO - 输入处理节点启动
2025-08-10 15:24:38,447 - nodes.a_input_node - INFO - 处理用户输入成功: '我感觉不舒服'
2025-08-10 15:24:38,447 - nodes.b_safety_guard_node - INFO - 安全检查节点启动
2025-08-10 15:24:38,448 - nodes.b_safety_guard_node - INFO - 安全检查通过，未检测到紧急关键词
2025-08-10 15:24:38,448 - nodes.c_rag_retrieval_node - INFO - RAG检索节点启动
2025-08-10 15:24:38,449 - nodes.c_rag_retrieval_node - INFO - 执行检索，查询：我感觉不舒服，k值：4
2025-08-10 15:24:38,449 - RAG_system.retriever - INFO - 正在执行检索操作，查询: 我感觉不舒服
2025-08-10 15:24:38,486 - RAG_system.retriever - INFO - 检索完成，返回 4 个结果
2025-08-10 15:24:38,487 - nodes.c_rag_retrieval_node - INFO - 成功提取上下文，共4个文档
2025-08-10 15:24:39,792 - httpx - INFO - HTTP Request: POST https://dashscope.aliyuncs.com/compatible-mode/v1/chat/completions "HTTP/1.1 200 OK"
2025-08-10 15:24:39,797 - nodes.d_recognize_intent_node - INFO - 意图识别结果: diagnosis (置信度: 1.0)
2025-08-10 15:24:39,798 - nodes.e_symptom_extraction_node - INFO - 开始提取症状...
2025-08-10 15:24:45,396 - httpx - INFO - HTTP Request: POST https://dashscope.aliyuncs.com/compatible-mode/v1/chat/completions "HTTP/1.1 200 OK"
2025-08-10 15:24:45,403 - nodes.e_symptom_extraction_node - INFO - LLM原始输出: {'user_input': '我感觉不舒服', 'message_history': 'human: 我感觉不舒服', 'relevant_context': '[文档1] 来源: data/医藏-0869部/14医部全录-123本/14医部全录-123本/医部全录卷335至卷358-伤寒门.txt\n并病\n\n[文档2] 来源: data/医藏-0869部/09医藏-0869部/09医藏-0869部/14医部全录-123本/医部全录卷335至卷358-伤寒门.txt\n并病\n\n[文档3] 来源: data/医藏-0869部/09医藏-0869部/09医藏-0869部/14医部全录-123本/医部全录卷180至卷185-胸腹门.txt\n心痛\n\n[文档4] 来源: data/医藏-0869部/14医部全录-123本/14医部全录-123本/医部全录卷180至卷185-胸腹门.txt\n心痛\n', 'format_instructions': 'The output should be a markdown code snippet formatted in the following schema, including the leading and trailing "```json" and "```":\n\n```json\n{\n\t"symptoms": array  // 从用户描述中提取的症状列表，每个症状应包含症状名称、描述、严重程度和持续时间\n\t"missing_info": array  // 需要从用户那里获取的缺失信息列表，这些信息对诊断很重要\n\t"stage": string  // 当前会话阶段，应为\'symptom_collection\'\n}\n```', 'text': {'symptoms': [{'symptom': '不适', 'description': '我感觉不舒服', 'severity': None, 'duration': None}], 'missing_info': ['具体有哪些部位感到不适（如头部、胸部、腹部等）？', '不适的性质是什么（如疼痛、头晕、恶心等）？', '这种不适的严重程度如何（轻度、中度、重度）？', '不适持续了多长时间（几分钟、几小时、几天）？', '是否有诱发或缓解因素？', '是否伴随其他症状（如发热、呕吐、咳嗽等）？', '既往是否有类似症状或相关病史？'], 'stage': 'symptom_collection'}}
2025-08-10 15:24:45,404 - nodes.e_symptom_extraction_node - INFO - 解析后的输出: {'symptoms': [{'symptom': '不适', 'description': '我感觉不舒服', 'severity': None, 'duration': None}], 'missing_info': ['具体有哪些部位感到不适（如头部、胸部、腹部等）？', '不适的性质是什么（如疼痛、头晕、恶心等）？', '这种不适的严重程度如何（轻度、中度、重度）？', '不适持续了多长时间（几分钟、几小时、几天）？', '是否有诱发或缓解因素？', '是否伴随其他症状（如发热、呕吐、咳嗽等）？', '既往是否有类似症状或相关病史？'], 'stage': 'symptom_collection'}
2025-08-10 15:24:45,404 - nodes.e_symptom_extraction_node - INFO - 症状: [{'symptom': '不适', 'description': '我感觉不舒服', 'severity': None, 'duration': None}]
2025-08-10 15:24:45,405 - nodes.e_symptom_extraction_node - INFO - 缺失信息: ['具体有哪些部位感到不适（如头部、胸部、腹部等）？', '不适的性质是什么（如疼痛、头晕、恶心等）？', '这种不适的严重程度如何（轻度、中度、重度）？', '不适持续了多长时间（几分钟、几小时、几天）？', '是否有诱发或缓解因素？', '是否伴随其他症状（如发热、呕吐、咳嗽等）？', '既往是否有类似症状或相关病史？']
2025-08-10 15:24:45,405 - nodes.e_symptom_extraction_node - INFO - 提取到 1 个症状和 7 个缺失信息
2025-08-10 15:24:45,406 - nodes.e_symptom_extraction_node - INFO - 提取到1个症状，少于阈值2，需要更多信息
2025-08-10 15:24:45,407 - nodes.f_follow_up_question_node - INFO - 生成追问，共有 7 个缺失信息点
2025-08-10 15:24:45,567 - httpx - INFO - HTTP Request: POST https://api.deepseek.com/chat/completions "HTTP/1.1 200 OK"
2025-08-10 15:25:03,545 - nodes.f_follow_up_question_node - INFO - 生成的追问: "感谢您分享这些信息。为了更好地了解您的不适并提供适当的建议，我需要进一步询问一些细节。您能否具体描述一下是身体的哪些部位感到不舒服？比如是头部、胸部、腹部，还是其他部位？另外，这种不适是什么样的感觉...
2025-08-10 15:25:03,547 - nodes.k_output_node - INFO - 输出处理完成，返回最终状态
2025-08-10 15:25:03,548 - graph - INFO - 图执行完成
2025-08-10 15:25:03,659 - TCMGraphTest - INFO - 执行成功: True
2025-08-10 15:25:03,660 - TCMGraphTest - INFO - 用户意图: diagnosis
2025-08-10 15:25:03,660 - TCMGraphTest - INFO - 提取症状数: 1
2025-08-10 15:25:03,660 - TCMGraphTest - INFO - 对话状态: awaiting_follow_up
2025-08-10 15:25:03,661 - TCMGraphTest - INFO - 响应长度: 460
2025-08-10 15:25:03,661 - TCMGraphTest - INFO - 响应时间: 28.53秒
2025-08-10 15:25:03,661 - TCMGraphTest - INFO - 紧急情况检测: False
2025-08-10 15:25:03,661 - TCMGraphTest - INFO - 安全评分: N/A
2025-08-10 15:25:03,661 - TCMGraphTest - INFO - 整体质量评分: 100.0/100
2025-08-10 15:25:03,663 - TCMGraphTest - INFO - ------------------------------------------------------------
2025-08-10 15:25:03,663 - TCMGraphTest - INFO - 执行测试 10/12
2025-08-10 15:25:03,663 - TCMGraphTest - INFO - 测试用例: 复杂症状组合 - 肝肾阴虚
2025-08-10 15:25:03,663 - TCMGraphTest - INFO - 用户输入: 医生，我头晕耳鸣，腰膝酸软，口干咽燥，手心脚心发热，夜间盗汗，失眠多梦，眼睛干涩，月经不调。
2025-08-10 15:25:03,664 - graph - INFO - 开始处理用户输入: 医生，我头晕耳鸣，腰膝酸软，口干咽燥，手心脚心发热，夜间盗汗，失眠多梦，眼睛干涩，月经不调。
2025-08-10 15:25:03,664 - graph - INFO - 开始创建中医智能对话系统图...
2025-08-10 15:25:03,664 - nodes.c_rag_retrieval_node - INFO - 初始化RAG检索节点
2025-08-10 15:25:03,664 - RAG_system.embedding_model - INFO - 检测到GPU设备: NVIDIA GeForce RTX 4070 Laptop GPU, 共 1 个GPU
2025-08-10 15:25:03,664 - RAG_system.embedding_model - INFO - 嵌入模型管理器初始化成功，使用设备: cuda
2025-08-10 15:25:03,664 - RAG_system.retriever - INFO - 检索管理器初始化成功
2025-08-10 15:25:03,665 - RAG_system.embedding_model - INFO - 检测到GPU设备: NVIDIA GeForce RTX 4070 Laptop GPU, 共 1 个GPU
2025-08-10 15:25:03,665 - RAG_system.rag_manager - INFO - RAG管理器初始化成功，使用设备: cuda
2025-08-10 15:25:03,665 - RAG_system.rag_manager - INFO - 正在启动RAG管理器
2025-08-10 15:25:03,665 - RAG_system.rag_manager - INFO - 发现本地嵌入模型信息，正在加载
2025-08-10 15:25:03,666 - RAG_system.embedding_model - INFO - 正在加载嵌入模型: sentence-transformers/paraphrase-multilingual-MiniLM-L12-v2
2025-08-10 15:25:03,667 - RAG_system.embedding_model - INFO - 从本地加载嵌入模型: RAG_system/model\sentence-transformers_paraphrase-multilingual-MiniLM-L12-v2
2025-08-10 15:25:03,670 - sentence_transformers.SentenceTransformer - INFO - Load pretrained SentenceTransformer: RAG_system/model\sentence-transformers_paraphrase-multilingual-MiniLM-L12-v2
2025-08-10 15:25:03,670 - sentence_transformers.SentenceTransformer - WARNING - No sentence-transformers model found with name RAG_system/model\sentence-transformers_paraphrase-multilingual-MiniLM-L12-v2. Creating a new one with mean pooling.
2025-08-10 15:25:04,486 - RAG_system.embedding_model - INFO - 正在保存嵌入模型信息
2025-08-10 15:25:04,490 - RAG_system.embedding_model - INFO - 嵌入模型信息已保存到: RAG_system/model\model_info.json
2025-08-10 15:25:04,490 - RAG_system.embedding_model - INFO - 嵌入模型加载成功，使用设备: cuda
2025-08-10 15:25:04,491 - RAG_system.vector_store - INFO - 向量存储管理器初始化成功
2025-08-10 15:25:04,491 - RAG_system.rag_manager - INFO - 检查向量存储路径: RAG_system/RAG/vector_store\index.faiss
2025-08-10 15:25:04,491 - RAG_system.rag_manager - INFO - 发现本地向量存储，正在加载
2025-08-10 15:25:04,491 - RAG_system.vector_store - INFO - 正在从路径加载向量存储: vector_store
2025-08-10 15:25:06,321 - RAG_system.vector_store - INFO - 向量存储加载成功
2025-08-10 15:25:06,321 - RAG_system.retriever - INFO - 正在创建检索器
2025-08-10 15:25:06,321 - RAG_system.retriever - INFO - 检索器创建成功
2025-08-10 15:25:06,321 - RAG_system.rag_manager - INFO - RAG管理器启动成功
2025-08-10 15:25:06,322 - nodes.c_rag_retrieval_node - INFO - RAG检索节点初始化完成
2025-08-10 15:25:06,323 - graph - INFO - 添加所有节点...
2025-08-10 15:25:06,325 - graph - INFO - 配置节点间的路由逻辑...
2025-08-10 15:25:06,326 - graph - INFO - 编译图...
2025-08-10 15:25:06,328 - graph - INFO - 中医智能对话系统图创建完成
2025-08-10 15:25:06,328 - graph - INFO - 开始执行图...
2025-08-10 15:25:06,328 - nodes.a_input_node - INFO - 输入处理节点启动
2025-08-10 15:25:06,329 - nodes.a_input_node - INFO - 处理用户输入成功: '医生，我头晕耳鸣，腰膝酸软，口干咽燥，手心脚心发热，夜间盗汗...'
2025-08-10 15:25:06,329 - nodes.b_safety_guard_node - INFO - 安全检查节点启动
2025-08-10 15:25:06,329 - nodes.b_safety_guard_node - INFO - 安全检查通过，未检测到紧急关键词
2025-08-10 15:25:06,330 - nodes.c_rag_retrieval_node - INFO - RAG检索节点启动
2025-08-10 15:25:06,330 - nodes.c_rag_retrieval_node - INFO - 执行检索，查询：医生，我头晕耳鸣，腰膝酸软，口干咽燥，手心脚心发热，夜间盗汗，失眠多梦，眼睛干涩，月经不调。，k值：4
2025-08-10 15:25:06,330 - RAG_system.retriever - INFO - 正在执行检索操作，查询: 医生，我头晕耳鸣，腰膝酸软，口干咽燥，手心脚心发热，夜间盗汗，失眠多梦，眼睛干涩，月经不调。
2025-08-10 15:25:06,369 - RAG_system.retriever - INFO - 检索完成，返回 4 个结果
2025-08-10 15:25:06,370 - nodes.c_rag_retrieval_node - INFO - 成功提取上下文，共4个文档
2025-08-10 15:25:08,145 - httpx - INFO - HTTP Request: POST https://dashscope.aliyuncs.com/compatible-mode/v1/chat/completions "HTTP/1.1 200 OK"
2025-08-10 15:25:08,149 - nodes.d_recognize_intent_node - INFO - 意图识别结果: diagnosis (置信度: 0.9)
2025-08-10 15:25:08,150 - nodes.e_symptom_extraction_node - INFO - 开始提取症状...
2025-08-10 15:25:24,000 - httpx - INFO - HTTP Request: POST https://dashscope.aliyuncs.com/compatible-mode/v1/chat/completions "HTTP/1.1 200 OK"
2025-08-10 15:25:24,015 - nodes.e_symptom_extraction_node - INFO - LLM原始输出: {'user_input': '医生，我头晕耳鸣，腰膝酸软，口干咽燥，手心脚心发热，夜间盗汗，失眠多梦，眼睛干涩，月经不调。', 'message_history': 'human: 医生，我头晕耳鸣，腰膝酸软，口干咽燥，手心脚心发热，夜间盗汗，失眠多梦，眼睛干涩，月经不调。', 'relevant_context': '[文档1] 来源: data/医藏-0869部/09伤寒-49本/09伤寒-49本/伤寒证治准绳-明-王肯堂.txt\n卷三\n\n\u3000\u3000阳明病\n\n\u3000\u3000（胃实不大便 自汗 不得卧 潮热 谵语 狂乱 循衣摸床 渴 呕）\n\n[文档2] 来源: data/医藏-0869部/09伤寒-49本/09伤寒-49本/证治准绳伤寒-明-王肯堂.txt\n卷三\n\n\u3000\u3000阳明病\n\n\u3000\u3000（胃实不大便 自汗 不得卧 潮热 谵语 狂乱 循衣摸床 渴 呕）\n\n[文档3] 来源: data/医藏-0869部/09医藏-0869部/09医藏-0869部/09伤寒-49本/伤寒证治准绳-明-王肯堂_20210525211840.txt\n卷三\n\n\u3000\u3000阳明病\n\n\u3000\u3000（胃实不大便 自汗 不得卧 潮热 谵语 狂乱 循衣摸床 渴 呕）\n\n[文档4] 来源: data/医藏-0869部/09医藏-0869部/09医藏-0869部/09伤寒-49本/证治准绳伤寒-明-王肯堂.txt\n卷三\n\n\u3000\u3000阳明病\n\n\u3000\u3000（胃实不大便 自汗 不得卧 潮热 谵语 狂乱 循衣摸床 渴 呕）\n', 'format_instructions': 'The output should be a markdown code snippet formatted in the following schema, including the leading and trailing "```json" and "```":\n\n```json\n{\n\t"symptoms": array  // 从用户描述中提取的症状列表，每个症状应包含症状名称、描述、严重程度和持续时间\n\t"missing_info": array  // 需要从用户那里获取的缺失信息列表，这些信息对诊断很重要\n\t"stage": string  // 当前会话阶段，应为\'symptom_collection\'\n}\n```', 'text': {'symptoms': [{'symptom_name': '头晕', 'description': '头晕', 'severity': None, 'duration': None}, {'symptom_name': '耳鸣', 'description': '耳鸣', 'severity': None, 'duration': None}, {'symptom_name': '腰膝酸软', 'description': '腰膝酸软', 'severity': None, 'duration': None}, {'symptom_name': '口干咽燥', 'description': '口干咽燥', 'severity': None, 'duration': None}, {'symptom_name': '手心脚心发热', 'description': '手心脚心发热', 'severity': None, 'duration': None}, {'symptom_name': '夜间盗汗', 'description': '夜间盗汗', 'severity': None, 'duration': None}, {'symptom_name': '失眠多梦', 'description': '失眠多梦', 'severity': None, 'duration': None}, {'symptom_name': '眼睛干涩', 'description': '眼睛干涩', 'severity': None, 'duration': None}, {'symptom_name': '月经不调', 'description': '月经不调', 'severity': None, 'duration': None}], 'missing_info': ['头晕的发作频率和持续时间是怎样的？是否伴随头痛或视力模糊？', '耳鸣是单侧还是双侧？持续性还是间歇性？是否有听力下降？', '腰膝酸软是否在劳累后加重？是否有下肢无力或麻木？', '口干咽燥是否持续存在？是否需要夜间频繁饮水？', '手心脚心发热是否伴有潮热或面部发热？每天发作几次？', '夜间盗汗严重程度如何？是否需要更换衣物或床单？', '失眠多梦的具体表现是什么？入睡困难、易醒还是早醒？每周发生几次？', '眼睛干涩是否伴有视物模糊或眼疲劳？是否使用电子屏幕时间较长？', '月经不调具体表现为周期延长或缩短？经量增多或减少？是否有痛经？', '是否有其他伴随症状，如心悸、乏力、体重变化或情绪波动？', '既往是否有慢性疾病（如糖尿病、甲状腺疾病）或妇科病史？', '近期是否有精神压力大、作息不规律或饮食改变？'], 'stage': 'symptom_collection'}}
2025-08-10 15:25:24,016 - nodes.e_symptom_extraction_node - INFO - 解析后的输出: {'symptoms': [{'symptom_name': '头晕', 'description': '头晕', 'severity': None, 'duration': None}, {'symptom_name': '耳鸣', 'description': '耳鸣', 'severity': None, 'duration': None}, {'symptom_name': '腰膝酸软', 'description': '腰膝酸软', 'severity': None, 'duration': None}, {'symptom_name': '口干咽燥', 'description': '口干咽燥', 'severity': None, 'duration': None}, {'symptom_name': '手心脚心发热', 'description': '手心脚心发热', 'severity': None, 'duration': None}, {'symptom_name': '夜间盗汗', 'description': '夜间盗汗', 'severity': None, 'duration': None}, {'symptom_name': '失眠多梦', 'description': '失眠多梦', 'severity': None, 'duration': None}, {'symptom_name': '眼睛干涩', 'description': '眼睛干涩', 'severity': None, 'duration': None}, {'symptom_name': '月经不调', 'description': '月经不调', 'severity': None, 'duration': None}], 'missing_info': ['头晕的发作频率和持续时间是怎样的？是否伴随头痛或视力模糊？', '耳鸣是单侧还是双侧？持续性还是间歇性？是否有听力下降？', '腰膝酸软是否在劳累后加重？是否有下肢无力或麻木？', '口干咽燥是否持续存在？是否需要夜间频繁饮水？', '手心脚心发热是否伴有潮热或面部发热？每天发作几次？', '夜间盗汗严重程度如何？是否需要更换衣物或床单？', '失眠多梦的具体表现是什么？入睡困难、易醒还是早醒？每周发生几次？', '眼睛干涩是否伴有视物模糊或眼疲劳？是否使用电子屏幕时间较长？', '月经不调具体表现为周期延长或缩短？经量增多或减少？是否有痛经？', '是否有其他伴随症状，如心悸、乏力、体重变化或情绪波动？', '既往是否有慢性疾病（如糖尿病、甲状腺疾病）或妇科病史？', '近期是否有精神压力大、作息不规律或饮食改变？'], 'stage': 'symptom_collection'}
2025-08-10 15:25:24,016 - nodes.e_symptom_extraction_node - INFO - 症状: [{'symptom_name': '头晕', 'description': '头晕', 'severity': None, 'duration': None}, {'symptom_name': '耳鸣', 'description': '耳鸣', 'severity': None, 'duration': None}, {'symptom_name': '腰膝酸软', 'description': '腰膝酸软', 'severity': None, 'duration': None}, {'symptom_name': '口干咽燥', 'description': '口干咽燥', 'severity': None, 'duration': None}, {'symptom_name': '手心脚心发热', 'description': '手心脚心发热', 'severity': None, 'duration': None}, {'symptom_name': '夜间盗汗', 'description': '夜间盗汗', 'severity': None, 'duration': None}, {'symptom_name': '失眠多梦', 'description': '失眠多梦', 'severity': None, 'duration': None}, {'symptom_name': '眼睛干涩', 'description': '眼睛干涩', 'severity': None, 'duration': None}, {'symptom_name': '月经不调', 'description': '月经不调', 'severity': None, 'duration': None}]
2025-08-10 15:25:24,017 - nodes.e_symptom_extraction_node - INFO - 缺失信息: ['头晕的发作频率和持续时间是怎样的？是否伴随头痛或视力模糊？', '耳鸣是单侧还是双侧？持续性还是间歇性？是否有听力下降？', '腰膝酸软是否在劳累后加重？是否有下肢无力或麻木？', '口干咽燥是否持续存在？是否需要夜间频繁饮水？', '手心脚心发热是否伴有潮热或面部发热？每天发作几次？', '夜间盗汗严重程度如何？是否需要更换衣物或床单？', '失眠多梦的具体表现是什么？入睡困难、易醒还是早醒？每周发生几次？', '眼睛干涩是否伴有视物模糊或眼疲劳？是否使用电子屏幕时间较长？', '月经不调具体表现为周期延长或缩短？经量增多或减少？是否有痛经？', '是否有其他伴随症状，如心悸、乏力、体重变化或情绪波动？', '既往是否有慢性疾病（如糖尿病、甲状腺疾病）或妇科病史？', '近期是否有精神压力大、作息不规律或饮食改变？']
2025-08-10 15:25:24,017 - nodes.e_symptom_extraction_node - INFO - 提取到 9 个症状和 12 个缺失信息
2025-08-10 15:25:24,017 - nodes.e_symptom_extraction_node - INFO - 提取到9个症状，达到阈值2，信息充足
2025-08-10 15:25:24,019 - nodes.g_diagnosis_node - INFO - 开始中医辨证分析...
2025-08-10 15:25:51,504 - httpx - INFO - HTTP Request: POST https://dashscope.aliyuncs.com/compatible-mode/v1/chat/completions "HTTP/1.1 200 OK"
2025-08-10 15:25:51,520 - nodes.g_diagnosis_node - INFO - LLM原始输出: {'symptoms': '1. 未命名症状: 头晕 (严重程度: None, 持续时间: None)\n2. 未命名症状: 耳鸣 (严重程度: None, 持续时间: None)\n3. 未命名症状: 腰膝酸软 (严重程度: None, 持续时间: None)\n4. 未命名症状: 口干咽燥 (严重程度: None, 持续时间: None)\n5. 未命名症状: 手心脚心发热 (严重程度: None, 持续时间: None)\n6. 未命名症状: 夜间盗汗 (严重程度: None, 持续时间: None)\n7. 未命名症状: 失眠多梦 (严重程度: None, 持续时间: None)\n8. 未命名症状: 眼睛干涩 (严重程度: None, 持续时间: None)\n9. 未命名症状: 月经不调 (严重程度: None, 持续时间: None)', 'relevant_context': '[文档1] 来源: data/医藏-0869部/09伤寒-49本/09伤寒-49本/伤寒证治准绳-明-王肯堂.txt\n卷三\n\n\u3000\u3000阳明病\n\n\u3000\u3000（胃实不大便 自汗 不得卧 潮热 谵语 狂乱 循衣摸床 渴 呕）\n\n[文档2] 来源: data/医藏-0869部/09伤寒-49本/09伤寒-49本/证治准绳伤寒-明-王肯堂.txt\n卷三\n\n\u3000\u3000阳明病\n\n\u3000\u3000（胃实不大便 自汗 不得卧 潮热 谵语 狂乱 循衣摸床 渴 呕）\n\n[文档3] 来源: data/医藏-0869部/09医藏-0869部/09医藏-0869部/09伤寒-49本/伤寒证治准绳-明-王肯堂_20210525211840.txt\n卷三\n\n\u3000\u3000阳明病\n\n\u3000\u3000（胃实不大便 自汗 不得卧 潮热 谵语 狂乱 循衣摸床 渴 呕）\n\n[文档4] 来源: data/医藏-0869部/09医藏-0869部/09医藏-0869部/09伤寒-49本/证治准绳伤寒-明-王肯堂.txt\n卷三\n\n\u3000\u3000阳明病\n\n\u3000\u3000（胃实不大便 自汗 不得卧 潮热 谵语 狂乱 循衣摸床 渴 呕）\n', 'format_instructions': 'The output should be a markdown code snippet formatted in the following schema, including the leading and trailing "```json" and "```":\n\n```json\n{\n\t"pattern_type": string  // 中医辨证分型，如\'肝郁气滞\'、\'肾阳虚\'等\n\t"pathogenesis": string  // 中医病机分析，解释症状形成的机理\n\t"analysis": string  // 详细的辨证分析过程，包括如何从症状推导出证型\n\t"confidence": number  // 对该辨证结果的置信度，0到1之间的数值\n\t"differential_diagnosis": array  // 鉴别诊断，列出其他可能的证型及其可能性\n\t"stage": string  // 当前诊断阶段，应为\'diagnosis\'\n}\n```', 'text': {'pattern_type': '肾阴虚证', 'pathogenesis': '肾阴亏虚，髓海不足，耳窍失养则头晕耳鸣；腰为肾之府，肾虚则腰膝酸软；阴虚生内热，虚火上炎则口干咽燥、手足心热；阴不敛阳，虚火扰心，心神不宁则失眠多梦；阴虚火旺，迫津外泄则夜间盗汗；肝开窍于目，肾精亏虚则肝阴不足，目失所养故眼睛干涩；肾精亏虚，冲任失调，血海蓄溢失常则月经不调。整体病机为肾阴亏虚，虚火内扰，累及心、肝，导致多脏腑功能失调。', 'analysis': '患者表现为头晕、耳鸣、腰膝酸软，此为肾虚典型表现，因肾主骨生髓，开窍于耳，腰为肾之府，肾精不足则髓海空虚，耳窍失养，故见头晕耳鸣、腰膝酸软。口干咽燥、手足心发热、夜间盗汗均为阴虚内热之象，尤以五心烦热、盗汗为阴虚火旺之特征性表现。失眠多梦提示虚火扰心，心神不宁，心肾阴虚不能相济，心火偏亢所致。眼睛干涩属肝阴不足，而肝肾同源，肾阴亏虚常累及肝阴。月经不调为肾精亏虚，冲任二脉失养，血海不能按时满溢所致。综合上述症状，符合肾阴虚证的典型表现。八纲辨证属里、虚、热证；脏腑辨证以肾为主，兼及心、肝；气血津液辨证为阴液亏虚，虚火内扰。虽参考文献多提及阳明病实热证，但患者无潮热、谵语、自汗、便秘等阳明腑实表现，反见虚性症状，故可排除实热证，支持阴虚内热之虚热证。', 'confidence': 0.95, 'differential_diagnosis': [{'pattern': '肝肾阴虚证', 'possibility': 0.7, 'reason': '患者有眼睛干涩、头晕、月经不调等症，亦符合肝肾阴虚表现，但整体以肾虚症状为主，如腰膝酸软、耳鸣、盗汗等更为突出，故优先考虑肾阴虚为本，肝阴虚为次，未达肝肾同病之典型程度。'}, {'pattern': '心肾不交证', 'possibility': 0.6, 'reason': '失眠多梦、盗汗、心烦等可属心肾不交，但缺乏心悸、心烦明显、舌红少苔等典型心火亢盛表现，且肾阴虚为根本，心火偏亢为继发，故归于肾阴虚基础上的演变，而非独立证型。'}, {'pattern': '肺肾阴虚证', 'possibility': 0.3, 'reason': '口干咽燥可涉肺阴虚，但无干咳、痰少、咽痛等肺系症状，故肺阴虚证据不足，排除为主。'}, {'pattern': '阴虚火旺证（实热误判）', 'possibility': 0.2, 'reason': '虽有发热、盗汗等似实热表现，但无便秘、脉数有力、舌苔黄燥等实证征象，且症状皆为‘虚性发热’，故不属阳明实热或外感潮热，排除阳明病等实证。'}], 'stage': 'diagnosis'}}
2025-08-10 15:25:51,521 - nodes.g_diagnosis_node - INFO - LLM原始输出类型: <class 'dict'>
2025-08-10 15:25:51,521 - nodes.g_diagnosis_node - INFO - 解析后的输出: {'pattern_type': '肾阴虚证', 'pathogenesis': '肾阴亏虚，髓海不足，耳窍失养则头晕耳鸣；腰为肾之府，肾虚则腰膝酸软；阴虚生内热，虚火上炎则口干咽燥、手足心热；阴不敛阳，虚火扰心，心神不宁则失眠多梦；阴虚火旺，迫津外泄则夜间盗汗；肝开窍于目，肾精亏虚则肝阴不足，目失所养故眼睛干涩；肾精亏虚，冲任失调，血海蓄溢失常则月经不调。整体病机为肾阴亏虚，虚火内扰，累及心、肝，导致多脏腑功能失调。', 'analysis': '患者表现为头晕、耳鸣、腰膝酸软，此为肾虚典型表现，因肾主骨生髓，开窍于耳，腰为肾之府，肾精不足则髓海空虚，耳窍失养，故见头晕耳鸣、腰膝酸软。口干咽燥、手足心发热、夜间盗汗均为阴虚内热之象，尤以五心烦热、盗汗为阴虚火旺之特征性表现。失眠多梦提示虚火扰心，心神不宁，心肾阴虚不能相济，心火偏亢所致。眼睛干涩属肝阴不足，而肝肾同源，肾阴亏虚常累及肝阴。月经不调为肾精亏虚，冲任二脉失养，血海不能按时满溢所致。综合上述症状，符合肾阴虚证的典型表现。八纲辨证属里、虚、热证；脏腑辨证以肾为主，兼及心、肝；气血津液辨证为阴液亏虚，虚火内扰。虽参考文献多提及阳明病实热证，但患者无潮热、谵语、自汗、便秘等阳明腑实表现，反见虚性症状，故可排除实热证，支持阴虚内热之虚热证。', 'confidence': 0.95, 'differential_diagnosis': [{'pattern': '肝肾阴虚证', 'possibility': 0.7, 'reason': '患者有眼睛干涩、头晕、月经不调等症，亦符合肝肾阴虚表现，但整体以肾虚症状为主，如腰膝酸软、耳鸣、盗汗等更为突出，故优先考虑肾阴虚为本，肝阴虚为次，未达肝肾同病之典型程度。'}, {'pattern': '心肾不交证', 'possibility': 0.6, 'reason': '失眠多梦、盗汗、心烦等可属心肾不交，但缺乏心悸、心烦明显、舌红少苔等典型心火亢盛表现，且肾阴虚为根本，心火偏亢为继发，故归于肾阴虚基础上的演变，而非独立证型。'}, {'pattern': '肺肾阴虚证', 'possibility': 0.3, 'reason': '口干咽燥可涉肺阴虚，但无干咳、痰少、咽痛等肺系症状，故肺阴虚证据不足，排除为主。'}, {'pattern': '阴虚火旺证（实热误判）', 'possibility': 0.2, 'reason': '虽有发热、盗汗等似实热表现，但无便秘、脉数有力、舌苔黄燥等实证征象，且症状皆为‘虚性发热’，故不属阳明实热或外感潮热，排除阳明病等实证。'}], 'stage': 'diagnosis'}
2025-08-10 15:25:51,521 - nodes.g_diagnosis_node - INFO - 辨证分析完成，证型: 肾阴虚证, 置信度: 0.95
2025-08-10 15:25:51,523 - nodes.h_prescription_node - INFO - 开始生成处方推荐...
2025-08-10 15:26:21,843 - httpx - INFO - HTTP Request: POST https://dashscope.aliyuncs.com/compatible-mode/v1/chat/completions "HTTP/1.1 200 OK"
2025-08-10 15:26:21,861 - nodes.h_prescription_node - INFO - 整合最终响应...
2025-08-10 15:27:07,335 - httpx - INFO - HTTP Request: POST https://dashscope.aliyuncs.com/compatible-mode/v1/chat/completions "HTTP/1.1 200 OK"
2025-08-10 15:27:07,337 - nodes.h_prescription_node - INFO - 处方推荐和响应整合完成
2025-08-10 15:27:07,338 - nodes.j_response_safety_node - INFO - 未检测到安全违规
2025-08-10 15:27:07,339 - nodes.k_output_node - INFO - 输出处理完成，返回最终状态
2025-08-10 15:27:07,340 - graph - INFO - 图执行完成
2025-08-10 15:27:07,488 - TCMGraphTest - INFO - 执行成功: True
2025-08-10 15:27:07,488 - TCMGraphTest - INFO - 用户意图: diagnosis
2025-08-10 15:27:07,489 - TCMGraphTest - INFO - 提取症状数: 9
2025-08-10 15:27:07,489 - TCMGraphTest - INFO - 对话状态: prescription_complete
2025-08-10 15:27:07,489 - TCMGraphTest - INFO - 响应长度: 1882
2025-08-10 15:27:07,490 - TCMGraphTest - INFO - 响应时间: 123.82秒
2025-08-10 15:27:07,490 - TCMGraphTest - INFO - 诊断证型: 肾阴虚证
2025-08-10 15:27:07,490 - TCMGraphTest - INFO - 诊断置信度: 0.95
2025-08-10 15:27:07,490 - TCMGraphTest - INFO - 推荐方剂: 六味地黄丸
2025-08-10 15:27:07,490 - TCMGraphTest - INFO - 草药数量: 0
2025-08-10 15:27:07,491 - TCMGraphTest - INFO - 紧急情况检测: False
2025-08-10 15:27:07,491 - TCMGraphTest - INFO - 安全评分: N/A
2025-08-10 15:27:07,491 - TCMGraphTest - INFO - 整体质量评分: 78.1/100
2025-08-10 15:27:07,491 - TCMGraphTest - INFO - ------------------------------------------------------------
2025-08-10 15:27:07,491 - TCMGraphTest - INFO - 执行测试 11/12
2025-08-10 15:27:07,491 - TCMGraphTest - INFO - 测试用例: 性能测试 - 长文本输入
2025-08-10 15:27:07,491 - TCMGraphTest - INFO - 用户输入: 医生您好，我想详细描述一下我的症状，希望您能给我一个准确的诊断。我最近几个月来一直感觉身体不适，我最近几个月来一直感觉身体不适，我最近几个月来一直感觉身体不适，我最近几个月来一直感觉身体不适，我最近几个月来一直感觉身体不适，我最近几个月来一直感觉身体不适，我最近几个月来一直感觉身体不适，我最近几个月来一直感觉身体不适，我最近几个月来一直感觉身体不适，我最近几个月来一直感觉身体不适，我最近几个月来一直感觉身体不适，我最近几个月来一直感觉身体不适，我最近几个月来一直感觉身体不适，我最近几个月来一直感觉身体不适，我最近几个月来一直感觉身体不适，我最近几个月来一直感觉身体不适，我最近几个月来一直感觉身体不适，我最近几个月来一直感觉身体不适，我最近几个月来一直感觉身体不适，我最近几个月来一直感觉身体不适，主要症状是头晕、乏力、失眠。
2025-08-10 15:27:07,493 - graph - INFO - 开始处理用户输入: 医生您好，我想详细描述一下我的症状，希望您能给我一个准确的诊断。我最近几个月来一直感觉身体不适，我最近几个月来一直感觉身体不适，我最近几个月来一直感觉身体不适，我最近几个月来一直感觉身体不适，我最近几个月来一直感觉身体不适，我最近几个月来一直感觉身体不适，我最近几个月来一直感觉身体不适，我最近几个月来一直感觉身体不适，我最近几个月来一直感觉身体不适，我最近几个月来一直感觉身体不适，我最近几个月来一直感觉身体不适，我最近几个月来一直感觉身体不适，我最近几个月来一直感觉身体不适，我最近几个月来一直感觉身体不适，我最近几个月来一直感觉身体不适，我最近几个月来一直感觉身体不适，我最近几个月来一直感觉身体不适，我最近几个月来一直感觉身体不适，我最近几个月来一直感觉身体不适，我最近几个月来一直感觉身体不适，主要症状是头晕、乏力、失眠。
2025-08-10 15:27:07,493 - graph - INFO - 开始创建中医智能对话系统图...
2025-08-10 15:27:07,493 - nodes.c_rag_retrieval_node - INFO - 初始化RAG检索节点
2025-08-10 15:27:07,493 - RAG_system.embedding_model - INFO - 检测到GPU设备: NVIDIA GeForce RTX 4070 Laptop GPU, 共 1 个GPU
2025-08-10 15:27:07,493 - RAG_system.embedding_model - INFO - 嵌入模型管理器初始化成功，使用设备: cuda
2025-08-10 15:27:07,494 - RAG_system.retriever - INFO - 检索管理器初始化成功
2025-08-10 15:27:07,494 - RAG_system.embedding_model - INFO - 检测到GPU设备: NVIDIA GeForce RTX 4070 Laptop GPU, 共 1 个GPU
2025-08-10 15:27:07,494 - RAG_system.rag_manager - INFO - RAG管理器初始化成功，使用设备: cuda
2025-08-10 15:27:07,494 - RAG_system.rag_manager - INFO - 正在启动RAG管理器
2025-08-10 15:27:07,495 - RAG_system.rag_manager - INFO - 发现本地嵌入模型信息，正在加载
2025-08-10 15:27:07,496 - RAG_system.embedding_model - INFO - 正在加载嵌入模型: sentence-transformers/paraphrase-multilingual-MiniLM-L12-v2
2025-08-10 15:27:07,496 - RAG_system.embedding_model - INFO - 从本地加载嵌入模型: RAG_system/model\sentence-transformers_paraphrase-multilingual-MiniLM-L12-v2
2025-08-10 15:27:07,499 - sentence_transformers.SentenceTransformer - INFO - Load pretrained SentenceTransformer: RAG_system/model\sentence-transformers_paraphrase-multilingual-MiniLM-L12-v2
2025-08-10 15:27:07,499 - sentence_transformers.SentenceTransformer - WARNING - No sentence-transformers model found with name RAG_system/model\sentence-transformers_paraphrase-multilingual-MiniLM-L12-v2. Creating a new one with mean pooling.
2025-08-10 15:27:08,433 - RAG_system.embedding_model - INFO - 正在保存嵌入模型信息
2025-08-10 15:27:08,436 - RAG_system.embedding_model - INFO - 嵌入模型信息已保存到: RAG_system/model\model_info.json
2025-08-10 15:27:08,436 - RAG_system.embedding_model - INFO - 嵌入模型加载成功，使用设备: cuda
2025-08-10 15:27:08,437 - RAG_system.vector_store - INFO - 向量存储管理器初始化成功
2025-08-10 15:27:08,437 - RAG_system.rag_manager - INFO - 检查向量存储路径: RAG_system/RAG/vector_store\index.faiss
2025-08-10 15:27:08,437 - RAG_system.rag_manager - INFO - 发现本地向量存储，正在加载
2025-08-10 15:27:08,437 - RAG_system.vector_store - INFO - 正在从路径加载向量存储: vector_store
2025-08-10 15:27:11,124 - RAG_system.vector_store - INFO - 向量存储加载成功
2025-08-10 15:27:11,125 - RAG_system.retriever - INFO - 正在创建检索器
2025-08-10 15:27:11,125 - RAG_system.retriever - INFO - 检索器创建成功
2025-08-10 15:27:11,126 - RAG_system.rag_manager - INFO - RAG管理器启动成功
2025-08-10 15:27:11,126 - nodes.c_rag_retrieval_node - INFO - RAG检索节点初始化完成
2025-08-10 15:27:11,127 - graph - INFO - 添加所有节点...
2025-08-10 15:27:11,129 - graph - INFO - 配置节点间的路由逻辑...
2025-08-10 15:27:11,130 - graph - INFO - 编译图...
2025-08-10 15:27:11,131 - graph - INFO - 中医智能对话系统图创建完成
2025-08-10 15:27:11,132 - graph - INFO - 开始执行图...
2025-08-10 15:27:11,132 - nodes.a_input_node - INFO - 输入处理节点启动
2025-08-10 15:27:11,133 - nodes.a_input_node - INFO - 处理用户输入成功: '医生您好，我想详细描述一下我的症状，希望您能给我一个准确的诊...'
2025-08-10 15:27:11,133 - nodes.b_safety_guard_node - INFO - 安全检查节点启动
2025-08-10 15:27:11,134 - nodes.b_safety_guard_node - INFO - 安全检查通过，未检测到紧急关键词
2025-08-10 15:27:11,134 - nodes.c_rag_retrieval_node - INFO - RAG检索节点启动
2025-08-10 15:27:11,135 - nodes.c_rag_retrieval_node - INFO - 执行检索，查询：医生您好，我想详细描述一下我的症状，希望您能给我一个准确的诊断。我最近几个月来一直感觉身体不适，我最近几个月来一直感觉身体不适，我最近几个月来一直感觉身体不适，我最近几个月来一直感觉身体不适，我最近几个月来一直感觉身体不适，我最近几个月来一直感觉身体不适，我最近几个月来一直感觉身体不适，我最近几个月来一直感觉身体不适，我最近几个月来一直感觉身体不适，我最近几个月来一直感觉身体不适，我最近几个月来一直感觉身体不适，我最近几个月来一直感觉身体不适，我最近几个月来一直感觉身体不适，我最近几个月来一直感觉身体不适，我最近几个月来一直感觉身体不适，我最近几个月来一直感觉身体不适，我最近几个月来一直感觉身体不适，我最近几个月来一直感觉身体不适，我最近几个月来一直感觉身体不适，我最近几个月来一直感觉身体不适，主要症状是头晕、乏力、失眠。，k值：4
2025-08-10 15:27:11,135 - RAG_system.retriever - INFO - 正在执行检索操作，查询: 医生您好，我想详细描述一下我的症状，希望您能给我一个准确的诊断。我最近几个月来一直感觉身体不适，我最近几个月来一直感觉身体不适，我最近几个月来一直感觉身体不适，我最近几个月来一直感觉身体不适，我最近几个月来一直感觉身体不适，我最近几个月来一直感觉身体不适，我最近几个月来一直感觉身体不适，我最近几个月来一直感觉身体不适，我最近几个月来一直感觉身体不适，我最近几个月来一直感觉身体不适，我最近几个月来一直感觉身体不适，我最近几个月来一直感觉身体不适，我最近几个月来一直感觉身体不适，我最近几个月来一直感觉身体不适，我最近几个月来一直感觉身体不适，我最近几个月来一直感觉身体不适，我最近几个月来一直感觉身体不适，我最近几个月来一直感觉身体不适，我最近几个月来一直感觉身体不适，我最近几个月来一直感觉身体不适，主要症状是头晕、乏力、失眠。
2025-08-10 15:27:11,196 - RAG_system.retriever - INFO - 检索完成，返回 4 个结果
2025-08-10 15:27:11,197 - nodes.c_rag_retrieval_node - INFO - 成功提取上下文，共4个文档
2025-08-10 15:27:12,846 - httpx - INFO - HTTP Request: POST https://dashscope.aliyuncs.com/compatible-mode/v1/chat/completions "HTTP/1.1 200 OK"
2025-08-10 15:27:12,848 - nodes.d_recognize_intent_node - INFO - 意图识别结果: diagnosis (置信度: 1.0)
2025-08-10 15:27:12,848 - nodes.e_symptom_extraction_node - INFO - 开始提取症状...
2025-08-10 15:27:27,896 - httpx - INFO - HTTP Request: POST https://dashscope.aliyuncs.com/compatible-mode/v1/chat/completions "HTTP/1.1 200 OK"
2025-08-10 15:27:27,908 - nodes.e_symptom_extraction_node - INFO - LLM原始输出: {'user_input': '医生您好，我想详细描述一下我的症状，希望您能给我一个准确的诊断。我最近几个月来一直感觉身体不适，我最近几个月来一直感觉身体不适，我最近几个月来一直感觉身体不适，我最近几个月来一直感觉身体不适，我最近几个月来一直感觉身体不适，我最近几个月来一直感觉身体不适，我最近几个月来一直感觉身体不适，我最近几个月来一直感觉身体不适，我最近几个月来一直感觉身体不适，我最近几个月来一直感觉身体不适，我最近几个月来一直感觉身体不适，我最近几个月来一直感觉身体不适，我最近几个月来一直感觉身体不适，我最近几个月来一直感觉身体不适，我最近几个月来一直感觉身体不适，我最近几个月来一直感觉身体不适，我最近几个月来一直感觉身体不适，我最近几个月来一直感觉身体不适，我最近几个月来一直感觉身体不适，我最近几个月来一直感觉身体不适，主要症状是头晕、乏力、失眠。', 'message_history': 'human: 医生您好，我想详细描述一下我的症状，希望您能给我一个准确的诊断。我最近几个月来一直感觉身体不适，我最近几个月来一直感觉身体不适，我最近几个月来一直感觉身体不适，我最近几个月来一直感觉身体不适，我最近几个月来一直感觉身体不适，我最近几个月来一直感觉身体不适，我最近几个月来一直感觉身体不适，我最近几个月来一直感觉身体不适，我最近几个月来一直感觉身体不适，我最近几个月来一直感觉身体不适，我最近几个月来一直感觉身体不适，我最近几个月来一直感觉身体不适，我最近几个月来一直感觉身体不适，我最近几个月来一直感觉身体不适，我最近几个月来一直感觉身体不适，我最近几个月来一直感觉身体不适，我最近几个月来一直感觉身体不适，我最近几个月来一直感觉身体不适，我最近几个月来一直感觉身体不适，我最近几个月来一直感觉身体不适，主要症状是头晕、乏力、失眠。', 'relevant_context': '[文档1] 来源: data/医藏-0869部/09伤寒-49本/09伤寒-49本/重订通俗伤寒论-清-俞根.txt\n若系垢胎。必每月行经。须问其经行多少。及腹中果动否。此皆妇科扼要之问法也。至若景岳十问歌。一问寒热二问汗。三问头身四问便。五问饮食六问胸。七聋八渴俱当辨。九问旧病十问因。再兼服药参机变。妇人尤必问经期。恶露有无产后验。亦属问法之要略。惟赵晴初老医。谓诊病虽须详问。又当色脉合参。不可徇病患之言。为其所惑。\n\n\u3000\u3000【荣斋按】木章俞氏所讲和转载喻西昌等八家对于诊察伤寒的各种方法，是很符合现代“调查病史”的要求的。本节所谓“察新久”，就是采取“现下病史”和过去病史”，它不仅能给予诊断上许多佐证，而且在某些特殊条件下它还可以作为诊断的根据；这就是我们“四诊”中的“问诊”。我认为采取病史的范围，除本章所说各项外，还应该注意到：（一）起病的时间和情形──时间要愈准确愈好。可以用各种记时的方法，如某日几点几分钟或某日清晨、正午、黄昏或半夜，或起床前后，早饭前后，午饭前后……等。起病情形有骤起的（如大叶肺炎和疟疾），有渐起的（如伤寒），但也有不知不觉中而起病的（如各种慢性疾病）。（二）症状与时间的关系──各种症状的表现都有它一定时间的规律。如果忽略了它的时间性，则症状就失掉了它对诊断上的意义。\n\n\u3000\u3000如疟疾病患的发热，有间日一次的，也有三日一次的。每次发热时间有数十分钟的，也有几个钟点以上的。伤寒病患是继续不断的高热，而肺结核病患则是每日下午发微热。\n\n\u3000\u3000因此，要注意它发生的时间。（三）症状与症状之间的关系──各种症状的表现都是互相关联的，它们之间都有一定的关系。如疟疾病患应该是先发寒、再发热、后出汗，这三个疟疾的主要症状，有它们时间先后的关系，这种关系是诊断疟疾的标志。又如发热和头痛的关系，一般急性热病都是热度愈高的时候头痛愈厉害，热度降低头痛也减轻了。凭着这个关系就可以知道这个头痛是因为发热而起的，绝不是其他原因。因此，我们的问症状就应注意它们互相之间的关系，而不应把每一个症状孤立起来，否则，就会造成诊断上的错误。\n\n\u3000\u3000其他，如症状对生理功能的影响，症状本身的分析，各个系统详细状症的采取，可能致病的诱因等；都应该加以注意和考虑。至于询问“过去病史”，应根据现下病史的情形而变化，现下病史中那一个系统是最主要的症状，过去病史也应详细询问那个系统。所谓“新病引起旧病”如第九章伤寒夹证中的夹痰、夹血、夹疝、夹痨等，这些病史的早日获得，对诊断和将来的治疗是很有意义的。\n\n[文档2] 来源: data/医藏-0869部/09医藏-0869部/09医藏-0869部/09伤寒-49本/重订通俗伤寒论-清-俞根.txt\n若系垢胎。必每月行经。须问其经行多少。及腹中果动否。此皆妇科扼要之问法也。至若景岳十问歌。一问寒热二问汗。三问头身四问便。五问饮食六问胸。七聋八渴俱当辨。九问旧病十问因。再兼服药参机变。妇人尤必问经期。恶露有无产后验。亦属问法之要略。惟赵晴初老医。谓诊病虽须详问。又当色脉合参。不可徇病患之言。为其所惑。\n\n\u3000\u3000【荣斋按】木章俞氏所讲和转载喻西昌等八家对于诊察伤寒的各种方法，是很符合现代“调查病史”的要求的。本节所谓“察新久”，就是采取“现下病史”和过去病史”，它不仅能给予诊断上许多佐证，而且在某些特殊条件下它还可以作为诊断的根据；这就是我们“四诊”中的“问诊”。我认为采取病史的范围，除本章所说各项外，还应该注意到：（一）起病的时间和情形──时间要愈准确愈好。可以用各种记时的方法，如某日几点几分钟或某日清晨、正午、黄昏或半夜，或起床前后，早饭前后，午饭前后……等。起病情形有骤起的（如大叶肺炎和疟疾），有渐起的（如伤寒），但也有不知不觉中而起病的（如各种慢性疾病）。（二）症状与时间的关系──各种症状的表现都有它一定时间的规律。如果忽略了它的时间性，则症状就失掉了它对诊断上的意义。\n\n\u3000\u3000如疟疾病患的发热，有间日一次的，也有三日一次的。每次发热时间有数十分钟的，也有几个钟点以上的。伤寒病患是继续不断的高热，而肺结核病患则是每日下午发微热。\n\n\u3000\u3000因此，要注意它发生的时间。（三）症状与症状之间的关系──各种症状的表现都是互相关联的，它们之间都有一定的关系。如疟疾病患应该是先发寒、再发热、后出汗，这三个疟疾的主要症状，有它们时间先后的关系，这种关系是诊断疟疾的标志。又如发热和头痛的关系，一般急性热病都是热度愈高的时候头痛愈厉害，热度降低头痛也减轻了。凭着这个关系就可以知道这个头痛是因为发热而起的，绝不是其他原因。因此，我们的问症状就应注意它们互相之间的关系，而不应把每一个症状孤立起来，否则，就会造成诊断上的错误。\n\n\u3000\u3000其他，如症状对生理功能的影响，症状本身的分析，各个系统详细状症的采取，可能致病的诱因等；都应该加以注意和考虑。至于询问“过去病史”，应根据现下病史的情形而变化，现下病史中那一个系统是最主要的症状，过去病史也应详细询问那个系统。所谓“新病引起旧病”如第九章伤寒夹证中的夹痰、夹血、夹疝、夹痨等，这些病史的早日获得，对诊断和将来的治疗是很有意义的。\n\n[文档3] 来源: data/医藏-0869部/09伤寒-49本/09伤寒-49本/重订通俗伤寒论-清-俞根.txt\n【荣斋按】“黄耳伤寒”这病名不知起于何时？我最初看到的，是张石顽《伤寒绪论》，他说：“黄耳者，耳中策策痛，两耳叶黄，风入于肾也；卒然变恶寒发热，脊强直如痉状，此属太阳类伤寒也。”所谓“黄耳”，大概由于“两耳叶黄”，从症状中得出了病名。至于这些症状，巢氏《诸病源候总论》已有记载，他说：“凡患耳中策策痛者，皆是风入于肾之经也；不治流入肾，则卒然变脊强直成痉也。”不过，巢氏所载，无“恶寒发热”，因此，也就不名“类伤寒”。现下我觉得“黄耳”病名，似始于张石顽，症状则早见于巢元方，其间递嬗变易，有同有异，与俞氏所述。更有不同之外。据本节所列症状，相当于西医书的“耳疖”和“中耳炎”；西医书描写耳疖的症状说：“常有强度耳痛，尤于夜间为甚，患部皮肤红肿，且可波及耳壳周遭，全身恶寒战栗，或有发高热者。”描述中耳炎的症状是：“全身症状──常发高热，恶寒战栗、呕吐、头痛、不安等，与其他急性传染病之症状同。若发生于小孩，则可有脑膜刺激症状，如感觉过敏，痉挛、呕吐、谵语与真性脑膜炎同。局部症状──患侧有听力障碍，耳痛、耳鸣、耳内搏动感等。”（以上是概括大意，非原文。）从中西医学理论所记录的症状，互相对勘，似乎“黄耳伤寒”的名称，不十分妥贴。至于治法，则俞何两先生所采集的验方，是足够应用的。\n\n\u3000\u3000第八章·伤寒兼证\n\n\u3000\u3000第十七节·赤膈伤寒\n\n\u3000\u3000【因】风温时毒。先犯少阳阳明。续被暴寒搏动而发。乃三阳合病。状类伤寒。以其胸膈赤肿热痛。故见形定名曰赤膈伤寒。病亦多发于春令。\n\n\u3000\u3000【证】初起先发热恶寒。头疼身痛。继即胸膈 赤肿病HT 。甚或外发紫 。舌苔边红。中黄糙起刺。甚或黄中夹现黑点。若胸中剧疼。口秽喷人。痰嗽气喘。咯出浊唾腥臭者。毒已内陷伤肺。欲酿内痈。舌苔多白浓起腐。\n\n\u3000\u3000【脉】左浮弦急数。右洪盛弦滑者。张石顽所谓赤膈属少阳风热。非正伤寒。实则二阳合病之风温时毒。猝被太阳客寒引动而发也。\n\n\u3000\u3000【治】法当内外兼施。内治、轻则荆防败毒散加减。冲犀角汁（一瓢）。金汁（一两）。重则通圣消毒散加减。（方载大头伤寒治法中）。表里双解以逐毒。表证已退。\n\n[文档4] 来源: data/医藏-0869部/09医藏-0869部/09医藏-0869部/09伤寒-49本/重订通俗伤寒论-清-俞根.txt\n【荣斋按】“黄耳伤寒”这病名不知起于何时？我最初看到的，是张石顽《伤寒绪论》，他说：“黄耳者，耳中策策痛，两耳叶黄，风入于肾也；卒然变恶寒发热，脊强直如痉状，此属太阳类伤寒也。”所谓“黄耳”，大概由于“两耳叶黄”，从症状中得出了病名。至于这些症状，巢氏《诸病源候总论》已有记载，他说：“凡患耳中策策痛者，皆是风入于肾之经也；不治流入肾，则卒然变脊强直成痉也。”不过，巢氏所载，无“恶寒发热”，因此，也就不名“类伤寒”。现下我觉得“黄耳”病名，似始于张石顽，症状则早见于巢元方，其间递嬗变易，有同有异，与俞氏所述。更有不同之外。据本节所列症状，相当于西医书的“耳疖”和“中耳炎”；西医书描写耳疖的症状说：“常有强度耳痛，尤于夜间为甚，患部皮肤红肿，且可波及耳壳周遭，全身恶寒战栗，或有发高热者。”描述中耳炎的症状是：“全身症状──常发高热，恶寒战栗、呕吐、头痛、不安等，与其他急性传染病之症状同。若发生于小孩，则可有脑膜刺激症状，如感觉过敏，痉挛、呕吐、谵语与真性脑膜炎同。局部症状──患侧有听力障碍，耳痛、耳鸣、耳内搏动感等。”（以上是概括大意，非原文。）从中西医学理论所记录的症状，互相对勘，似乎“黄耳伤寒”的名称，不十分妥贴。至于治法，则俞何两先生所采集的验方，是足够应用的。\n\n\u3000\u3000第八章·伤寒兼证\n\n\u3000\u3000第十七节·赤膈伤寒\n\n\u3000\u3000【因】风温时毒。先犯少阳阳明。续被暴寒搏动而发。乃三阳合病。状类伤寒。以其胸膈赤肿热痛。故见形定名曰赤膈伤寒。病亦多发于春令。\n\n\u3000\u3000【证】初起先发热恶寒。头疼身痛。继即胸膈 赤肿病HT 。甚或外发紫 。舌苔边红。中黄糙起刺。甚或黄中夹现黑点。若胸中剧疼。口秽喷人。痰嗽气喘。咯出浊唾腥臭者。毒已内陷伤肺。欲酿内痈。舌苔多白浓起腐。\n\n\u3000\u3000【脉】左浮弦急数。右洪盛弦滑者。张石顽所谓赤膈属少阳风热。非正伤寒。实则二阳合病之风温时毒。猝被太阳客寒引动而发也。\n\n\u3000\u3000【治】法当内外兼施。内治、轻则荆防败毒散加减。冲犀角汁（一瓢）。金汁（一两）。重则通圣消毒散加减。（方载大头伤寒治法中）。表里双解以逐毒。表证已退。\n', 'format_instructions': 'The output should be a markdown code snippet formatted in the following schema, including the leading and trailing "```json" and "```":\n\n```json\n{\n\t"symptoms": array  // 从用户描述中提取的症状列表，每个症状应包含症状名称、描述、严重程度和持续时间\n\t"missing_info": array  // 需要从用户那里获取的缺失信息列表，这些信息对诊断很重要\n\t"stage": string  // 当前会话阶段，应为\'symptom_collection\'\n}\n```', 'text': {'symptoms': [{'symptom_name': '头晕', 'description': '主要症状之一，持续数月', 'severity': None, 'duration': '最近几个月'}, {'symptom_name': '乏力', 'description': '主要症状之一，持续数月', 'severity': None, 'duration': '最近几个月'}, {'symptom_name': '失眠', 'description': '主要症状之一，持续数月', 'severity': None, 'duration': '最近几个月'}], 'missing_info': ['头晕的具体性质（如旋转性、昏沉感、体位相关等）及其发作时间规律（持续性或间歇性）', '乏力的严重程度及是否与活动、休息相关，是否伴随肌肉无力或体重变化', '失眠的具体表现（入睡困难、早醒、多梦等）及每周发生频率', '是否有伴随症状，如头痛、心悸、出汗、发热、恶心、耳鸣等', '症状的起病方式（突然或逐渐）及是否有明确诱因（如压力、感染、外伤等）', '既往病史，包括慢性疾病（如高血压、糖尿病、贫血、甲状腺疾病）、精神疾病（如焦虑、抑郁）或神经系统疾病', '月经史（如适用）：经期是否规律、经量多少、有无痛经', '饮食、体重变化情况：近期是否有食欲减退、体重下降或增加', '排便、排尿情况：是否有便秘、腹泻、尿频、尿急等', '是否有寒热表现：是否发热、恶寒、盗汗等', '是否有汗出异常', '胸腹部症状：如胸闷、胸痛、腹痛、腹胀等', '精神情绪状态：是否焦虑、抑郁、情绪波动', '近期服药史或治疗情况：是否服用过任何药物（如镇静剂、降压药等）', '睡眠质量的具体影响：每日睡眠时长、是否白天嗜睡'], 'stage': 'symptom_collection'}}
2025-08-10 15:27:27,910 - nodes.e_symptom_extraction_node - INFO - 解析后的输出: {'symptoms': [{'symptom_name': '头晕', 'description': '主要症状之一，持续数月', 'severity': None, 'duration': '最近几个月'}, {'symptom_name': '乏力', 'description': '主要症状之一，持续数月', 'severity': None, 'duration': '最近几个月'}, {'symptom_name': '失眠', 'description': '主要症状之一，持续数月', 'severity': None, 'duration': '最近几个月'}], 'missing_info': ['头晕的具体性质（如旋转性、昏沉感、体位相关等）及其发作时间规律（持续性或间歇性）', '乏力的严重程度及是否与活动、休息相关，是否伴随肌肉无力或体重变化', '失眠的具体表现（入睡困难、早醒、多梦等）及每周发生频率', '是否有伴随症状，如头痛、心悸、出汗、发热、恶心、耳鸣等', '症状的起病方式（突然或逐渐）及是否有明确诱因（如压力、感染、外伤等）', '既往病史，包括慢性疾病（如高血压、糖尿病、贫血、甲状腺疾病）、精神疾病（如焦虑、抑郁）或神经系统疾病', '月经史（如适用）：经期是否规律、经量多少、有无痛经', '饮食、体重变化情况：近期是否有食欲减退、体重下降或增加', '排便、排尿情况：是否有便秘、腹泻、尿频、尿急等', '是否有寒热表现：是否发热、恶寒、盗汗等', '是否有汗出异常', '胸腹部症状：如胸闷、胸痛、腹痛、腹胀等', '精神情绪状态：是否焦虑、抑郁、情绪波动', '近期服药史或治疗情况：是否服用过任何药物（如镇静剂、降压药等）', '睡眠质量的具体影响：每日睡眠时长、是否白天嗜睡'], 'stage': 'symptom_collection'}
2025-08-10 15:27:27,911 - nodes.e_symptom_extraction_node - INFO - 症状: [{'symptom_name': '头晕', 'description': '主要症状之一，持续数月', 'severity': None, 'duration': '最近几个月'}, {'symptom_name': '乏力', 'description': '主要症状之一，持续数月', 'severity': None, 'duration': '最近几个月'}, {'symptom_name': '失眠', 'description': '主要症状之一，持续数月', 'severity': None, 'duration': '最近几个月'}]
2025-08-10 15:27:27,911 - nodes.e_symptom_extraction_node - INFO - 缺失信息: ['头晕的具体性质（如旋转性、昏沉感、体位相关等）及其发作时间规律（持续性或间歇性）', '乏力的严重程度及是否与活动、休息相关，是否伴随肌肉无力或体重变化', '失眠的具体表现（入睡困难、早醒、多梦等）及每周发生频率', '是否有伴随症状，如头痛、心悸、出汗、发热、恶心、耳鸣等', '症状的起病方式（突然或逐渐）及是否有明确诱因（如压力、感染、外伤等）', '既往病史，包括慢性疾病（如高血压、糖尿病、贫血、甲状腺疾病）、精神疾病（如焦虑、抑郁）或神经系统疾病', '月经史（如适用）：经期是否规律、经量多少、有无痛经', '饮食、体重变化情况：近期是否有食欲减退、体重下降或增加', '排便、排尿情况：是否有便秘、腹泻、尿频、尿急等', '是否有寒热表现：是否发热、恶寒、盗汗等', '是否有汗出异常', '胸腹部症状：如胸闷、胸痛、腹痛、腹胀等', '精神情绪状态：是否焦虑、抑郁、情绪波动', '近期服药史或治疗情况：是否服用过任何药物（如镇静剂、降压药等）', '睡眠质量的具体影响：每日睡眠时长、是否白天嗜睡']
2025-08-10 15:27:27,912 - nodes.e_symptom_extraction_node - INFO - 提取到 3 个症状和 15 个缺失信息
2025-08-10 15:27:27,912 - nodes.e_symptom_extraction_node - INFO - 提取到3个症状，达到阈值2，信息充足
2025-08-10 15:27:27,913 - nodes.g_diagnosis_node - INFO - 开始中医辨证分析...
2025-08-10 15:27:49,990 - httpx - INFO - HTTP Request: POST https://dashscope.aliyuncs.com/compatible-mode/v1/chat/completions "HTTP/1.1 200 OK"
2025-08-10 15:27:50,003 - nodes.g_diagnosis_node - INFO - LLM原始输出: {'symptoms': '1. 未命名症状: 主要症状之一，持续数月 (严重程度: None, 持续时间: 最近几个月)\n2. 未命名症状: 主要症状之一，持续数月 (严重程度: None, 持续时间: 最近几个月)\n3. 未命名症状: 主要症状之一，持续数月 (严重程度: None, 持续时间: 最近几个月)', 'relevant_context': '[文档1] 来源: data/医藏-0869部/09伤寒-49本/09伤寒-49本/重订通俗伤寒论-清-俞根.txt\n若系垢胎。必每月行经。须问其经行多少。及腹中果动否。此皆妇科扼要之问法也。至若景岳十问歌。一问寒热二问汗。三问头身四问便。五问饮食六问胸。七聋八渴俱当辨。九问旧病十问因。再兼服药参机变。妇人尤必问经期。恶露有无产后验。亦属问法之要略。惟赵晴初老医。谓诊病虽须详问。又当色脉合参。不可徇病患之言。为其所惑。\n\n\u3000\u3000【荣斋按】木章俞氏所讲和转载喻西昌等八家对于诊察伤寒的各种方法，是很符合现代“调查病史”的要求的。本节所谓“察新久”，就是采取“现下病史”和过去病史”，它不仅能给予诊断上许多佐证，而且在某些特殊条件下它还可以作为诊断的根据；这就是我们“四诊”中的“问诊”。我认为采取病史的范围，除本章所说各项外，还应该注意到：（一）起病的时间和情形──时间要愈准确愈好。可以用各种记时的方法，如某日几点几分钟或某日清晨、正午、黄昏或半夜，或起床前后，早饭前后，午饭前后……等。起病情形有骤起的（如大叶肺炎和疟疾），有渐起的（如伤寒），但也有不知不觉中而起病的（如各种慢性疾病）。（二）症状与时间的关系──各种症状的表现都有它一定时间的规律。如果忽略了它的时间性，则症状就失掉了它对诊断上的意义。\n\n\u3000\u3000如疟疾病患的发热，有间日一次的，也有三日一次的。每次发热时间有数十分钟的，也有几个钟点以上的。伤寒病患是继续不断的高热，而肺结核病患则是每日下午发微热。\n\n\u3000\u3000因此，要注意它发生的时间。（三）症状与症状之间的关系──各种症状的表现都是互相关联的，它们之间都有一定的关系。如疟疾病患应该是先发寒、再发热、后出汗，这三个疟疾的主要症状，有它们时间先后的关系，这种关系是诊断疟疾的标志。又如发热和头痛的关系，一般急性热病都是热度愈高的时候头痛愈厉害，热度降低头痛也减轻了。凭着这个关系就可以知道这个头痛是因为发热而起的，绝不是其他原因。因此，我们的问症状就应注意它们互相之间的关系，而不应把每一个症状孤立起来，否则，就会造成诊断上的错误。\n\n\u3000\u3000其他，如症状对生理功能的影响，症状本身的分析，各个系统详细状症的采取，可能致病的诱因等；都应该加以注意和考虑。至于询问“过去病史”，应根据现下病史的情形而变化，现下病史中那一个系统是最主要的症状，过去病史也应详细询问那个系统。所谓“新病引起旧病”如第九章伤寒夹证中的夹痰、夹血、夹疝、夹痨等，这些病史的早日获得，对诊断和将来的治疗是很有意义的。\n\n[文档2] 来源: data/医藏-0869部/09医藏-0869部/09医藏-0869部/09伤寒-49本/重订通俗伤寒论-清-俞根.txt\n若系垢胎。必每月行经。须问其经行多少。及腹中果动否。此皆妇科扼要之问法也。至若景岳十问歌。一问寒热二问汗。三问头身四问便。五问饮食六问胸。七聋八渴俱当辨。九问旧病十问因。再兼服药参机变。妇人尤必问经期。恶露有无产后验。亦属问法之要略。惟赵晴初老医。谓诊病虽须详问。又当色脉合参。不可徇病患之言。为其所惑。\n\n\u3000\u3000【荣斋按】木章俞氏所讲和转载喻西昌等八家对于诊察伤寒的各种方法，是很符合现代“调查病史”的要求的。本节所谓“察新久”，就是采取“现下病史”和过去病史”，它不仅能给予诊断上许多佐证，而且在某些特殊条件下它还可以作为诊断的根据；这就是我们“四诊”中的“问诊”。我认为采取病史的范围，除本章所说各项外，还应该注意到：（一）起病的时间和情形──时间要愈准确愈好。可以用各种记时的方法，如某日几点几分钟或某日清晨、正午、黄昏或半夜，或起床前后，早饭前后，午饭前后……等。起病情形有骤起的（如大叶肺炎和疟疾），有渐起的（如伤寒），但也有不知不觉中而起病的（如各种慢性疾病）。（二）症状与时间的关系──各种症状的表现都有它一定时间的规律。如果忽略了它的时间性，则症状就失掉了它对诊断上的意义。\n\n\u3000\u3000如疟疾病患的发热，有间日一次的，也有三日一次的。每次发热时间有数十分钟的，也有几个钟点以上的。伤寒病患是继续不断的高热，而肺结核病患则是每日下午发微热。\n\n\u3000\u3000因此，要注意它发生的时间。（三）症状与症状之间的关系──各种症状的表现都是互相关联的，它们之间都有一定的关系。如疟疾病患应该是先发寒、再发热、后出汗，这三个疟疾的主要症状，有它们时间先后的关系，这种关系是诊断疟疾的标志。又如发热和头痛的关系，一般急性热病都是热度愈高的时候头痛愈厉害，热度降低头痛也减轻了。凭着这个关系就可以知道这个头痛是因为发热而起的，绝不是其他原因。因此，我们的问症状就应注意它们互相之间的关系，而不应把每一个症状孤立起来，否则，就会造成诊断上的错误。\n\n\u3000\u3000其他，如症状对生理功能的影响，症状本身的分析，各个系统详细状症的采取，可能致病的诱因等；都应该加以注意和考虑。至于询问“过去病史”，应根据现下病史的情形而变化，现下病史中那一个系统是最主要的症状，过去病史也应详细询问那个系统。所谓“新病引起旧病”如第九章伤寒夹证中的夹痰、夹血、夹疝、夹痨等，这些病史的早日获得，对诊断和将来的治疗是很有意义的。\n\n[文档3] 来源: data/医藏-0869部/09伤寒-49本/09伤寒-49本/重订通俗伤寒论-清-俞根.txt\n【荣斋按】“黄耳伤寒”这病名不知起于何时？我最初看到的，是张石顽《伤寒绪论》，他说：“黄耳者，耳中策策痛，两耳叶黄，风入于肾也；卒然变恶寒发热，脊强直如痉状，此属太阳类伤寒也。”所谓“黄耳”，大概由于“两耳叶黄”，从症状中得出了病名。至于这些症状，巢氏《诸病源候总论》已有记载，他说：“凡患耳中策策痛者，皆是风入于肾之经也；不治流入肾，则卒然变脊强直成痉也。”不过，巢氏所载，无“恶寒发热”，因此，也就不名“类伤寒”。现下我觉得“黄耳”病名，似始于张石顽，症状则早见于巢元方，其间递嬗变易，有同有异，与俞氏所述。更有不同之外。据本节所列症状，相当于西医书的“耳疖”和“中耳炎”；西医书描写耳疖的症状说：“常有强度耳痛，尤于夜间为甚，患部皮肤红肿，且可波及耳壳周遭，全身恶寒战栗，或有发高热者。”描述中耳炎的症状是：“全身症状──常发高热，恶寒战栗、呕吐、头痛、不安等，与其他急性传染病之症状同。若发生于小孩，则可有脑膜刺激症状，如感觉过敏，痉挛、呕吐、谵语与真性脑膜炎同。局部症状──患侧有听力障碍，耳痛、耳鸣、耳内搏动感等。”（以上是概括大意，非原文。）从中西医学理论所记录的症状，互相对勘，似乎“黄耳伤寒”的名称，不十分妥贴。至于治法，则俞何两先生所采集的验方，是足够应用的。\n\n\u3000\u3000第八章·伤寒兼证\n\n\u3000\u3000第十七节·赤膈伤寒\n\n\u3000\u3000【因】风温时毒。先犯少阳阳明。续被暴寒搏动而发。乃三阳合病。状类伤寒。以其胸膈赤肿热痛。故见形定名曰赤膈伤寒。病亦多发于春令。\n\n\u3000\u3000【证】初起先发热恶寒。头疼身痛。继即胸膈 赤肿病HT 。甚或外发紫 。舌苔边红。中黄糙起刺。甚或黄中夹现黑点。若胸中剧疼。口秽喷人。痰嗽气喘。咯出浊唾腥臭者。毒已内陷伤肺。欲酿内痈。舌苔多白浓起腐。\n\n\u3000\u3000【脉】左浮弦急数。右洪盛弦滑者。张石顽所谓赤膈属少阳风热。非正伤寒。实则二阳合病之风温时毒。猝被太阳客寒引动而发也。\n\n\u3000\u3000【治】法当内外兼施。内治、轻则荆防败毒散加减。冲犀角汁（一瓢）。金汁（一两）。重则通圣消毒散加减。（方载大头伤寒治法中）。表里双解以逐毒。表证已退。\n\n[文档4] 来源: data/医藏-0869部/09医藏-0869部/09医藏-0869部/09伤寒-49本/重订通俗伤寒论-清-俞根.txt\n【荣斋按】“黄耳伤寒”这病名不知起于何时？我最初看到的，是张石顽《伤寒绪论》，他说：“黄耳者，耳中策策痛，两耳叶黄，风入于肾也；卒然变恶寒发热，脊强直如痉状，此属太阳类伤寒也。”所谓“黄耳”，大概由于“两耳叶黄”，从症状中得出了病名。至于这些症状，巢氏《诸病源候总论》已有记载，他说：“凡患耳中策策痛者，皆是风入于肾之经也；不治流入肾，则卒然变脊强直成痉也。”不过，巢氏所载，无“恶寒发热”，因此，也就不名“类伤寒”。现下我觉得“黄耳”病名，似始于张石顽，症状则早见于巢元方，其间递嬗变易，有同有异，与俞氏所述。更有不同之外。据本节所列症状，相当于西医书的“耳疖”和“中耳炎”；西医书描写耳疖的症状说：“常有强度耳痛，尤于夜间为甚，患部皮肤红肿，且可波及耳壳周遭，全身恶寒战栗，或有发高热者。”描述中耳炎的症状是：“全身症状──常发高热，恶寒战栗、呕吐、头痛、不安等，与其他急性传染病之症状同。若发生于小孩，则可有脑膜刺激症状，如感觉过敏，痉挛、呕吐、谵语与真性脑膜炎同。局部症状──患侧有听力障碍，耳痛、耳鸣、耳内搏动感等。”（以上是概括大意，非原文。）从中西医学理论所记录的症状，互相对勘，似乎“黄耳伤寒”的名称，不十分妥贴。至于治法，则俞何两先生所采集的验方，是足够应用的。\n\n\u3000\u3000第八章·伤寒兼证\n\n\u3000\u3000第十七节·赤膈伤寒\n\n\u3000\u3000【因】风温时毒。先犯少阳阳明。续被暴寒搏动而发。乃三阳合病。状类伤寒。以其胸膈赤肿热痛。故见形定名曰赤膈伤寒。病亦多发于春令。\n\n\u3000\u3000【证】初起先发热恶寒。头疼身痛。继即胸膈 赤肿病HT 。甚或外发紫 。舌苔边红。中黄糙起刺。甚或黄中夹现黑点。若胸中剧疼。口秽喷人。痰嗽气喘。咯出浊唾腥臭者。毒已内陷伤肺。欲酿内痈。舌苔多白浓起腐。\n\n\u3000\u3000【脉】左浮弦急数。右洪盛弦滑者。张石顽所谓赤膈属少阳风热。非正伤寒。实则二阳合病之风温时毒。猝被太阳客寒引动而发也。\n\n\u3000\u3000【治】法当内外兼施。内治、轻则荆防败毒散加减。冲犀角汁（一瓢）。金汁（一两）。重则通圣消毒散加减。（方载大头伤寒治法中）。表里双解以逐毒。表证已退。\n', 'format_instructions': 'The output should be a markdown code snippet formatted in the following schema, including the leading and trailing "```json" and "```":\n\n```json\n{\n\t"pattern_type": string  // 中医辨证分型，如\'肝郁气滞\'、\'肾阳虚\'等\n\t"pathogenesis": string  // 中医病机分析，解释症状形成的机理\n\t"analysis": string  // 详细的辨证分析过程，包括如何从症状推导出证型\n\t"confidence": number  // 对该辨证结果的置信度，0到1之间的数值\n\t"differential_diagnosis": array  // 鉴别诊断，列出其他可能的证型及其可能性\n\t"stage": string  // 当前诊断阶段，应为\'diagnosis\'\n}\n```', 'text': {'pattern_type': '信息不足，无法确定具体证型', 'pathogenesis': '由于患者症状未明确命名，缺乏具体的临床表现描述（如寒热、汗出、头身不适、二便、饮食、胸腹症状等），无法准确判断病位、病性及邪正关系，故不能确立确切的中医病机。根据《景岳十问歌》及《重订通俗伤寒论》所强调的问诊要点，辨证需结合寒热、汗出、头身、二便、饮食、胸胁、经期、旧病史等系统信息，当前资料严重不足，难以推导病机。', 'analysis': '中医辨证强调四诊合参，尤其以问诊为获取病情信息的关键手段。根据提供的文档内容，特别是《景岳十问歌》与俞根初《重订通俗伤寒论》的论述，辨证必须详问：寒热、汗出、头身疼痛、二便情况、饮食胸胁症状、既往病史、诱因、经期等。而本病例中，三个主要症状均未命名，且无任何具体描述（如疼痛性质、寒热特点、时间规律、伴随症状等），亦无舌象、脉象、起病时间、诱因、既往史等关键信息。因此，无法进行八纲辨证（表里、寒热、虚实、阴阳）的判断，也无法定位于五脏六腑或六经，更无法分析气血津液的盛衰与运行状态。例如，若症状涉及发热，需辨别是壮热、潮热还是微热，是否伴有恶寒；若涉及疼痛，需辨其部位、性质、持续时间及与寒热饮食的关系。目前信息完全缺失，故无法完成基本辨证逻辑链条。', 'confidence': 0.0, 'differential_diagnosis': [{'pattern': '肝郁气滞', 'reason': '可能性无法评估。典型症状如胁肋胀痛、情绪抑郁、脉弦等均未提及，无支持依据。'}, {'pattern': '脾虚湿盛', 'reason': '可能性无法评估。虽慢性病程可考虑虚证，但无纳差、便溏、乏力、舌胖有齿痕等表现，无法支持。'}, {'pattern': '肾阳虚', 'reason': '可能性无法评估。无畏寒肢冷、腰膝酸软、夜尿频多等典型症状，无法判断。'}, {'pattern': '阴虚火旺', 'reason': '可能性无法评估。无潮热盗汗、五心烦热、舌红少苔等表现，缺乏依据。'}, {'pattern': '外感风寒', 'reason': '可能性无法评估。虽提及‘伤寒’相关文献，但患者无发热恶寒、头身疼痛、脉浮等表证表现，无法确认。'}], 'stage': 'diagnosis'}}
2025-08-10 15:27:50,005 - nodes.g_diagnosis_node - INFO - LLM原始输出类型: <class 'dict'>
2025-08-10 15:27:50,005 - nodes.g_diagnosis_node - INFO - 解析后的输出: {'pattern_type': '信息不足，无法确定具体证型', 'pathogenesis': '由于患者症状未明确命名，缺乏具体的临床表现描述（如寒热、汗出、头身不适、二便、饮食、胸腹症状等），无法准确判断病位、病性及邪正关系，故不能确立确切的中医病机。根据《景岳十问歌》及《重订通俗伤寒论》所强调的问诊要点，辨证需结合寒热、汗出、头身、二便、饮食、胸胁、经期、旧病史等系统信息，当前资料严重不足，难以推导病机。', 'analysis': '中医辨证强调四诊合参，尤其以问诊为获取病情信息的关键手段。根据提供的文档内容，特别是《景岳十问歌》与俞根初《重订通俗伤寒论》的论述，辨证必须详问：寒热、汗出、头身疼痛、二便情况、饮食胸胁症状、既往病史、诱因、经期等。而本病例中，三个主要症状均未命名，且无任何具体描述（如疼痛性质、寒热特点、时间规律、伴随症状等），亦无舌象、脉象、起病时间、诱因、既往史等关键信息。因此，无法进行八纲辨证（表里、寒热、虚实、阴阳）的判断，也无法定位于五脏六腑或六经，更无法分析气血津液的盛衰与运行状态。例如，若症状涉及发热，需辨别是壮热、潮热还是微热，是否伴有恶寒；若涉及疼痛，需辨其部位、性质、持续时间及与寒热饮食的关系。目前信息完全缺失，故无法完成基本辨证逻辑链条。', 'confidence': 0.0, 'differential_diagnosis': [{'pattern': '肝郁气滞', 'reason': '可能性无法评估。典型症状如胁肋胀痛、情绪抑郁、脉弦等均未提及，无支持依据。'}, {'pattern': '脾虚湿盛', 'reason': '可能性无法评估。虽慢性病程可考虑虚证，但无纳差、便溏、乏力、舌胖有齿痕等表现，无法支持。'}, {'pattern': '肾阳虚', 'reason': '可能性无法评估。无畏寒肢冷、腰膝酸软、夜尿频多等典型症状，无法判断。'}, {'pattern': '阴虚火旺', 'reason': '可能性无法评估。无潮热盗汗、五心烦热、舌红少苔等表现，缺乏依据。'}, {'pattern': '外感风寒', 'reason': '可能性无法评估。虽提及‘伤寒’相关文献，但患者无发热恶寒、头身疼痛、脉浮等表证表现，无法确认。'}], 'stage': 'diagnosis'}
2025-08-10 15:27:50,007 - nodes.g_diagnosis_node - INFO - 辨证分析完成，证型: 信息不足，无法确定具体证型, 置信度: 0.0
2025-08-10 15:27:50,008 - nodes.h_prescription_node - INFO - 开始生成处方推荐...
2025-08-10 15:28:07,949 - httpx - INFO - HTTP Request: POST https://dashscope.aliyuncs.com/compatible-mode/v1/chat/completions "HTTP/1.1 200 OK"
2025-08-10 15:28:07,958 - nodes.h_prescription_node - INFO - 整合最终响应...
2025-08-10 15:28:44,204 - httpx - INFO - HTTP Request: POST https://dashscope.aliyuncs.com/compatible-mode/v1/chat/completions "HTTP/1.1 200 OK"
2025-08-10 15:28:44,207 - nodes.h_prescription_node - INFO - 处方推荐和响应整合完成
2025-08-10 15:28:44,210 - nodes.j_response_safety_node - WARNING - 检测到2个高/中风险安全违规，替换响应为警告
2025-08-10 15:28:44,211 - nodes.k_output_node - INFO - 输出处理完成，返回最终状态
2025-08-10 15:28:44,212 - graph - INFO - 图执行完成
2025-08-10 15:28:44,345 - TCMGraphTest - INFO - 执行成功: True
2025-08-10 15:28:44,346 - TCMGraphTest - INFO - 用户意图: diagnosis
2025-08-10 15:28:44,346 - TCMGraphTest - INFO - 提取症状数: 3
2025-08-10 15:28:44,346 - TCMGraphTest - INFO - 对话状态: prescription_complete
2025-08-10 15:28:44,347 - TCMGraphTest - INFO - 响应长度: 221
2025-08-10 15:28:44,348 - TCMGraphTest - INFO - 响应时间: 96.85秒
2025-08-10 15:28:44,348 - TCMGraphTest - INFO - 诊断证型: 信息不足，无法确定具体证型
2025-08-10 15:28:44,349 - TCMGraphTest - INFO - 诊断置信度: 0.0
2025-08-10 15:28:44,349 - TCMGraphTest - INFO - 推荐方剂: 无法推荐具体方剂
2025-08-10 15:28:44,349 - TCMGraphTest - INFO - 草药数量: 0
2025-08-10 15:28:44,349 - TCMGraphTest - INFO - 紧急情况检测: False
2025-08-10 15:28:44,350 - TCMGraphTest - INFO - 安全评分: N/A
2025-08-10 15:28:44,350 - TCMGraphTest - INFO - 整体质量评分: 70.8/100
2025-08-10 15:28:44,350 - TCMGraphTest - INFO - ------------------------------------------------------------
2025-08-10 15:28:44,350 - TCMGraphTest - INFO - 执行测试 12/12
2025-08-10 15:28:44,350 - TCMGraphTest - INFO - 测试用例: 药物咨询
2025-08-10 15:28:44,350 - TCMGraphTest - INFO - 用户输入: 请问六味地黄丸的功效和适应症是什么？
2025-08-10 15:28:44,351 - graph - INFO - 开始处理用户输入: 请问六味地黄丸的功效和适应症是什么？
2025-08-10 15:28:44,351 - graph - INFO - 开始创建中医智能对话系统图...
2025-08-10 15:28:44,351 - nodes.c_rag_retrieval_node - INFO - 初始化RAG检索节点
2025-08-10 15:28:44,351 - RAG_system.embedding_model - INFO - 检测到GPU设备: NVIDIA GeForce RTX 4070 Laptop GPU, 共 1 个GPU
2025-08-10 15:28:44,352 - RAG_system.embedding_model - INFO - 嵌入模型管理器初始化成功，使用设备: cuda
2025-08-10 15:28:44,352 - RAG_system.retriever - INFO - 检索管理器初始化成功
2025-08-10 15:28:44,352 - RAG_system.embedding_model - INFO - 检测到GPU设备: NVIDIA GeForce RTX 4070 Laptop GPU, 共 1 个GPU
2025-08-10 15:28:44,352 - RAG_system.rag_manager - INFO - RAG管理器初始化成功，使用设备: cuda
2025-08-10 15:28:44,352 - RAG_system.rag_manager - INFO - 正在启动RAG管理器
2025-08-10 15:28:44,352 - RAG_system.rag_manager - INFO - 发现本地嵌入模型信息，正在加载
2025-08-10 15:28:44,353 - RAG_system.embedding_model - INFO - 正在加载嵌入模型: sentence-transformers/paraphrase-multilingual-MiniLM-L12-v2
2025-08-10 15:28:44,354 - RAG_system.embedding_model - INFO - 从本地加载嵌入模型: RAG_system/model\sentence-transformers_paraphrase-multilingual-MiniLM-L12-v2
2025-08-10 15:28:44,356 - sentence_transformers.SentenceTransformer - INFO - Load pretrained SentenceTransformer: RAG_system/model\sentence-transformers_paraphrase-multilingual-MiniLM-L12-v2
2025-08-10 15:28:44,356 - sentence_transformers.SentenceTransformer - WARNING - No sentence-transformers model found with name RAG_system/model\sentence-transformers_paraphrase-multilingual-MiniLM-L12-v2. Creating a new one with mean pooling.
2025-08-10 15:28:46,237 - RAG_system.embedding_model - INFO - 正在保存嵌入模型信息
2025-08-10 15:28:46,240 - RAG_system.embedding_model - INFO - 嵌入模型信息已保存到: RAG_system/model\model_info.json
2025-08-10 15:28:46,240 - RAG_system.embedding_model - INFO - 嵌入模型加载成功，使用设备: cuda
2025-08-10 15:28:46,241 - RAG_system.vector_store - INFO - 向量存储管理器初始化成功
2025-08-10 15:28:46,241 - RAG_system.rag_manager - INFO - 检查向量存储路径: RAG_system/RAG/vector_store\index.faiss
2025-08-10 15:28:46,241 - RAG_system.rag_manager - INFO - 发现本地向量存储，正在加载
2025-08-10 15:28:46,242 - RAG_system.vector_store - INFO - 正在从路径加载向量存储: vector_store
2025-08-10 15:28:48,739 - RAG_system.vector_store - INFO - 向量存储加载成功
2025-08-10 15:28:48,740 - RAG_system.retriever - INFO - 正在创建检索器
2025-08-10 15:28:48,740 - RAG_system.retriever - INFO - 检索器创建成功
2025-08-10 15:28:48,740 - RAG_system.rag_manager - INFO - RAG管理器启动成功
2025-08-10 15:28:48,741 - nodes.c_rag_retrieval_node - INFO - RAG检索节点初始化完成
2025-08-10 15:28:48,741 - graph - INFO - 添加所有节点...
2025-08-10 15:28:48,743 - graph - INFO - 配置节点间的路由逻辑...
2025-08-10 15:28:48,745 - graph - INFO - 编译图...
2025-08-10 15:28:48,746 - graph - INFO - 中医智能对话系统图创建完成
2025-08-10 15:28:48,746 - graph - INFO - 开始执行图...
2025-08-10 15:28:48,747 - nodes.a_input_node - INFO - 输入处理节点启动
2025-08-10 15:28:48,748 - nodes.a_input_node - INFO - 处理用户输入成功: '请问六味地黄丸的功效和适应症是什么？'
2025-08-10 15:28:48,748 - nodes.b_safety_guard_node - INFO - 安全检查节点启动
2025-08-10 15:28:48,749 - nodes.b_safety_guard_node - INFO - 安全检查通过，未检测到紧急关键词
2025-08-10 15:28:48,749 - nodes.c_rag_retrieval_node - INFO - RAG检索节点启动
2025-08-10 15:28:48,749 - nodes.c_rag_retrieval_node - INFO - 执行检索，查询：请问六味地黄丸的功效和适应症是什么？，k值：4
2025-08-10 15:28:48,750 - RAG_system.retriever - INFO - 正在执行检索操作，查询: 请问六味地黄丸的功效和适应症是什么？
2025-08-10 15:28:48,791 - RAG_system.retriever - INFO - 检索完成，返回 4 个结果
2025-08-10 15:28:48,791 - nodes.c_rag_retrieval_node - INFO - 成功提取上下文，共4个文档
2025-08-10 15:28:52,688 - httpx - INFO - HTTP Request: POST https://dashscope.aliyuncs.com/compatible-mode/v1/chat/completions "HTTP/1.1 200 OK"
2025-08-10 15:28:52,691 - nodes.d_recognize_intent_node - INFO - 意图识别结果: question (置信度: 0.9)
2025-08-10 15:28:52,692 - nodes.i_conversation_chain_node - INFO - 处理用户输入: 请问六味地黄丸的功效和适应症是什么？...
2025-08-10 15:28:52,692 - nodes.i_conversation_chain_node - INFO - 开始生成对话回复...
2025-08-10 15:29:12,820 - httpx - INFO - HTTP Request: POST https://dashscope.aliyuncs.com/compatible-mode/v1/chat/completions "HTTP/1.1 200 OK"
2025-08-10 15:29:12,823 - nodes.i_conversation_chain_node - INFO - 生成的回复: 六味地黄丸是中医经典方剂之一，源自宋代医家钱乙所著《小儿药证直诀》，原名为“地黄丸”，后世称为“六味地黄丸”。它由六味药材组成：熟地黄、山茱萸、山药、泽泻、牡丹皮、茯苓，具有“三补三泻”的配伍特点，即...
2025-08-10 15:29:12,824 - nodes.j_response_safety_node - INFO - 仅检测到低风险违规，添加免责声明
2025-08-10 15:29:12,825 - nodes.k_output_node - INFO - 输出处理完成，返回最终状态
2025-08-10 15:29:12,826 - graph - INFO - 图执行完成
2025-08-10 15:29:12,940 - TCMGraphTest - INFO - 执行成功: True
2025-08-10 15:29:12,941 - TCMGraphTest - INFO - 用户意图: question
2025-08-10 15:29:12,942 - TCMGraphTest - ERROR - 测试用例执行失败: object of type 'NoneType' has no len()
Traceback (most recent call last):
  File "F:\Files\比赛\挑战杯++\专项赛3\AI chatbot\V2\tests\graph_test.py", line 244, in run_test_case
    logger.info(f"提取症状数: {len(result.get('symptoms_list', []))}")
                               ^^^^^^^^^^^^^^^^^^^^^^^^^^^^^^^^^^^^
TypeError: object of type 'NoneType' has no len()
2025-08-10 15:29:12,942 - TCMGraphTest - INFO - ------------------------------------------------------------
2025-08-10 15:29:12,942 - TCMGraphTest - INFO - ============================================================
2025-08-10 15:29:12,943 - TCMGraphTest - INFO - 测试结果摘要
2025-08-10 15:29:12,944 - TCMGraphTest - INFO - ============================================================
2025-08-10 15:29:12,944 - TCMGraphTest - INFO - 总测试数: 12
2025-08-10 15:29:12,944 - TCMGraphTest - INFO - 成功测试数: 8
2025-08-10 15:29:12,945 - TCMGraphTest - INFO - 成功率: 66.67%
2025-08-10 15:29:12,945 - TCMGraphTest - INFO - 平均响应时间: 68.97秒
2025-08-10 15:29:12,945 - TCMGraphTest - INFO - 平均质量评分: 80.9/100
2025-08-10 15:29:12,945 - TCMGraphTest - INFO - 意图识别准确率: 100.00%
2025-08-10 15:29:12,946 - TCMGraphTest - INFO - 
分类测试结果:
2025-08-10 15:29:12,946 - TCMGraphTest - INFO -   complete_diagnosis: 1/1 (100.0%)
2025-08-10 15:29:12,946 - TCMGraphTest - INFO -   follow_up_needed: 1/1 (100.0%)
2025-08-10 15:29:12,946 - TCMGraphTest - INFO -   spleen_deficiency: 1/1 (100.0%)
2025-08-10 15:29:12,947 - TCMGraphTest - INFO -   liver_qi_stagnation: 1/1 (100.0%)
2025-08-10 15:29:12,947 - TCMGraphTest - INFO -   general_consultation: 0/1 (0.0%)
2025-08-10 15:29:12,947 - TCMGraphTest - INFO -   emergency: 0/1 (0.0%)
2025-08-10 15:29:12,947 - TCMGraphTest - INFO -   heart_kidney_disharmony: 1/1 (100.0%)
2025-08-10 15:29:12,947 - TCMGraphTest - INFO -   boundary_test: 0/1 (0.0%)
2025-08-10 15:29:12,948 - TCMGraphTest - INFO -   vague_symptoms: 1/1 (100.0%)
2025-08-10 15:29:12,948 - TCMGraphTest - INFO -   complex_symptoms: 1/1 (100.0%)
2025-08-10 15:29:12,948 - TCMGraphTest - INFO -   performance_test: 1/1 (100.0%)
2025-08-10 15:29:12,948 - TCMGraphTest - INFO -   medicine_consultation: 0/1 (0.0%)
2025-08-10 15:29:12,964 - TCMGraphTest - INFO - 
详细结果已保存到: tests/logs/tcm_graph_results_20250810_151525.json
2025-08-10 15:29:12,979 - TCMGraphTest - INFO - 测试报告已保存到: tests/logs/tcm_graph_report_20250810_151525.json
2025-08-10 15:29:12,980 - TCMGraphTest - INFO - 
============================================================
2025-08-10 15:29:12,980 - TCMGraphTest - INFO - 最终测试结果
2025-08-10 15:29:12,980 - TCMGraphTest - INFO - ============================================================
2025-08-10 15:29:12,987 - TCMGraphTest - INFO - 
失败的测试用例 (4):
2025-08-10 15:29:12,987 - TCMGraphTest - INFO -   1. 一般咨询 - 非诊断意图
2025-08-10 15:29:12,987 - TCMGraphTest - INFO -      错误: object of type 'NoneType' has no len()
2025-08-10 15:29:12,987 - TCMGraphTest - INFO -   2. 紧急情况 - 安全检查
2025-08-10 15:29:12,988 - TCMGraphTest - INFO -      错误: object of type 'NoneType' has no len()
2025-08-10 15:29:12,988 - TCMGraphTest - INFO -   3. 边界测试 - 空输入
2025-08-10 15:29:12,988 - TCMGraphTest - INFO -      错误: object of type 'NoneType' has no len()
2025-08-10 15:29:12,988 - TCMGraphTest - INFO -   4. 药物咨询
2025-08-10 15:29:12,988 - TCMGraphTest - INFO -      错误: object of type 'NoneType' has no len()
